"method","run","iteration","coverage","feasible","violation","best_cov_so_far","true_evals","x1","x2","x3","x4","x5","x6","x7","x8","x9","x10","x11","x12","x13","x14","x15","x16"
"GA",1,1,759950,1,0,759950,1,1,0,0,1,0,0,0,0,0,0,1,1,0,0,0,0
"GA",1,2,675362,0,1,NA,2,0,0,0,0,0,1,0,0,0,0,1,0,1,1,1,0
"GA",1,3,907814,0,4,NA,3,1,0,1,0,1,0,0,1,1,1,1,1,0,0,0,0
"GA",1,4,806112,0,2,NA,4,1,0,1,0,1,0,0,0,1,1,0,0,1,0,0,0
"GA",1,5,928222,0,3,NA,5,0,0,1,0,0,1,1,1,1,0,1,0,0,0,0,1
"GA",1,6,935911,0,5,NA,6,1,1,0,0,1,0,1,1,0,0,1,1,1,0,1,0
"GA",1,7,713381,1,0,NA,7,0,0,1,1,0,0,0,0,0,1,0,0,0,0,0,1
"GA",1,8,850570,0,3,NA,8,1,0,1,1,0,0,1,0,0,1,1,0,0,0,0,1
"GA",1,9,841991,0,3,NA,9,0,1,0,1,0,0,1,0,1,0,0,1,1,0,0,1
"GA",1,10,928193,0,6,NA,10,1,0,1,1,0,0,1,1,1,1,0,1,0,0,1,1
"GA",1,11,946147,0,5,NA,11,1,1,1,1,0,0,1,1,1,0,1,0,0,0,0,1
"GA",1,12,806112,0,5,NA,12,1,0,1,1,0,0,0,0,1,1,0,1,0,1,1,1
"GA",1,13,724255,0,2,NA,13,0,0,1,0,0,0,0,0,0,1,1,1,0,1,1,0
"GA",1,14,821374,0,4,NA,14,1,1,1,0,0,1,0,0,0,0,1,1,0,1,1,0
"GA",1,15,928193,0,6,NA,15,0,1,1,1,1,0,1,1,1,1,0,0,1,0,0,1
"GA",1,16,843102,0,4,NA,16,1,1,1,1,1,0,0,1,0,0,0,0,1,1,0,0
"GA",1,17,807255,0,1,NA,17,0,0,1,1,0,0,1,0,0,1,0,1,0,0,0,0
"GA",1,18,845360,0,4,NA,18,0,0,0,1,1,0,0,1,0,0,1,1,1,0,1,1
"GA",1,19,856628,0,4,NA,19,1,0,1,0,1,0,1,0,0,0,1,0,1,1,1,0
"GA",1,20,580579,0,2,NA,20,1,0,1,0,0,0,0,0,0,0,0,1,1,1,1,0
"GA",1,21,926185,0,5,NA,21,0,1,0,0,0,1,0,1,1,1,1,0,0,1,1,1
"GA",1,22,912905,0,4,NA,22,0,0,0,1,1,1,0,1,1,0,1,1,0,0,1,0
"GA",1,23,824325,0,4,NA,23,0,0,0,0,0,0,1,1,0,1,1,0,1,1,1,1
"GA",1,24,806112,0,4,NA,24,1,1,1,0,0,0,0,0,1,0,0,1,1,1,1,0
"GA",1,25,873655,0,5,NA,25,0,1,1,0,1,0,0,1,0,0,1,1,1,0,1,1
"GA",1,26,753983,0,2,NA,26,1,1,1,0,0,0,0,0,0,0,1,0,1,1,0,0
"GA",1,27,941053,0,5,NA,27,1,0,0,1,0,1,1,1,0,1,1,1,0,1,0,0
"GA",1,28,889775,0,4,NA,28,1,1,1,0,0,1,0,1,1,0,0,0,0,1,1,0
"GA",1,29,928193,0,6,NA,29,1,1,0,1,0,0,1,1,1,0,0,0,1,1,1,1
"GA",1,30,823841,0,2,NA,30,1,1,0,1,1,0,1,0,0,0,0,0,1,0,0,0
"GA",1,31,762184,0,2,NA,31,0,1,1,1,0,0,0,0,0,0,1,0,0,1,0,1
"GA",1,32,808641,0,2,NA,32,0,0,0,1,0,0,1,1,0,0,0,0,1,1,0,1
"GA",1,33,907814,0,4,NA,33,0,0,1,1,0,0,0,1,1,1,1,1,1,0,0,0
"GA",1,34,806112,0,3,NA,34,1,0,0,0,1,0,0,0,1,1,0,0,1,1,0,1
"GA",1,35,836069,0,5,NA,35,0,1,1,0,0,1,1,1,0,0,0,1,1,1,0,1
"GA",1,36,815725,0,3,NA,36,1,1,1,0,1,1,0,0,0,1,0,0,0,1,0,0
"GA",1,37,929853,0,6,NA,37,1,1,0,1,0,0,1,1,0,1,1,1,0,0,1,1
"GA",1,38,528417,1,0,NA,38,0,1,0,0,1,0,1,0,1,0,0,0,0,0,0,0
"GA",1,39,796707,0,2,NA,39,0,1,0,0,1,0,0,0,1,1,1,0,0,0,1,0
"GA",1,40,824066,0,5,NA,40,1,0,1,0,1,0,0,0,1,0,1,1,0,1,1,1
"GA",1,41,856628,0,6,NA,41,1,1,1,1,1,0,1,0,0,0,1,0,1,1,1,0
"GA",1,42,898584,0,9,NA,42,1,1,1,1,0,1,1,1,0,1,0,1,1,1,1,1
"GA",1,43,796184,0,1,NA,43,1,1,1,0,0,0,0,0,1,0,0,1,0,0,0,0
"GA",1,44,907592,0,3,NA,44,1,0,0,0,1,0,1,1,0,0,0,0,1,1,0,1
"GA",1,45,826075,0,6,NA,45,1,1,1,0,1,0,1,0,0,1,0,1,0,1,1,1
"GA",1,46,887196,0,6,NA,46,0,1,0,1,0,1,1,0,1,0,0,1,1,1,1,1
"GA",1,47,815769,0,3,NA,47,0,0,0,1,1,0,1,0,0,0,1,0,1,0,1,1
"GA",1,48,384158,1,0,NA,48,1,0,0,0,0,1,1,1,0,0,0,0,0,0,0,0
"GA",1,49,855064,0,3,NA,49,1,1,0,1,1,1,0,0,0,0,1,0,1,0,0,0
"GA",1,50,876442,0,6,NA,50,0,1,0,1,1,1,0,0,1,1,1,0,0,1,1,1
"GA",1,51,715186,0,4,NA,51,0,1,1,1,0,0,0,0,0,1,0,1,0,1,1,1
"GA",1,52,824066,0,5,NA,52,1,0,1,1,0,0,0,0,1,0,1,1,0,1,1,1
"GA",1,53,898926,0,3,NA,53,0,1,0,0,1,0,1,1,1,0,1,0,0,0,0,1
"GA",1,54,938145,0,5,NA,54,1,1,1,0,1,0,1,1,0,0,1,0,0,1,0,1
"GA",1,55,762184,0,1,NA,55,0,1,1,1,0,0,0,0,0,0,1,0,0,0,0,1
"GA",1,56,759950,0,2,NA,56,1,0,0,1,0,0,0,0,0,0,1,1,1,0,1,0
"GA",1,57,796741,0,2,NA,57,0,1,0,0,1,0,1,0,1,0,0,0,0,1,1,0
"GA",1,58,857298,0,6,NA,58,0,1,1,1,1,1,0,0,0,1,1,0,0,1,1,1
"GA",1,59,946147,0,4,NA,59,0,1,1,1,0,0,1,1,1,0,1,0,0,0,0,1
"GA",1,60,704166,1,0,NA,60,1,0,0,1,0,0,0,0,0,1,0,0,0,1,0,0
"GA",1,61,824511,0,4,NA,61,1,1,0,1,1,1,0,0,0,1,0,0,1,0,0,1
"GA",1,62,845360,0,4,NA,62,0,0,0,1,1,0,0,1,0,0,1,1,1,0,1,1
"GA",1,63,806444,0,1,NA,63,0,0,0,0,0,0,1,1,0,1,1,0,0,1,0,0
"GA",1,64,753983,0,4,NA,64,1,1,1,0,0,0,0,0,0,0,1,0,1,1,1,1
"GA",1,65,895568,0,4,NA,65,1,1,1,1,0,0,1,1,1,0,0,0,0,0,0,1
"GA",1,66,742124,0,1,NA,66,0,1,0,1,0,0,0,0,0,0,1,0,0,1,0,1
"GA",1,67,759950,1,0,NA,67,1,0,0,1,0,0,0,0,0,0,1,0,1,0,0,0
"GA",1,68,856628,0,3,NA,68,1,0,1,0,1,0,1,0,0,1,1,0,0,0,0,1
"GA",1,69,847594,0,4,NA,69,0,0,0,1,1,0,0,1,0,0,1,1,0,1,1,1
"GA",1,70,764765,0,2,NA,70,1,1,1,0,0,1,0,1,1,0,0,0,0,0,0,0
"GA",1,71,725892,0,2,NA,71,0,0,0,0,0,1,0,0,0,1,1,1,0,1,1,0
"GA",1,72,780411,0,2,NA,72,0,0,1,0,0,1,0,0,0,0,1,0,1,1,1,0
"GA",1,73,855064,0,3,NA,73,1,1,0,1,1,1,0,0,0,0,1,1,0,0,0,0
"GA",1,74,891457,0,7,NA,74,1,1,0,1,1,1,0,0,1,1,1,0,0,1,1,1
"GA",1,75,808641,0,2,NA,75,0,0,0,1,0,0,1,1,0,0,0,0,1,1,0,1
"GA",1,76,907592,0,3,NA,76,0,0,1,1,1,0,1,1,0,0,0,0,1,1,0,0
"GA",1,77,836069,0,5,NA,77,0,1,1,0,0,1,1,1,0,0,0,1,1,1,0,1
"GA",1,78,824066,0,3,NA,78,1,0,1,0,1,0,0,0,1,1,1,0,0,0,1,0
"GA",1,79,826745,0,6,NA,79,1,1,1,0,1,1,0,0,0,1,0,0,1,1,1,1
"GA",1,80,846676,0,5,NA,80,1,1,1,1,0,0,1,0,1,0,0,1,1,0,0,1
"GA",1,81,762184,0,1,NA,81,0,0,1,1,0,0,0,0,0,1,1,0,0,0,0,1
"GA",1,82,941200,0,6,NA,82,1,0,1,1,1,1,0,1,1,0,1,1,0,0,1,0
"GA",1,83,806112,0,4,NA,83,0,0,1,1,0,0,0,0,1,1,0,1,0,1,1,1
"GA",1,84,857298,0,3,NA,84,1,1,1,0,1,1,0,0,0,0,1,1,0,0,0,0
"GA",1,85,874208,0,6,NA,85,0,1,0,1,1,1,0,0,1,1,1,0,1,0,1,1
"GA",1,86,826075,0,5,NA,86,1,1,1,0,1,0,1,0,0,1,0,1,0,1,0,1
"GA",1,87,688195,0,2,NA,87,1,1,1,1,0,0,1,0,1,0,0,0,0,0,0,0
"GA",1,88,537646,1,0,NA,88,1,0,1,0,0,0,0,0,0,0,0,1,0,0,0,0
"GA",1,89,606467,0,1,NA,89,0,1,0,0,0,0,0,0,0,0,0,1,1,1,1,0
"GA",1,90,808641,0,2,NA,90,0,0,0,1,0,0,1,1,0,0,0,0,1,1,0,1
"GA",1,91,946147,0,5,NA,91,0,1,1,1,1,0,1,1,1,0,1,0,1,0,0,0
"GA",1,92,928222,0,3,NA,92,0,0,1,0,0,1,1,1,1,0,1,0,0,0,0,1
"GA",1,93,748866,0,2,NA,93,0,0,0,0,1,0,1,0,0,0,1,0,1,1,1,0
"GA",1,94,907814,0,4,NA,94,1,0,0,0,0,0,0,1,1,1,1,1,1,1,0,0
"GA",1,95,848336,0,1,NA,95,1,0,0,1,0,0,1,0,0,0,1,1,0,0,0,0
"GA",1,96,832063,0,1,NA,96,0,1,0,0,1,0,1,0,1,0,0,1,0,0,0,0
"GA",1,97,713381,1,0,NA,97,0,0,1,1,0,0,0,0,0,1,0,0,0,0,0,1
"GA",1,98,807515,0,4,NA,98,1,0,0,0,0,0,0,1,0,0,1,1,1,1,1,1
"GA",1,99,857298,0,4,NA,99,1,1,1,0,1,1,0,0,0,1,1,0,0,0,0,1
"GA",1,100,574979,1,0,NA,100,1,0,0,1,0,0,0,0,0,0,1,0,0,0,0,0
"GA",1,101,824066,0,4,NA,101,1,0,1,1,0,0,0,0,1,0,1,1,1,0,1,0
"GA",1,102,762184,1,0,NA,102,0,0,1,1,0,0,0,0,0,0,1,1,0,0,0,0
"GA",1,103,780411,0,3,NA,103,0,0,1,0,0,1,0,0,0,0,1,0,1,1,1,1
"GA",1,104,805659,0,2,NA,104,0,0,0,1,1,0,1,0,0,1,1,0,0,0,0,1
"GA",1,105,756903,0,2,NA,105,0,1,0,0,1,0,0,0,0,0,0,1,1,1,1,0
"GA",1,106,762184,0,3,NA,106,1,0,0,1,0,0,0,0,0,0,1,1,0,1,1,1
"GA",1,107,946147,0,4,NA,107,0,1,1,1,0,0,1,1,1,0,1,0,0,0,1,0
"GA",1,108,873655,0,5,NA,108,1,0,1,0,1,0,0,1,0,0,1,1,1,0,1,1
"GA",1,109,748866,0,2,NA,109,0,0,0,0,1,0,1,0,0,0,1,0,1,1,1,0
"GA",1,110,928222,0,6,NA,110,0,0,1,0,0,1,1,1,1,0,1,1,0,1,1,1
"GA",1,111,802824,0,1,NA,111,0,0,0,1,1,0,0,1,0,0,1,0,0,0,0,1
"GA",1,112,528417,1,0,NA,112,0,1,0,0,1,0,1,0,1,0,0,0,0,0,0,0
"GA",1,113,713381,1,0,NA,113,0,0,1,1,0,0,0,0,0,1,0,0,0,0,0,1
"GA",1,114,713381,0,1,NA,114,1,0,1,1,0,0,0,0,0,1,0,0,0,0,0,1
"GA",1,115,713020,1,0,NA,115,0,0,1,0,0,0,0,0,0,0,1,1,0,0,0,0
"GA",1,116,805266,0,3,NA,116,0,0,1,1,0,0,0,0,1,1,0,1,0,1,1,0
"GA",1,117,762184,0,3,NA,117,1,0,0,1,0,0,0,0,0,0,1,1,0,1,1,1
"GA",1,118,863799,0,4,NA,118,0,0,0,1,1,0,0,1,1,1,0,1,1,1,0,0
"GA",1,119,893462,0,3,NA,119,0,0,0,1,0,0,1,1,0,0,1,0,1,1,0,1
"GA",1,120,941200,0,6,NA,120,1,0,1,1,1,1,0,1,1,0,1,1,0,0,0,1
"GA",1,121,829575,0,3,NA,121,1,0,0,1,0,1,0,0,0,0,1,0,1,1,1,0
"GA",1,122,714340,0,1,NA,122,0,1,1,1,0,0,0,0,0,1,0,1,0,0,0,0
"GA",1,123,857298,0,4,NA,123,1,1,1,0,1,1,0,0,0,0,1,1,0,0,0,1
"GA",1,124,907592,0,3,NA,124,0,0,1,1,1,0,1,1,0,0,0,0,1,1,0,0
"GA",1,125,537646,1,0,NA,125,1,0,1,0,0,0,0,0,0,0,0,1,0,0,1,0
"GA",1,126,941200,0,5,NA,126,1,0,1,1,1,1,0,1,1,0,1,1,0,0,0,0
"GA",1,127,747265,0,2,NA,127,1,0,1,0,1,0,1,0,0,1,1,0,0,0,0,0
"GA",1,128,826745,0,5,NA,128,0,1,1,0,1,1,0,0,0,1,0,0,1,1,1,1
"GA",1,129,857298,0,5,NA,129,0,1,1,0,1,1,0,0,0,0,1,1,0,1,1,1
"GA",1,130,762184,0,3,NA,130,0,1,1,1,0,0,0,0,0,0,1,0,1,1,0,1
"GA",1,131,889860,0,4,NA,131,1,0,0,1,0,0,0,1,1,1,0,1,1,1,0,0
"GA",1,132,863799,0,5,NA,132,0,0,0,1,1,0,0,1,1,1,0,1,1,1,1,0
"GA",1,133,852613,0,1,NA,133,0,1,0,0,1,1,0,0,0,0,1,1,0,0,0,0
"GA",1,134,662412,1,0,NA,134,0,0,0,1,0,0,0,0,0,1,0,0,0,0,0,1
"GA",1,135,715186,0,3,NA,135,1,0,0,1,0,0,0,0,0,1,0,0,1,1,1,1
"GA",1,136,814560,0,3,NA,136,0,1,0,1,0,1,0,0,0,0,1,0,1,1,1,0
"GA",1,137,714340,0,1,NA,137,0,1,1,1,0,0,0,0,0,1,0,1,0,0,0,0
"GA",1,138,746237,0,1,NA,138,0,0,0,1,1,0,0,0,0,0,1,0,0,1,0,1
"GA",1,139,712106,1,0,NA,139,1,0,0,1,0,0,0,0,0,1,0,1,0,0,0,0
"GA",1,140,824940,0,3,NA,140,1,1,1,0,1,1,0,0,0,1,0,0,0,0,0,1
"GA",1,141,780411,0,1,NA,141,0,0,1,0,0,1,0,0,0,0,1,0,1,1,0,0
"GA",1,142,759950,1,0,NA,142,1,0,0,1,0,0,0,0,0,0,1,1,0,0,0,0
"GA",1,143,860477,0,1,NA,143,0,0,0,1,0,0,1,1,0,1,0,1,0,0,0,0
"GA",1,144,856628,0,3,NA,144,0,0,1,1,1,0,1,0,0,1,1,0,0,0,0,1
"GA",1,145,925742,0,6,NA,145,0,1,0,1,1,0,1,1,1,1,0,1,1,1,0,0
"GA",1,146,767889,1,0,NA,146,0,0,0,1,1,0,0,0,1,0,0,1,0,0,0,0
"GA",1,147,845360,0,4,NA,147,0,0,0,1,1,0,0,1,0,0,1,1,1,0,1,1
"GA",1,148,713020,0,1,NA,148,0,0,1,0,0,0,0,0,0,0,1,1,0,0,1,1
"GA",1,149,757139,0,1,NA,149,1,0,0,1,0,0,0,0,0,0,1,0,0,1,0,1
"GA",1,150,762184,0,4,NA,150,0,1,1,1,0,0,0,0,0,0,1,1,0,1,1,1
"GA",1,151,850570,0,3,NA,151,1,0,0,1,0,0,1,0,0,0,1,0,1,1,1,0
"GA",1,152,706580,1,0,NA,152,0,0,0,1,1,0,0,0,0,1,0,0,0,0,0,1
"GA",1,153,700778,0,2,NA,153,0,0,0,0,1,0,0,0,0,0,1,1,0,1,1,1
"GA",1,154,762184,0,1,NA,154,0,0,1,1,0,0,0,0,0,0,1,1,0,0,0,1
"GA",1,155,846676,0,5,NA,155,1,1,1,1,0,0,1,0,1,0,0,1,1,0,0,1
"GA",1,156,790328,0,1,NA,156,0,0,0,1,1,0,0,1,0,1,0,0,0,0,0,1
"GA",1,157,748866,0,1,NA,157,0,0,0,0,1,0,1,0,0,0,1,0,1,1,0,0
"GA",1,158,806112,0,3,NA,158,0,0,1,1,0,0,0,0,1,1,0,1,1,1,0,0
"GA",1,159,828333,0,1,NA,159,0,0,0,1,1,0,1,0,0,0,1,1,0,0,0,0
"GA",1,160,832909,0,2,NA,160,0,1,0,0,1,0,1,0,1,0,0,1,0,0,0,1
"GA",1,161,808641,0,1,NA,161,0,0,0,1,0,0,1,1,0,0,0,0,1,1,0,0
"GA",1,162,841247,0,4,NA,162,0,1,0,1,0,0,0,1,0,0,1,1,1,0,1,1
"GA",1,163,845932,0,4,NA,163,0,0,1,1,0,0,0,1,0,0,1,1,1,0,1,1
"GA",1,164,695566,0,2,NA,164,1,1,1,0,1,0,1,0,1,0,0,0,0,0,0,0
"GA",1,165,767889,1,0,NA,165,0,0,0,1,1,0,0,0,1,0,0,1,0,0,0,0
"GA",1,166,565985,1,0,NA,166,0,1,1,0,0,0,0,0,0,0,0,1,0,0,0,0
"GA",1,167,528417,1,0,NA,167,0,1,0,0,1,0,1,0,1,0,0,0,0,0,0,0
"GA",1,168,762184,1,0,NA,168,0,0,1,1,0,0,0,0,0,0,1,1,0,0,0,0
"GA",1,169,762184,0,2,NA,169,0,1,1,1,0,0,0,0,0,0,1,0,1,1,0,0
"GA",1,170,818003,0,3,NA,170,0,0,0,1,1,0,1,0,0,0,1,0,1,1,1,0
"GA",1,171,762184,0,3,NA,171,0,0,1,1,0,0,0,0,0,0,1,1,1,0,1,1
"GA",1,172,857298,0,2,NA,172,0,1,1,0,1,1,0,0,0,0,1,1,0,0,0,0
"GA",1,173,762184,0,2,NA,173,0,0,1,1,0,0,0,0,0,0,1,1,1,0,0,1
"GA",1,174,873655,0,2,NA,174,1,0,1,0,1,0,0,1,0,0,1,1,0,0,0,0
"GA",1,175,791646,0,3,NA,175,0,0,1,0,0,1,0,0,0,1,1,0,1,1,0,1
"GA",1,176,762184,0,4,NA,176,0,1,1,1,0,0,0,0,0,0,1,1,0,1,1,1
"GA",1,177,835555,0,3,NA,177,0,1,0,1,0,0,1,0,0,0,1,0,1,1,1,0
"GA",1,178,832909,0,2,NA,178,0,1,0,0,1,0,1,0,1,0,0,1,0,0,0,1
"GA",1,179,785441,0,3,NA,179,0,0,0,1,1,0,0,0,1,0,1,0,1,1,0,1
"GA",1,180,768735,0,1,NA,180,0,0,0,1,1,0,0,0,1,0,0,1,0,0,0,1
"GA",1,181,837594,0,3,NA,181,1,0,1,0,1,0,1,0,1,0,0,1,0,0,0,1
"GA",1,182,873655,0,4,NA,182,1,0,1,0,1,0,0,1,0,0,1,1,0,0,1,1
"GA",1,183,762184,0,3,NA,183,1,0,0,1,0,0,0,0,0,0,1,0,1,1,1,1
"GA",1,184,832063,0,1,NA,184,0,1,0,0,1,0,1,0,1,0,0,1,0,0,0,0
"GA",1,185,857298,0,3,NA,185,0,1,1,0,1,1,0,0,0,0,1,1,0,0,0,1
"GA",1,186,762184,0,3,NA,186,0,0,1,1,0,0,0,0,0,0,1,1,0,1,1,1
"GA",1,187,946147,0,5,NA,187,1,1,1,1,0,0,1,1,1,0,1,0,0,0,1,0
"GA",1,188,832063,0,1,NA,188,0,1,0,0,1,0,1,0,1,0,0,1,0,0,0,0
"GA",1,189,713020,0,2,NA,189,0,0,1,0,0,0,0,0,0,0,1,1,1,0,1,1
"GA",1,190,762184,0,2,NA,190,0,1,1,1,0,0,0,0,0,0,1,0,1,1,0,0
"GA",1,191,824940,0,2,NA,191,0,1,1,0,1,1,0,0,0,1,0,0,0,0,0,1
"GA",1,192,824940,0,3,NA,192,1,1,1,0,1,1,0,0,0,1,0,0,0,0,0,1
"GA",1,193,809515,0,2,NA,193,0,1,0,1,0,1,0,0,0,0,1,0,0,1,1,0
"GA",1,194,824890,0,1,NA,194,0,1,0,1,0,1,0,0,0,0,1,1,0,0,0,0
"GA",1,195,733889,0,1,NA,195,0,0,0,1,0,0,0,0,0,1,1,1,0,0,0,1
"GA",1,196,762184,0,2,NA,196,0,1,1,1,0,0,0,0,0,0,1,0,1,1,0,0
"GA",1,197,742124,0,1,NA,197,0,1,0,1,0,0,0,0,0,0,1,0,0,1,0,1
"GA",1,198,827341,0,1,NA,198,1,0,0,1,0,1,0,0,0,0,1,1,0,0,0,0
"GA",1,199,762184,0,3,NA,199,0,0,1,1,0,0,0,0,0,0,1,1,0,1,1,1
"GA",1,200,762184,0,1,NA,200,0,0,1,1,0,0,0,0,0,0,1,1,1,0,0,0
"GA",1,201,751282,0,1,NA,201,0,0,0,1,1,0,0,0,0,0,1,0,1,1,0,0
"GA",1,202,857298,0,5,NA,202,1,1,1,0,1,1,0,0,0,1,1,0,0,0,1,1
"GA",1,203,783207,0,2,NA,203,0,0,0,1,1,0,0,0,1,0,1,0,1,0,0,1
"GA",1,204,762184,1,0,NA,204,0,0,1,1,0,0,0,0,0,0,1,1,0,0,0,0
"GA",1,205,762184,0,2,NA,205,1,0,0,1,0,0,0,0,0,0,1,0,1,1,0,1
"GA",1,206,709655,1,0,NA,206,0,1,0,1,0,0,0,0,0,1,0,1,0,0,0,0
"GA",1,207,700861,0,1,NA,207,1,0,1,0,1,1,0,0,0,1,0,0,0,0,0,0
"GA",1,208,814560,0,3,NA,208,0,1,0,1,0,1,0,0,0,0,1,0,1,1,1,0
"GA",1,209,762184,0,3,NA,209,0,1,1,1,0,0,0,0,0,0,1,0,1,1,1,0
"GA",1,210,851943,0,1,NA,210,0,1,0,0,1,0,1,0,0,0,1,1,0,0,0,0
"GA",1,211,762184,0,2,NA,211,0,1,1,1,0,0,0,0,0,0,1,0,0,1,0,1
"GA",1,212,857298,0,3,NA,212,0,1,1,0,1,1,0,0,0,0,1,0,0,1,1,0
"GA",1,213,824940,0,2,NA,213,0,1,1,0,1,1,0,0,0,1,0,0,0,0,0,1
"GA",1,214,824940,0,4,NA,214,1,1,1,0,1,1,0,0,0,1,0,0,0,1,0,1
"GA",1,215,770512,1,0,NA,215,0,0,1,0,1,0,0,0,0,0,1,1,0,0,0,0
"GA",1,216,824890,0,1,NA,216,0,1,0,1,0,1,0,0,0,0,1,1,0,0,0,0
"GA",1,217,762184,1,0,NA,217,0,0,1,1,0,0,0,0,0,0,1,1,0,0,0,0
"GA",1,218,762184,1,0,NA,218,0,0,1,1,0,0,0,0,0,0,1,1,0,0,0,0
"GA",1,219,826745,0,4,NA,219,1,1,1,0,1,1,0,0,0,1,0,1,0,0,0,1
"GA",1,220,762184,1,0,NA,220,0,0,1,1,0,0,0,0,0,0,1,1,0,0,0,0
"GA",1,221,808453,0,2,NA,221,0,0,0,1,1,0,1,0,1,0,0,1,0,0,1,0
"GA",1,222,770426,0,1,NA,222,0,1,0,0,1,0,1,0,1,0,0,0,0,0,0,1
"GA",1,223,770426,0,1,NA,223,0,1,0,0,1,0,1,0,1,0,0,0,0,0,0,1
"GA",1,224,824940,0,2,NA,224,0,1,1,0,1,1,0,0,0,1,0,0,0,0,0,1
"GA",1,225,762184,0,1,NA,225,0,0,1,1,0,0,0,0,0,0,1,1,0,0,0,1
"GA",1,226,715186,0,2,NA,226,0,1,1,1,0,0,0,0,0,1,0,1,0,0,0,1
"GA",1,227,565985,1,0,NA,227,0,1,1,0,0,0,0,0,0,0,0,1,0,0,0,0
"GA",1,228,857298,0,2,NA,228,0,1,1,0,1,1,0,0,0,0,1,1,0,0,0,0
"GA",1,229,852613,0,3,NA,229,0,1,0,0,1,1,0,0,0,0,1,1,0,0,1,1
"GA",1,230,814051,0,2,NA,230,0,1,1,1,0,0,1,0,1,0,0,0,0,0,0,1
"GA",1,231,845885,0,1,NA,231,0,1,0,1,0,0,1,0,0,0,1,1,0,0,0,0
"GA",1,232,824940,0,2,NA,232,1,0,1,0,1,1,0,0,0,1,0,0,0,0,0,1
"GA",1,233,749298,0,1,NA,233,0,1,0,0,0,0,0,0,0,1,1,1,0,0,0,1
"GA",1,234,857298,0,2,NA,234,0,0,1,1,1,1,0,0,0,0,1,1,0,0,0,0
"GA",1,235,857298,0,2,NA,235,0,1,1,0,1,1,0,0,0,0,1,1,0,0,0,0
"GA",1,236,652821,1,0,NA,236,0,0,1,1,0,0,0,0,0,0,1,0,0,0,0,0
"GA",1,237,807350,0,2,NA,237,0,0,1,0,1,1,0,0,0,1,0,1,0,0,0,1
"GA",1,238,851943,0,1,NA,238,0,1,0,0,1,0,1,0,0,0,1,1,0,0,0,0
"GA",1,239,565985,1,0,NA,239,0,1,1,0,0,0,0,0,0,0,0,1,0,0,0,0
"GA",1,240,762184,0,2,NA,240,1,1,1,1,0,0,0,0,0,0,1,1,0,0,0,0
"GA",1,241,700861,0,1,NA,241,0,1,1,0,1,1,0,0,0,1,0,0,0,0,0,0
"GA",1,242,762184,0,1,NA,242,0,0,1,1,0,0,0,0,0,0,1,0,0,1,0,1
"GA",1,243,762184,0,2,NA,243,1,0,0,1,0,0,0,0,0,0,1,0,1,1,0,1
"GA",1,244,825899,0,3,NA,244,1,1,1,0,1,1,0,0,0,1,0,1,0,0,0,0
"GA",1,245,826745,0,4,NA,245,0,1,1,0,1,1,0,0,0,1,0,1,1,0,0,1
"GA",1,246,768735,0,1,NA,246,0,0,0,1,1,0,0,0,1,0,0,1,0,0,0,1
"GA",1,247,762184,1,0,NA,247,0,0,1,1,0,0,0,0,0,0,1,1,0,0,0,0
"GA",1,248,859945,0,4,NA,248,0,1,0,0,1,0,1,0,1,0,1,1,1,0,0,1
"GA",1,249,762184,0,4,NA,249,0,1,1,1,0,0,0,0,0,0,1,1,0,1,1,1
"GA",1,250,770426,0,1,NA,250,0,1,0,0,1,0,1,0,1,0,0,0,0,0,0,1
"GA",1,251,774892,0,2,NA,251,0,1,0,0,1,0,0,0,0,0,1,0,1,1,1,0
"GA",1,252,762184,0,2,NA,252,0,0,1,1,0,0,0,0,0,0,1,0,1,1,1,0
"GA",1,253,826745,0,3,NA,253,0,0,1,1,1,1,0,0,0,1,0,1,0,0,0,1
"GA",1,254,762184,0,1,NA,254,0,1,1,1,0,0,0,0,0,0,1,1,0,0,0,0
"GA",1,255,762184,0,1,NA,255,0,0,1,1,0,0,0,0,0,0,1,1,1,0,0,0
"GA",1,256,753983,0,1,NA,256,1,1,1,0,0,0,0,0,0,0,1,1,0,0,0,0
"GA",1,257,668424,1,0,NA,257,0,0,1,1,0,0,0,0,0,0,0,0,1,1,0,0
"GA",1,258,857298,0,3,NA,258,1,1,1,0,1,1,0,0,0,0,1,1,0,0,0,0
"GA",1,259,767889,1,0,NA,259,0,0,0,1,0,0,0,0,1,0,0,1,0,0,0,0
"GA",1,260,783207,0,1,NA,260,0,0,0,1,1,0,0,0,1,0,1,0,1,0,0,0
"GA",1,261,762184,1,0,NA,261,0,0,1,1,0,0,0,0,0,0,1,0,0,0,0,1
"GA",1,262,826745,0,4,NA,262,1,1,1,0,1,1,0,0,0,1,0,1,0,0,0,1
"GA",1,263,814560,0,3,NA,263,0,1,0,1,0,1,0,0,0,0,1,0,1,1,1,0
"GA",1,264,829003,0,3,NA,264,0,0,0,1,1,1,0,0,0,0,1,1,0,0,1,1
"GA",1,265,713381,0,1,NA,265,0,0,1,1,0,0,0,0,0,1,0,0,0,1,0,1
"GA",1,266,634390,1,0,NA,266,0,0,1,1,0,0,0,0,0,0,0,1,0,0,0,1
"GA",1,267,914426,0,3,NA,267,0,1,0,0,1,0,1,1,1,0,0,1,0,0,0,1
"GA",1,268,903792,0,1,NA,268,0,0,0,1,0,0,1,1,0,0,1,1,0,0,0,0
"GA",1,269,829269,0,2,NA,269,0,1,0,0,1,0,1,0,0,1,1,0,0,0,0,1
"GA",1,270,762184,1,0,NA,270,0,0,1,1,0,0,0,0,0,0,1,1,0,0,0,0
"GA",1,271,826745,0,5,NA,271,1,1,1,0,1,1,0,0,0,1,0,1,1,1,0,0
"GA",1,272,893462,0,3,NA,272,0,0,0,1,0,0,1,1,0,0,1,0,1,1,1,0
"GA",1,273,762184,0,2,NA,273,0,0,1,1,0,0,0,0,0,0,1,0,1,1,1,0
"GA",1,274,864630,0,4,NA,274,0,1,1,1,0,0,1,0,1,0,1,0,1,1,0,0
"GA",1,275,811060,0,1,NA,275,0,1,0,0,1,0,1,0,0,0,0,0,1,1,0,0
"GA",1,276,762184,0,2,NA,276,0,0,1,1,0,0,0,0,0,1,1,1,0,0,0,1
"GA",1,277,857298,0,3,NA,277,1,1,1,0,1,1,0,0,0,0,1,1,0,0,0,0
"GA",1,278,824890,0,1,NA,278,0,1,0,1,0,1,0,0,0,0,1,1,0,0,0,0
"GA",1,279,700861,0,1,NA,279,1,0,1,0,1,1,0,0,0,1,0,0,0,0,0,0
"GA",1,280,462023,1,0,NA,280,0,0,1,1,0,0,0,0,0,0,0,0,0,0,0,0
"GA",1,281,857298,0,3,NA,281,1,1,1,0,1,1,0,0,0,0,1,1,0,0,0,0
"GA",1,282,849651,0,3,NA,282,0,0,1,0,1,1,1,0,0,1,0,1,0,0,0,1
"GA",1,283,762184,0,1,NA,283,0,0,1,1,0,0,0,0,0,0,1,1,0,0,0,1
"GA",1,284,762184,1,0,NA,284,0,0,1,1,0,0,0,0,0,0,1,1,0,0,0,0
"GA",1,285,762184,0,1,NA,285,0,0,1,1,0,0,0,0,0,0,1,0,1,1,0,0
"GA",1,286,762184,1,0,NA,286,0,0,1,1,0,0,0,0,0,0,1,1,0,0,0,0
"GA",1,287,762184,1,0,NA,287,0,0,1,1,0,0,0,0,0,0,1,1,0,0,0,0
"GA",1,288,762184,1,0,NA,288,0,0,1,1,0,0,0,0,0,0,1,1,0,0,0,0
"GA",1,289,587879,1,0,NA,289,0,1,1,1,0,0,0,0,0,0,0,0,0,0,0,1
"GA",1,290,762184,0,2,NA,290,0,1,1,1,0,0,0,0,0,0,1,1,0,0,0,1
"GA",1,291,857298,0,4,NA,291,1,1,1,1,1,1,0,0,0,0,1,1,0,0,0,0
"GA",1,292,619154,1,0,NA,292,0,1,0,0,0,1,0,0,0,0,1,0,0,0,0,0
"GA",1,293,668424,0,1,NA,293,0,0,1,1,0,0,0,0,0,0,0,0,1,1,1,0
"GA",1,294,587879,1,0,NA,294,0,1,1,1,0,0,0,0,0,0,0,0,0,0,0,1
"GA",1,295,837903,0,1,NA,295,0,0,1,0,1,1,0,0,0,0,1,1,0,0,0,0
"GA",1,296,652821,1,0,NA,296,0,0,1,1,0,0,0,0,0,0,1,0,0,0,0,0
"GA",1,297,862179,0,5,NA,297,0,1,0,0,1,0,1,0,1,0,1,1,0,1,1,1
"GA",1,298,762184,0,1,NA,298,0,0,1,1,0,0,0,0,0,0,1,1,1,0,0,0
"GA",1,299,757499,1,0,NA,299,0,1,0,1,0,0,0,0,0,0,1,1,0,0,0,0
"GA",1,300,850570,0,4,NA,300,0,1,1,1,0,0,1,0,0,0,1,0,1,1,1,0
"GA",1,301,633544,1,0,NA,301,0,0,1,1,0,0,0,0,0,0,0,1,0,0,0,0
"GA",1,302,857298,0,3,NA,302,1,1,1,0,1,1,0,0,0,0,1,1,0,0,0,0
"GA",1,303,857298,0,2,NA,303,0,1,1,0,1,1,0,0,0,0,1,1,0,0,0,0
"GA",1,304,851943,0,1,NA,304,0,1,0,0,1,0,1,0,0,0,1,1,0,0,0,0
"GA",1,305,824940,0,3,NA,305,1,1,1,0,1,1,0,0,0,1,0,0,0,0,0,1
"GA",1,306,829575,0,1,NA,306,0,0,1,1,0,1,0,0,0,0,1,1,0,0,0,0
"GA",1,307,857298,0,3,NA,307,1,0,1,1,1,1,0,0,0,0,1,1,0,0,0,0
"GA",1,308,762184,1,0,NA,308,0,0,1,1,0,0,0,0,0,0,1,1,0,0,0,0
"GA",1,309,757499,1,0,NA,309,0,1,0,1,0,0,0,0,0,0,1,1,0,0,0,0
"GA",1,310,761612,1,0,NA,310,0,0,0,1,1,0,0,0,0,0,1,1,0,0,0,0
"GA",1,311,762184,1,0,NA,311,0,0,1,1,0,0,0,0,0,0,1,1,0,0,0,0
"GA",1,312,462023,1,0,NA,312,0,0,1,1,0,0,0,0,0,0,0,0,0,0,0,0
"GA",1,313,811060,0,1,NA,313,0,1,0,0,1,0,1,0,0,0,0,0,1,1,0,0
"GA",1,314,767889,1,0,NA,314,0,0,0,1,0,0,0,0,1,0,0,1,0,0,1,0
"GA",1,315,867241,0,3,NA,315,0,1,1,0,1,1,1,0,0,1,0,0,0,0,0,1
"GA",1,316,762184,0,2,NA,316,0,0,1,1,0,0,0,0,0,0,1,0,1,1,1,0
"GA",1,317,619154,1,0,NA,317,0,1,0,0,0,1,0,0,0,0,1,0,0,0,0,0
"GA",1,318,837903,0,1,NA,318,0,0,1,0,1,1,0,0,0,0,1,1,0,0,0,0
"GA",1,319,835555,0,3,NA,319,0,1,0,1,0,0,1,0,0,0,1,0,1,1,1,0
"GA",1,320,770512,0,1,NA,320,0,0,1,0,1,0,0,0,0,1,1,1,0,0,0,0
"GA",1,321,776789,1,0,NA,321,0,0,1,0,1,0,0,0,1,0,0,1,0,0,0,0
"GA",1,322,903792,0,1,NA,322,0,0,0,1,0,0,1,1,0,0,1,1,0,0,0,0
"GA",1,323,857298,0,3,NA,323,1,1,1,0,1,1,0,0,0,0,1,1,0,0,0,0
"GA",1,324,762184,0,1,NA,324,0,0,1,1,0,0,0,0,0,1,1,0,0,0,0,1
"GA",1,325,829575,0,1,NA,325,0,0,1,1,0,1,0,0,0,0,1,1,0,0,0,0
"GA",1,326,893462,0,4,NA,326,0,0,0,1,0,0,1,1,0,0,1,0,1,1,1,1
"GA",1,327,864630,0,4,NA,327,0,1,1,1,0,0,1,0,1,0,1,0,1,0,1,0
"GA",1,328,633544,1,0,NA,328,0,0,1,1,0,0,0,0,0,0,0,1,0,0,0,0
"GA",1,329,903792,0,1,NA,329,0,0,0,1,0,0,1,1,0,0,1,1,0,0,0,0
"GA",1,330,893462,0,2,NA,330,0,0,0,1,0,0,1,1,0,0,1,0,1,1,0,0
"GA",1,331,762184,1,0,NA,331,0,0,1,1,0,0,0,0,0,0,1,1,0,0,0,0
"GA",1,332,762184,0,2,NA,332,0,0,1,1,0,0,0,0,0,1,1,1,0,0,0,1
"GA",1,333,841613,0,3,NA,333,0,1,0,0,1,0,1,0,0,0,1,0,1,1,1,0
"GA",1,334,824940,0,2,NA,334,0,1,1,0,1,1,0,0,0,1,0,0,0,0,0,1
"GA",1,335,829269,0,2,NA,335,0,1,0,0,1,0,1,0,0,1,1,0,0,0,0,1
"GA",1,336,789907,0,4,NA,336,1,1,1,0,1,0,0,0,0,0,1,0,1,1,1,0
"GA",1,337,759733,0,1,NA,337,0,1,0,1,0,0,0,0,0,0,1,1,0,1,0,0
"GA",1,338,762184,0,1,NA,338,0,0,1,1,0,0,0,0,0,0,1,1,0,0,0,1
"GA",1,339,681141,0,1,NA,339,0,1,0,0,1,0,1,0,0,1,1,0,0,0,0,0
"GA",1,340,835555,0,3,NA,340,0,1,0,1,0,0,1,0,0,0,1,0,1,1,1,0
"GA",1,341,823211,0,1,NA,341,0,1,0,0,0,0,1,0,0,1,1,0,0,0,0,1
"GA",1,342,762184,0,1,NA,342,0,0,1,1,0,0,0,0,0,0,1,1,0,0,0,1
"GA",1,343,864630,0,3,NA,343,0,0,1,1,0,0,1,0,1,0,1,0,1,0,1,0
"GA",1,344,893541,0,2,NA,344,0,0,1,1,0,1,1,0,0,0,1,1,0,0,0,0
"GA",1,345,851943,0,1,NA,345,0,1,0,0,1,0,1,0,0,0,1,1,0,0,0,0
"GA",1,346,825899,0,3,NA,346,1,1,1,0,1,1,0,0,0,1,0,1,0,0,0,0
"GA",1,347,753983,1,0,NA,347,0,1,1,0,0,0,0,0,0,0,1,1,0,0,0,0
"GA",1,348,762184,1,0,NA,348,0,0,1,1,0,0,0,0,0,0,1,1,0,0,0,0
"GA",1,349,770512,1,0,NA,349,0,0,1,0,1,0,0,0,0,0,1,1,0,0,0,0
"GA",1,350,829269,0,2,NA,350,0,1,0,0,1,0,1,0,0,1,1,0,0,0,0,1
"GA",1,351,825899,0,2,NA,351,1,0,1,0,1,1,0,0,0,1,0,1,0,0,0,0
"GA",1,352,829575,0,1,NA,352,0,0,1,1,0,1,0,0,0,0,1,1,0,0,0,0
"GA",1,353,811060,0,1,NA,353,0,1,0,0,1,0,1,0,0,0,0,0,1,1,0,0
"GA",1,354,652821,1,0,NA,354,0,0,1,1,0,0,0,0,0,0,1,0,0,0,0,0
"GA",1,355,770512,0,3,NA,355,0,0,1,0,1,0,0,0,0,0,1,1,1,1,1,0
"GA",1,356,829575,0,2,NA,356,0,0,1,1,0,1,0,0,0,0,1,1,0,1,0,0
"GA",1,357,867241,0,3,NA,357,0,1,1,0,1,1,1,0,0,1,0,0,0,0,0,1
"GA",1,358,770512,1,0,NA,358,0,0,1,0,1,0,0,0,0,0,1,1,0,0,0,0
"GA",1,359,713381,1,0,NA,359,0,0,1,1,0,0,0,0,0,1,0,0,0,0,0,1
"GA",1,360,880204,0,2,NA,360,0,0,1,0,1,1,1,0,0,0,1,1,0,0,0,0
"GA",1,361,652821,1,0,NA,361,0,0,1,1,0,0,0,0,0,0,1,0,0,0,0,0
"GA",1,362,686022,1,0,NA,362,0,1,0,1,0,0,0,0,0,1,0,0,0,0,0,1
"GA",1,363,839882,0,3,NA,363,0,1,0,1,1,1,1,0,0,1,0,0,0,0,0,1
"GA",1,364,851943,0,2,NA,364,0,1,0,0,1,0,1,0,0,0,1,1,0,0,0,1
"GA",1,365,857298,0,4,NA,365,0,1,1,0,1,1,0,0,0,0,1,0,1,1,1,0
"GA",1,366,619154,1,0,NA,366,0,1,0,0,0,1,0,0,0,0,1,0,0,0,0,0
"GA",1,367,841613,0,3,NA,367,0,1,0,0,1,0,1,0,0,0,1,0,1,1,1,0
"GA",1,368,899599,0,3,NA,368,0,1,1,0,1,1,1,0,0,0,1,1,0,0,0,0
"GA",1,369,462023,1,0,NA,369,0,1,1,1,0,0,0,0,0,0,0,0,0,0,0,0
"GA",1,370,668424,0,1,NA,370,0,0,1,1,0,0,0,0,0,0,0,0,1,1,1,0
"GA",1,371,762184,0,1,NA,371,0,1,1,1,0,0,0,0,0,0,1,1,0,0,0,0
"GA",1,372,655078,1,0,NA,372,0,1,0,0,1,1,0,0,0,0,1,0,0,0,0,0
"GA",1,373,715186,0,1,NA,373,0,0,1,1,0,0,0,0,0,1,0,1,0,0,0,1
"GA",1,374,829575,0,1,NA,374,0,0,1,1,0,1,0,0,0,0,1,1,0,0,0,0
"GA",1,375,689143,0,1,NA,375,0,1,0,0,0,0,1,0,1,1,1,0,0,0,0,0
"GA",1,376,762184,1,0,NA,376,0,0,1,1,0,0,0,0,0,0,1,0,0,0,0,1
"GA",1,377,789907,0,1,NA,377,0,0,1,1,1,0,0,0,0,0,1,1,0,0,0,0
"GA",1,378,811945,0,2,NA,378,0,0,0,1,0,0,1,0,0,0,1,0,1,1,1,0
"GA",1,379,466353,1,0,NA,379,0,1,0,0,0,0,0,0,1,0,0,0,0,0,0,0
"GA",1,380,753983,1,0,NA,380,0,1,1,0,0,0,0,0,0,0,1,1,0,0,0,0
"GA",1,381,780411,1,0,NA,381,0,0,1,0,0,1,0,0,0,0,1,1,0,0,0,0
"GA",1,382,762184,0,4,NA,382,0,1,1,1,0,0,0,0,0,0,1,0,1,1,1,1
"GA",1,383,657531,0,1,NA,383,0,0,0,1,1,0,1,0,0,1,1,0,0,0,0,0
"GA",1,384,866650,0,1,NA,384,0,0,1,0,0,1,1,0,0,0,1,1,0,0,0,0
"GA",1,385,668424,0,2,NA,385,0,1,1,1,0,0,0,0,0,0,0,0,1,1,1,0
"GA",1,386,743162,0,2,NA,386,0,1,1,0,1,1,1,0,0,1,0,0,0,0,0,0
"GA",1,387,850570,0,1,NA,387,0,0,1,1,0,0,1,0,0,0,1,1,0,0,0,0
"GA",1,388,780411,1,0,NA,388,0,0,1,0,0,1,0,0,0,0,1,1,0,0,0,0
"GA",1,389,899599,0,4,NA,389,0,1,1,1,1,1,1,0,0,0,1,1,0,0,0,0
"GA",1,390,796184,0,1,NA,390,0,0,1,1,1,0,0,0,1,0,0,1,0,0,0,0
"GA",1,391,655078,1,0,NA,391,0,1,0,0,1,1,0,0,0,0,1,0,0,0,0,0
"GA",1,392,903792,0,1,NA,392,0,0,0,1,0,0,1,1,0,0,1,1,0,0,0,0
"GA",1,393,850570,0,3,NA,393,0,0,1,1,0,0,1,0,0,0,1,0,1,1,1,0
"GA",1,394,829575,0,1,NA,394,0,0,1,1,0,1,0,0,0,0,1,1,0,0,0,0
"GA",1,395,791499,1,0,NA,395,0,1,0,0,1,0,0,0,1,0,0,1,0,0,0,0
"GA",1,396,652821,1,0,NA,396,0,0,1,1,0,0,0,0,0,1,1,0,0,0,0,0
"GA",1,397,801280,1,0,NA,397,0,0,0,1,0,1,0,0,0,0,1,1,0,0,0,0
"GA",1,398,809407,0,1,NA,398,0,1,0,0,1,0,1,0,0,0,1,0,0,0,0,1
"GA",1,399,796911,0,1,NA,399,0,1,0,0,1,0,1,0,0,1,0,0,0,0,0,1
"GA",1,400,762184,0,1,NA,400,0,0,1,1,0,0,0,0,0,0,1,1,0,0,0,1
"GA",1,401,857298,0,3,NA,401,0,1,1,1,1,1,0,0,0,0,1,1,0,0,0,0
"GA",1,402,811060,0,2,NA,402,0,1,0,1,1,0,1,0,0,0,0,0,1,1,0,0
"GA",1,403,770512,1,0,NA,403,0,0,1,0,1,0,0,0,0,0,1,1,0,0,0,0
"GA",1,404,785222,0,1,NA,404,0,1,0,0,1,0,0,0,0,1,1,1,0,0,0,0
"GA",1,405,652821,1,0,NA,405,0,0,1,1,0,0,0,0,0,0,1,0,0,0,0,0
"GA",1,406,829575,0,2,NA,406,0,1,1,1,0,1,0,0,0,0,1,1,0,0,0,0
"GA",1,407,655270,1,0,NA,407,0,0,1,1,0,1,0,0,0,0,0,0,0,0,0,1
"GA",1,408,835555,0,2,NA,408,0,1,0,0,0,0,1,0,0,0,1,0,1,1,1,0
"GA",1,409,857298,0,4,NA,409,1,0,1,0,1,1,0,0,0,0,1,0,1,1,1,0
"GA",1,410,756587,0,1,NA,410,0,1,0,0,0,1,0,0,0,1,0,1,0,0,0,1
"GA",1,411,816689,1,0,NA,411,0,1,0,0,0,1,0,0,0,0,1,1,0,0,0,0
"GA",1,412,654408,1,0,NA,412,0,1,0,0,1,0,1,0,0,0,1,0,0,0,0,0
"GA",1,413,762184,0,1,NA,413,0,1,1,1,0,0,0,0,0,0,1,1,0,0,0,0
"GA",1,414,891457,0,5,NA,414,1,0,1,1,1,1,0,0,1,0,1,0,1,0,1,0
"GA",1,415,796184,1,0,NA,415,0,0,1,1,0,0,0,0,1,0,0,1,0,0,0,0
"GA",1,416,576597,1,0,NA,416,0,0,0,0,1,0,1,0,0,1,1,0,0,0,0,0
"GA",1,417,837903,0,1,NA,417,0,0,1,0,1,1,0,0,0,0,1,1,0,0,0,0
"GA",1,418,652821,1,0,NA,418,0,0,1,1,0,0,0,0,0,0,1,0,0,0,0,0
"GA",1,419,762184,0,1,NA,419,0,1,1,1,0,0,0,0,0,0,1,1,0,0,0,0
"GA",1,420,780411,1,0,NA,420,0,0,1,0,0,1,0,0,0,0,1,1,0,0,0,0
"GA",1,421,785222,1,0,NA,421,0,1,0,0,1,0,0,0,0,0,1,1,0,0,0,0
"GA",1,422,899599,0,3,NA,422,0,0,1,1,1,1,1,0,0,0,1,1,0,0,0,0
"GA",1,423,809711,0,1,NA,423,0,0,0,1,0,0,1,0,0,0,1,0,1,0,1,0
"GA",1,424,811060,0,2,NA,424,0,1,0,1,1,0,1,0,0,0,0,0,1,1,0,0
"GA",1,425,857298,0,2,NA,425,0,1,1,0,1,1,0,0,0,0,1,1,0,0,0,0
"GA",1,426,730698,1,0,NA,426,0,0,1,0,0,1,0,0,0,1,0,1,0,0,0,0
"GA",1,427,466353,1,0,NA,427,0,1,0,0,0,0,0,0,1,0,0,0,0,0,0,0
"GA",1,428,789907,0,1,NA,428,0,0,1,1,1,0,0,0,0,0,1,1,0,0,0,0
"GA",1,429,837903,0,1,NA,429,0,0,1,0,1,1,0,0,0,0,1,1,0,0,0,0
"GA",1,430,681141,0,2,NA,430,0,1,0,1,1,0,1,0,0,1,1,0,0,0,0,0
"GA",1,431,762184,0,1,NA,431,0,1,1,1,0,0,0,0,0,0,1,1,0,0,0,0
"GA",1,432,816689,1,0,NA,432,0,1,0,0,0,1,0,0,0,0,1,1,0,0,0,0
"GA",1,433,739959,0,1,NA,433,0,0,1,0,1,0,0,0,0,1,0,1,0,0,0,1
"GA",1,434,723559,0,1,NA,434,0,0,0,1,0,0,0,0,0,0,1,0,1,1,1,0
"GA",1,435,811919,0,2,NA,435,0,0,0,1,1,0,1,0,0,1,1,0,0,1,0,0
"GA",1,436,776789,1,0,NA,436,0,0,1,0,1,0,0,0,1,0,0,1,0,0,0,0
"GA",1,437,685875,1,0,NA,437,0,0,0,0,0,1,0,0,0,0,1,1,0,0,0,0
"GA",1,438,789907,0,1,NA,438,0,0,1,1,1,0,0,0,0,0,1,1,0,0,0,0
"GA",1,439,652821,1,0,NA,439,0,1,1,1,0,0,0,0,0,0,1,0,0,0,0,0
"GA",1,440,791499,0,1,NA,440,0,1,0,0,1,0,0,0,1,0,0,1,0,0,1,0
"GA",1,441,762184,1,0,NA,441,0,0,1,1,0,0,0,0,0,0,1,0,0,0,0,1
"GA",1,442,864630,0,3,NA,442,0,1,1,0,0,0,1,0,1,1,1,0,0,0,0,1
"GA",1,443,785222,0,1,NA,443,0,1,0,0,1,0,0,0,0,1,1,1,0,0,0,0
"GA",1,444,789907,0,1,NA,444,0,0,1,1,1,0,0,0,0,0,1,1,0,0,0,0
"GA",1,445,653409,0,1,NA,445,0,1,0,1,0,0,0,0,0,0,0,0,1,1,1,0
"GA",1,446,891457,0,6,NA,446,1,0,1,1,1,1,0,0,1,0,1,0,1,1,1,0
"GA",1,447,903792,0,1,NA,447,0,0,0,1,0,0,1,1,0,0,1,1,0,0,0,0
"GA",1,448,780772,0,1,NA,448,0,0,1,1,0,1,0,0,0,1,0,0,0,0,0,1
"GA",1,449,685875,1,0,NA,449,0,0,0,0,0,1,0,0,0,0,1,1,0,0,0,0
"GA",1,450,808826,0,1,NA,450,0,1,0,1,1,0,1,0,0,0,0,0,1,0,0,0
"GA",1,451,718313,0,2,NA,451,0,0,0,0,1,0,1,0,0,1,0,0,1,1,1,0
"GA",1,452,725188,0,1,NA,452,0,0,1,1,0,1,1,0,0,1,0,0,0,0,0,0
"GA",1,453,770512,1,0,NA,453,0,0,1,0,1,0,0,0,0,0,1,1,0,0,0,0
"GA",1,454,816689,1,0,NA,454,0,1,0,0,0,1,0,0,0,0,1,1,0,0,0,0
"GA",1,455,927402,0,2,NA,455,0,1,0,1,0,0,1,1,0,0,1,1,0,0,0,0
"GA",1,456,762184,0,1,NA,456,0,1,1,1,0,0,0,0,0,0,1,1,0,0,0,0
"GA",1,457,762184,0,1,NA,457,0,1,1,1,0,0,0,0,0,0,1,1,0,0,0,0
"GA",1,458,780411,1,0,NA,458,0,0,1,0,0,1,0,0,0,0,1,1,0,0,0,0
"GA",1,459,809711,0,1,NA,459,0,0,0,1,0,0,1,0,0,0,1,0,1,0,1,0
"GA",1,460,816689,1,0,NA,460,0,1,0,0,0,1,0,0,0,0,1,1,0,0,0,0
"GA",1,461,796184,0,1,NA,461,0,0,1,1,0,0,0,0,1,0,0,1,0,0,1,0
"GA",1,462,755741,1,0,NA,462,0,1,0,0,0,1,0,0,0,1,0,1,0,0,0,0
"GA",1,463,852613,0,1,NA,463,0,1,0,0,1,1,0,0,0,0,1,1,0,0,0,0
"GA",1,464,689143,0,1,NA,464,0,1,0,0,0,0,1,0,1,1,1,0,0,0,0,0
"GA",1,465,462023,1,0,NA,465,0,1,1,1,0,0,0,0,0,0,0,0,0,0,0,0
"GA",1,466,819381,0,1,NA,466,0,1,0,0,1,0,0,0,1,0,1,1,0,0,0,0
"GA",1,467,821390,0,3,NA,467,0,1,0,1,1,0,1,0,0,1,0,1,0,0,0,1
"GA",1,468,762184,1,0,NA,468,0,0,1,1,0,0,0,0,0,0,1,1,0,0,0,0
"GA",1,469,851943,0,1,NA,469,0,1,0,0,1,0,1,0,0,0,1,1,0,0,0,0
"GA",1,470,587879,1,0,NA,470,0,1,1,1,0,0,0,0,0,0,0,0,0,0,0,1
"GA",1,471,653409,0,1,NA,471,0,1,0,1,0,0,0,0,0,0,0,0,1,1,1,0
"GA",1,472,685875,1,0,NA,472,0,0,0,0,0,1,0,0,0,0,1,1,0,0,0,0
"GA",1,473,789907,0,2,NA,473,0,0,1,1,1,0,0,0,0,0,1,1,0,1,0,0
"GA",1,474,661294,1,0,NA,474,0,1,0,0,0,1,0,0,0,0,0,0,1,1,0,0
"GA",1,475,791499,1,0,NA,475,0,1,0,0,1,0,0,0,1,0,0,1,0,0,0,0
"GA",1,476,789907,0,1,NA,476,0,0,1,1,1,0,0,0,0,0,1,1,0,0,0,0
"GA",1,477,652821,1,0,NA,477,0,1,1,1,0,0,0,0,0,0,1,0,0,0,0,0
"GA",1,478,809711,1,0,NA,478,0,0,0,1,0,0,1,0,0,0,1,0,1,0,0,0
"GA",1,479,850570,0,1,NA,479,0,0,1,1,0,0,1,0,0,0,1,1,0,0,0,0
"GA",1,480,852613,0,1,NA,480,0,1,0,0,1,1,0,0,0,0,1,1,0,0,0,0
"GA",1,481,762184,0,1,NA,481,0,1,1,1,0,0,0,0,0,0,1,1,0,0,0,0
"GA",1,482,816689,0,1,NA,482,0,1,0,0,0,1,0,0,0,0,1,1,0,0,1,0
"GA",1,483,587879,1,0,NA,483,0,1,1,1,0,0,0,0,0,0,0,0,0,0,0,1
"GA",1,484,747935,0,1,NA,484,0,1,1,0,1,1,0,0,0,0,1,0,0,0,0,0
"GA",1,485,462023,1,0,NA,485,0,1,1,1,0,0,0,0,0,0,0,0,0,0,0,0
"GA",1,486,797081,0,1,NA,486,0,0,1,1,0,0,1,0,0,1,0,0,0,1,0,0
"GA",1,487,784178,0,2,NA,487,0,0,1,1,0,1,1,0,0,1,1,0,0,0,0,0
"GA",1,488,839379,0,2,NA,488,0,1,0,0,1,0,1,0,0,0,1,0,1,0,0,1
"GA",1,489,685875,1,0,NA,489,0,0,0,0,0,1,0,0,0,0,1,1,0,0,0,0
"GA",1,490,927402,0,2,NA,490,0,1,0,1,0,0,1,1,0,0,1,1,0,0,0,0
"GA",1,491,657531,0,1,NA,491,0,0,0,1,1,0,1,0,0,1,1,0,0,0,0,0
"GA",1,492,789907,0,1,NA,492,0,0,1,1,1,0,0,0,0,0,1,1,0,0,0,0
"GA",1,493,723559,0,1,NA,493,0,0,0,1,0,0,0,0,0,0,1,0,1,1,1,0
"GA",1,494,837903,0,2,NA,494,0,0,1,0,1,1,0,0,0,0,1,1,0,0,1,0
"GA",1,495,849267,0,2,NA,495,0,0,1,1,0,1,1,0,0,1,0,0,0,0,0,1
"GA",1,496,865246,0,1,NA,496,0,0,0,1,0,1,1,0,0,0,1,1,0,0,0,0
"GA",1,497,742686,1,0,NA,497,0,1,0,0,1,0,0,0,0,0,1,0,0,0,0,1
"GA",1,498,796184,0,1,NA,498,0,0,1,1,0,0,0,0,1,0,0,1,0,0,1,0
"GA",1,499,706762,1,0,NA,499,0,1,0,0,0,0,0,0,0,0,1,0,0,0,0,1
"GA",1,500,927402,0,3,NA,500,0,1,0,1,0,0,1,1,0,0,1,1,0,0,0,1
"GA",1,501,852613,0,1,NA,501,0,1,0,0,1,1,0,0,0,0,1,1,0,0,0,0
"GA",1,502,845885,1,0,NA,502,0,1,0,0,0,0,1,0,0,0,1,1,0,0,0,0
"GA",1,503,816689,0,1,NA,503,0,1,0,0,0,1,0,0,0,0,1,1,0,0,1,0
"GA",1,504,820544,0,2,NA,504,0,1,0,1,1,0,1,0,0,1,0,1,0,0,0,0
"GA",1,505,762184,0,1,NA,505,0,1,1,1,0,0,0,0,0,0,1,1,0,0,0,0
"GA",1,506,774153,1,0,NA,506,0,1,0,0,0,1,0,0,0,0,1,0,0,0,0,1
"GA",1,507,816689,1,0,NA,507,0,1,0,0,0,1,0,0,0,0,1,1,0,0,0,0
"GA",1,508,852613,0,1,NA,508,0,1,0,0,1,1,0,0,0,0,1,1,0,0,0,0
"GA",1,509,781731,0,1,NA,509,0,0,1,1,0,1,0,0,0,1,0,1,0,0,0,0
"GA",1,510,801280,1,0,NA,510,0,0,0,1,0,1,0,0,0,0,1,1,0,0,0,0
"GA",1,511,816689,1,0,NA,511,0,1,0,0,0,1,0,0,0,0,1,1,0,0,0,0
"GA",1,512,837903,0,1,NA,512,0,0,1,0,1,1,0,0,0,0,1,1,0,0,0,0
"GA",1,513,762184,1,0,NA,513,0,0,1,1,0,0,0,0,0,0,1,1,0,0,0,0
"GA",1,514,784178,0,2,NA,514,0,0,1,1,0,1,1,0,0,1,1,0,0,0,0,0
"GA",1,515,762184,1,0,NA,515,0,0,1,1,0,0,0,0,0,0,1,1,0,0,0,0
"GA",1,516,765265,1,0,NA,516,0,0,0,0,1,0,1,0,0,0,1,1,0,0,0,0
"GA",1,517,821908,0,2,NA,517,0,1,0,1,0,1,1,0,0,1,0,0,0,0,0,1
"GA",1,518,789907,0,2,NA,518,0,0,1,1,1,0,0,0,0,1,1,0,0,0,0,1
"GA",1,519,824890,0,1,NA,519,0,1,0,1,0,1,0,0,0,0,1,1,0,0,0,0
"GA",1,520,652821,1,0,NA,520,0,1,1,1,0,0,0,0,0,0,1,0,0,0,0,0
"GA",1,521,932087,0,2,NA,521,0,0,1,1,0,0,1,1,0,0,1,1,0,0,0,0
"GA",1,522,816689,0,1,NA,522,0,1,0,0,0,1,0,0,0,0,1,1,0,0,1,0
"GA",1,523,652821,1,0,NA,523,0,1,1,1,0,0,0,0,0,0,1,0,0,0,0,0
"GA",1,524,796184,1,0,NA,524,0,0,1,1,0,0,0,0,1,0,0,1,0,0,0,0
"GA",1,525,462023,1,0,NA,525,0,1,1,1,0,0,0,0,0,0,0,0,0,0,0,0
"GA",1,526,652821,1,0,NA,526,0,0,1,1,0,0,0,0,0,0,1,0,0,0,0,0
"GA",1,527,837903,0,2,NA,527,0,0,1,0,1,1,0,0,0,0,1,1,0,0,1,0
"GA",1,528,780411,1,0,NA,528,0,0,1,0,0,1,0,0,0,0,1,1,0,0,0,0
"GA",1,529,893541,0,2,NA,529,0,0,1,1,0,1,1,0,0,0,1,1,0,0,0,0
"GA",1,530,647631,1,0,NA,530,0,1,1,1,0,0,0,0,1,0,0,0,0,0,0,0
"GA",1,531,689143,0,2,NA,531,0,1,0,0,1,0,1,0,1,1,1,0,0,0,0,0
"GA",1,532,655270,0,1,NA,532,0,1,1,1,0,1,0,0,0,0,0,0,0,0,0,1
"GA",1,533,789907,0,2,NA,533,0,0,1,1,1,0,0,0,0,0,1,1,0,0,0,1
"GA",1,534,796184,0,1,NA,534,0,0,1,1,0,0,0,0,1,0,0,1,0,1,0,0
"GA",1,535,852613,0,2,NA,535,0,1,0,0,1,1,0,0,0,0,1,1,0,0,0,1
"GA",1,536,770512,0,1,NA,536,0,0,1,0,1,0,0,0,0,0,1,1,0,0,0,1
"GA",1,537,893541,0,2,NA,537,0,0,1,1,0,1,1,0,0,0,1,1,0,0,0,0
"GA",1,538,828333,0,1,NA,538,0,0,0,1,1,0,1,0,0,0,1,1,0,0,0,0
"GA",1,539,587879,1,0,NA,539,0,1,1,1,0,0,0,0,0,0,0,0,0,0,0,1
"GA",1,540,837903,0,2,NA,540,0,0,1,0,1,1,0,0,0,0,1,1,0,0,0,1
"GA",1,541,689143,0,2,NA,541,0,1,0,0,1,0,1,0,1,1,1,0,0,0,0,0
"GA",1,542,645887,1,0,NA,542,0,1,0,0,0,1,0,0,0,1,1,0,0,0,0,0
"GA",1,543,909850,0,3,NA,543,0,0,0,1,1,0,1,1,0,0,1,1,0,0,0,1
"GA",1,544,762184,0,1,NA,544,0,1,1,1,0,0,0,0,0,0,1,0,0,0,0,1
"GA",1,545,747935,0,1,NA,545,0,1,1,0,1,1,0,0,0,0,1,0,0,0,0,0
"GA",1,546,850570,0,2,NA,546,0,1,1,1,0,0,1,0,0,0,1,0,1,0,0,0
"GA",1,547,774153,1,0,NA,547,0,1,0,0,0,1,0,0,0,0,1,0,0,0,0,1
"GA",1,548,762184,1,0,NA,548,0,0,1,1,0,0,0,0,0,0,1,1,0,0,0,0
"GA",1,549,789907,0,2,NA,549,0,0,1,1,1,0,0,0,0,0,1,1,0,0,1,0
"GA",1,550,781731,0,1,NA,550,0,0,1,1,0,1,0,0,0,1,0,1,0,0,0,0
"GA",1,551,796184,1,0,NA,551,0,0,1,1,0,0,0,0,1,0,0,1,0,0,0,0
"GA",1,552,784178,0,2,NA,552,0,0,1,1,0,1,1,0,0,1,1,0,0,0,0,0
"GA",1,553,893541,0,2,NA,553,0,0,1,1,0,1,1,0,0,0,1,1,0,0,0,0
"GA",1,554,772641,0,1,NA,554,0,1,1,1,0,0,0,0,1,0,0,0,0,0,1,0
"GA",1,555,824890,0,1,NA,555,0,1,0,1,0,1,0,0,0,0,1,1,0,0,0,0
"GA",1,556,837903,0,2,NA,556,0,0,1,0,1,1,0,0,0,0,1,1,0,0,1,0
"GA",1,557,762184,1,0,NA,557,0,0,1,1,0,0,0,0,0,0,1,1,0,0,0,0
"GA",1,558,852613,0,2,NA,558,0,1,0,0,1,1,0,0,0,0,1,1,0,0,0,1
"GA",1,559,857298,0,3,NA,559,0,0,1,1,1,1,0,0,0,0,1,1,0,0,1,0
"GA",1,560,655078,1,0,NA,560,0,1,0,0,1,1,0,0,0,0,1,0,0,0,0,0
"GA",1,561,652821,1,0,NA,561,0,0,1,1,0,0,0,0,0,0,1,0,0,0,0,0
"GA",1,562,685875,1,0,NA,562,0,0,0,0,0,1,0,0,0,0,1,1,0,0,1,0
"GA",1,563,680544,0,1,NA,563,0,0,1,1,1,0,0,0,0,1,1,0,0,0,0,0
"GA",1,564,789907,0,1,NA,564,0,0,1,1,1,0,0,0,0,0,1,1,0,0,0,0
"GA",1,565,762184,1,0,NA,565,0,0,1,1,0,0,0,0,0,0,1,1,0,0,0,0
"GA",1,566,888856,0,2,NA,566,0,1,0,1,0,1,1,0,0,0,1,1,0,0,0,0
"GA",1,567,824890,0,1,NA,567,0,1,0,1,0,1,0,0,0,0,1,1,0,0,0,0
"GA",1,568,837903,0,3,NA,568,0,0,1,0,1,1,0,0,0,0,1,1,0,0,1,1
"GA",1,569,685875,1,0,NA,569,0,0,0,0,0,1,0,0,0,0,1,1,0,0,0,0
"GA",1,570,837903,0,2,NA,570,0,0,1,0,1,1,0,0,0,0,1,1,0,0,1,0
"GA",1,571,816689,1,0,NA,571,0,1,0,0,0,1,0,0,0,0,1,1,0,0,0,0
"GA",1,572,780411,1,0,NA,572,0,0,1,0,0,1,0,0,0,0,1,1,0,0,0,0
"GA",1,573,762184,1,0,NA,573,0,0,1,1,0,0,0,0,0,0,1,1,0,0,0,0
"GA",1,574,652821,1,0,NA,574,0,0,1,1,0,0,0,0,0,0,1,0,0,0,0,0
"GA",1,575,816689,0,1,NA,575,0,1,0,0,0,1,0,0,0,0,1,1,0,0,1,0
"GA",1,576,840049,0,2,NA,576,0,1,0,0,1,1,0,0,0,1,1,0,1,0,0,0
"GA",1,577,680544,0,1,NA,577,0,0,1,1,1,0,0,0,0,1,1,0,0,0,0,0
"GA",1,578,762184,1,0,NA,578,0,0,1,1,0,0,0,0,0,0,1,1,0,0,0,0
"GA",1,579,784178,0,1,NA,579,0,0,1,1,0,1,1,0,0,0,1,0,0,0,0,0
"GA",1,580,645887,1,0,NA,580,0,1,0,0,0,1,0,0,0,1,1,0,0,0,0,0
"GA",1,581,680544,0,2,NA,581,0,1,1,1,1,0,0,0,0,1,1,0,0,0,0,0
"GA",1,582,859945,0,3,NA,582,0,1,0,0,1,0,1,0,1,1,1,1,0,0,0,0
"GA",1,583,893541,0,2,NA,583,0,0,1,1,0,1,1,0,0,0,1,1,0,0,0,0
"GA",1,584,671048,1,0,NA,584,0,0,1,0,0,1,0,0,0,0,1,0,0,0,0,0
"GA",1,585,837903,0,2,NA,585,0,0,1,0,1,1,0,0,0,0,1,1,0,1,0,0
"GA",1,586,655078,1,0,NA,586,0,1,0,0,1,1,0,0,0,0,1,0,0,0,0,0
"GA",1,587,789907,0,2,NA,587,0,0,1,1,1,0,0,0,0,0,1,1,0,0,0,1
"GA",1,588,829575,0,1,NA,588,0,0,1,1,0,1,0,0,0,0,1,1,0,0,0,0
"GA",1,589,850570,0,2,NA,589,0,1,1,1,0,0,1,0,0,0,1,0,1,0,0,0
"GA",1,590,633544,1,0,NA,590,0,0,1,1,0,0,0,0,0,0,0,1,0,0,0,0
"GA",1,591,824890,0,1,NA,591,0,1,0,1,0,1,0,0,0,0,1,1,0,0,0,0
"GA",1,592,837903,0,1,NA,592,0,0,1,0,1,1,0,0,0,0,1,1,0,0,0,0
"GA",1,593,829575,0,1,NA,593,0,0,1,1,0,1,0,0,0,0,1,1,0,0,0,0
"GA",1,594,828333,0,1,NA,594,0,0,0,1,1,0,1,0,0,0,1,1,0,0,0,0
"GA",1,595,797030,0,1,NA,595,0,0,1,1,0,0,0,0,1,0,0,1,0,0,0,1
"GA",1,596,718054,0,2,NA,596,0,1,0,1,0,1,1,0,0,1,1,0,0,0,0,0
"GA",1,597,850226,0,2,NA,597,0,0,1,1,0,1,1,0,0,1,0,1,0,0,0,0
"GA",1,598,888856,0,4,NA,598,0,1,0,1,0,1,1,0,0,0,1,1,0,0,1,1
"GA",1,599,865246,0,1,NA,599,0,0,0,1,0,1,1,0,0,0,1,1,0,0,0,0
"GA",1,600,893541,0,2,NA,600,0,0,1,1,0,1,1,0,0,0,1,1,0,0,0,0
"GA",1,601,824890,0,1,NA,601,0,1,0,1,0,1,0,0,0,0,1,1,0,0,0,0
"GA",1,602,829575,0,2,NA,602,0,0,1,1,0,1,0,0,0,1,1,1,0,0,0,0
"GA",1,603,714340,1,0,NA,603,0,0,1,1,0,0,0,0,0,1,0,1,0,0,0,0
"GA",1,604,680544,0,2,NA,604,0,1,1,1,1,0,0,0,0,1,1,0,0,0,0,0
"GA",1,605,655078,1,0,NA,605,0,1,0,0,1,1,0,0,0,0,1,0,0,0,0,0
"GA",1,606,837903,0,1,NA,606,0,0,1,0,1,1,0,0,0,0,1,1,0,0,0,0
"GA",1,607,888856,0,2,NA,607,0,1,0,1,0,1,1,0,0,0,1,1,0,0,0,0
"GA",1,608,762184,1,0,NA,608,0,0,1,1,0,0,0,0,0,0,1,0,0,0,0,1
"GA",1,609,789907,0,1,NA,609,0,0,1,1,1,0,0,0,0,0,1,1,0,0,0,0
"GA",1,610,747935,0,1,NA,610,0,1,1,0,1,1,0,0,0,0,1,0,0,0,0,0
"GA",1,611,796184,1,0,NA,611,0,0,1,1,0,0,0,0,1,0,0,1,0,0,0,0
"GA",1,612,668424,1,0,NA,612,0,0,1,1,0,0,0,0,0,0,0,0,1,0,0,1
"GA",1,613,893541,0,3,NA,613,0,1,1,1,0,1,1,0,0,0,1,1,0,0,0,0
"GA",1,614,780411,0,2,NA,614,0,0,1,0,0,1,0,0,0,0,1,1,0,1,1,0
"GA",1,615,655078,1,0,NA,615,0,1,0,0,1,1,0,0,0,0,1,0,0,0,0,0
"GA",1,616,837903,0,1,NA,616,0,0,1,0,1,1,0,0,0,0,1,1,0,0,0,0
"GA",1,617,785222,0,1,NA,617,0,1,0,0,1,0,0,0,0,0,1,1,0,0,0,1
"GA",1,618,718054,0,2,NA,618,0,1,0,1,0,1,1,0,0,1,1,0,0,0,0,0
"GA",1,619,888856,0,3,NA,619,0,1,0,1,0,1,1,0,0,0,1,1,0,0,1,0
"GA",1,620,762184,1,0,NA,620,0,0,1,1,0,0,0,0,0,0,1,1,0,0,0,0
"GA",1,621,850570,0,2,NA,621,0,1,1,1,0,0,1,0,0,0,1,1,0,0,0,0
"GA",1,622,680544,0,2,NA,622,0,1,1,1,1,0,0,0,0,1,1,0,0,0,0,0
"GA",1,623,893541,0,2,NA,623,0,0,1,1,0,1,1,0,0,0,1,1,0,0,0,0
"GA",1,624,784178,0,1,NA,624,0,0,1,1,0,1,1,0,0,0,1,0,0,0,0,0
"GA",1,625,685875,1,0,NA,625,0,0,0,0,0,1,0,0,0,0,1,1,0,0,1,0
"GA",1,626,652821,1,0,NA,626,0,0,1,1,0,0,0,0,0,0,1,0,0,0,0,0
"GA",1,627,837903,0,1,NA,627,0,0,1,0,1,1,0,0,0,0,1,1,0,0,0,0
"GA",1,628,691321,0,1,NA,628,0,1,0,1,0,1,1,0,0,0,1,0,0,0,0,0
"GA",1,629,772641,0,1,NA,629,0,1,1,1,0,0,0,0,1,0,0,0,0,0,1,0
"GA",1,630,780411,1,0,NA,630,0,0,1,0,0,1,0,0,0,0,1,0,0,0,0,1
"GA",1,631,850570,0,2,NA,631,0,1,1,1,0,0,1,0,0,0,1,0,1,0,0,0
"GA",1,632,728540,1,0,NA,632,0,0,1,0,1,1,0,0,0,0,1,0,0,0,0,0
"GA",1,633,857298,0,3,NA,633,0,1,1,0,1,1,0,0,0,0,1,1,0,1,0,0
"GA",1,634,829575,0,3,NA,634,0,0,1,1,0,1,0,0,0,1,1,1,0,1,0,0
"GA",1,635,797030,0,2,NA,635,0,1,1,1,0,0,0,0,1,0,0,1,0,0,0,1
"GA",1,636,851072,0,3,NA,636,0,0,1,1,0,1,1,0,0,1,0,1,0,0,0,1
"GA",1,637,772641,0,1,NA,637,0,1,1,1,0,0,0,0,1,0,0,0,0,0,1,0
"GA",1,638,789907,0,1,NA,638,0,0,1,1,1,0,0,0,0,0,1,1,0,0,0,0
"GA",1,639,852613,0,1,NA,639,0,1,0,0,1,1,0,0,0,0,1,1,0,0,0,0
"GA",1,640,747935,0,3,NA,640,0,1,1,1,1,1,0,0,0,1,1,0,0,0,0,0
"GA",1,641,654408,1,0,NA,641,0,1,0,0,1,0,1,0,0,0,1,0,0,0,0,0
"GA",1,642,787852,1,0,NA,642,0,0,0,1,1,0,1,0,0,0,0,1,0,0,0,0
"GA",1,643,850226,0,2,NA,643,0,0,1,1,0,1,1,0,0,1,0,1,0,0,0,0
"GA",1,644,578496,1,0,NA,644,0,1,0,0,0,0,0,0,0,1,1,0,0,0,0,0
"GA",1,645,652821,1,0,NA,645,0,0,1,1,0,0,0,0,0,0,1,0,0,0,0,0
"GA",1,646,663269,1,0,NA,646,0,0,0,1,1,0,0,0,0,0,0,0,0,0,0,1
"GA",1,647,845885,1,0,NA,647,0,1,0,0,0,0,1,0,0,0,1,1,0,0,0,0
"GA",1,648,728540,1,0,NA,648,0,0,1,0,1,1,0,0,0,0,1,0,0,0,0,0
"GA",1,649,685875,0,1,NA,649,0,0,0,0,0,1,0,0,0,0,1,1,0,0,1,1
"GA",1,650,827124,0,2,NA,650,0,1,0,1,0,1,0,0,0,0,1,1,0,1,0,0
"GA",1,651,824066,0,2,NA,651,0,0,1,1,0,0,0,0,1,1,1,1,0,0,0,0
"GA",1,652,655078,1,0,NA,652,0,1,0,0,1,1,0,0,0,0,1,0,0,0,0,0
"GA",1,653,747935,0,1,NA,653,0,1,1,0,1,1,0,0,0,0,1,0,0,0,0,0
"GA",1,654,652821,1,0,NA,654,0,0,1,1,0,0,0,0,0,0,1,0,0,0,0,0
"GA",1,655,829575,0,2,NA,655,0,0,1,1,0,1,0,0,0,1,1,1,0,0,0,0
"GA",1,656,893541,0,3,NA,656,0,1,1,1,0,1,1,0,0,0,1,1,0,0,0,0
"GA",1,657,633544,1,0,NA,657,0,0,1,1,0,0,0,0,0,0,0,1,0,0,0,0
"GA",1,658,796184,1,0,NA,658,0,0,1,1,0,0,0,0,1,0,0,1,0,0,0,0
"GA",1,659,893541,0,2,NA,659,0,0,1,1,0,1,1,0,0,0,1,1,0,0,0,0
"GA",1,660,685875,1,0,NA,660,0,0,0,0,0,1,0,0,0,0,1,1,0,0,0,0
"GA",1,661,421260,1,0,NA,661,0,0,0,1,1,0,0,0,0,0,0,0,0,0,0,0
"GA",1,662,824890,0,1,NA,662,0,1,0,1,0,1,0,0,0,0,1,1,0,0,0,0
"GA",1,663,789907,0,1,NA,663,0,0,1,1,1,0,0,0,0,0,1,1,0,0,0,0
"GA",1,664,774904,0,1,NA,664,0,1,0,0,1,1,0,0,1,0,0,0,0,0,1,0
"GA",1,665,787852,1,0,NA,665,0,0,0,1,1,0,1,0,0,0,0,1,0,0,0,0
"GA",1,666,747935,0,1,NA,666,0,1,1,0,1,1,0,0,0,0,1,0,0,0,0,0
"GA",1,667,839449,0,2,NA,667,0,1,0,1,0,1,1,0,0,0,1,0,0,0,1,0
"GA",1,668,837903,0,1,NA,668,0,0,1,0,1,1,0,0,0,0,1,1,0,0,0,0
"GA",1,669,686045,1,0,NA,669,0,0,0,1,0,0,0,0,0,1,0,1,0,0,0,0
"GA",1,670,893541,0,3,NA,670,0,0,1,1,0,1,1,0,0,0,1,1,0,0,1,0
"GA",1,671,889618,0,4,NA,671,0,1,1,1,0,0,1,1,0,1,0,1,0,0,0,1
"GA",1,672,685875,1,0,NA,672,0,0,0,0,0,1,0,0,0,0,1,1,0,0,0,0
"GA",1,673,647631,1,0,NA,673,0,0,1,1,0,0,0,0,1,0,0,0,0,0,0,0
"GA",1,674,578496,1,0,NA,674,0,1,0,0,0,0,0,0,0,1,1,0,0,0,0,0
"GA",1,675,789907,0,3,NA,675,0,0,1,1,1,0,0,0,0,0,1,1,0,0,1,1
"GA",1,676,762184,1,0,NA,676,0,0,1,1,0,0,0,0,0,0,1,1,0,0,0,0
"GA",1,677,663269,1,0,NA,677,0,0,0,1,1,0,0,0,0,0,0,0,0,0,0,1
"GA",1,678,668424,0,1,NA,678,0,1,1,1,0,0,0,0,0,0,0,0,1,0,0,1
"GA",1,679,857298,0,4,NA,679,0,1,1,1,1,1,0,0,0,1,1,1,0,0,0,0
"GA",1,680,857298,0,3,NA,680,0,1,1,0,1,1,0,0,0,0,1,1,0,0,1,0
"GA",1,681,762184,1,0,NA,681,0,0,1,1,0,0,0,0,0,0,1,0,0,0,0,1
"GA",1,682,851072,0,3,NA,682,0,0,1,1,0,1,1,0,0,1,0,1,0,0,0,1
"GA",1,683,821390,0,2,NA,683,0,1,0,0,1,0,1,0,0,1,0,1,0,0,0,1
"GA",1,684,808453,0,1,NA,684,0,0,0,1,1,0,1,0,1,0,0,1,0,0,0,0
"GA",1,685,803514,0,1,NA,685,0,0,0,1,0,1,0,0,0,0,1,1,0,1,0,0
"GA",1,686,829575,0,2,NA,686,0,0,1,1,0,1,0,0,0,0,1,1,0,0,0,1
"GA",1,687,714703,0,1,NA,687,0,0,1,1,0,0,0,0,1,1,1,0,0,0,0,0
"GA",1,688,652821,1,0,NA,688,0,1,1,1,0,0,0,0,0,0,1,0,0,0,0,0
"GA",1,689,845885,0,1,NA,689,0,1,0,0,0,0,1,0,0,1,1,1,0,0,0,0
"GA",1,690,845885,1,0,NA,690,0,1,0,0,0,0,1,0,0,0,1,1,0,0,0,0
"GA",1,691,816689,0,1,NA,691,0,1,0,0,0,1,0,0,0,0,1,1,1,0,0,0
"GA",1,692,757499,1,0,NA,692,0,1,0,1,0,0,0,0,0,0,1,1,0,0,0,0
"GA",1,693,551763,1,0,NA,693,0,1,0,0,0,0,0,0,0,0,1,0,0,0,0,0
"GA",1,694,893541,0,3,NA,694,0,0,1,1,0,1,1,0,0,0,1,1,0,0,1,0
"GA",1,695,721131,1,0,NA,695,0,0,0,1,1,0,0,0,0,0,0,1,0,0,0,0
"GA",1,696,789907,0,2,NA,696,0,0,1,1,1,0,0,0,0,0,1,1,0,0,0,1
"GA",1,697,845885,1,0,NA,697,0,1,0,0,0,0,1,0,0,0,1,1,0,0,0,0
"GA",1,698,780411,0,1,NA,698,0,0,1,0,0,1,0,0,0,0,1,1,0,0,1,0
"GA",1,699,762184,1,0,NA,699,0,0,1,1,0,0,0,0,0,0,1,1,0,0,0,0
"GA",1,700,774904,0,1,NA,700,0,1,0,0,1,1,0,0,1,0,0,0,0,0,1,0
"GA",1,701,785222,1,0,NA,701,0,1,0,0,1,0,0,0,0,0,1,1,0,0,0,0
"GA",1,702,759354,0,1,NA,702,0,0,1,1,1,0,0,0,0,0,0,0,1,0,0,1
"GA",1,703,762184,0,1,NA,703,0,0,1,1,0,0,0,0,0,0,1,1,0,0,0,1
"GA",1,704,852613,0,3,NA,704,0,1,0,0,1,1,0,0,0,0,1,1,0,0,1,1
"GA",1,705,685875,1,0,NA,705,0,0,0,0,0,1,0,0,0,0,1,1,0,0,0,0
"GA",1,706,655078,1,0,NA,706,0,1,0,0,1,1,0,0,0,0,1,0,0,0,0,0
"GA",1,707,789907,0,1,NA,707,0,0,1,1,1,0,0,0,0,0,1,0,0,0,0,1
"GA",1,708,808453,0,1,NA,708,0,0,0,1,1,0,1,0,1,0,0,1,0,0,0,0
"GA",1,709,845885,1,0,NA,709,0,1,0,0,0,0,1,0,0,0,1,1,0,0,0,0
"GA",1,710,762184,0,3,NA,710,0,1,1,1,0,0,0,0,0,0,1,1,0,0,1,1
"GA",1,711,785222,0,1,NA,711,0,1,0,0,1,0,0,0,0,0,1,1,0,0,1,0
"GA",1,712,773487,1,0,NA,712,0,0,1,1,0,0,0,0,1,0,0,0,0,0,0,1
"GA",1,713,747935,0,2,NA,713,0,1,1,0,1,1,0,0,0,1,1,0,0,0,0,0
"GA",1,714,784178,0,2,NA,714,0,1,1,1,0,1,1,0,0,0,1,0,0,0,0,0
"GA",1,715,680544,1,0,NA,715,0,0,1,1,1,0,0,0,0,0,1,0,0,0,0,0
"GA",1,716,829575,0,2,NA,716,0,0,1,1,0,1,0,0,0,0,1,1,0,0,0,1
"GA",1,717,688109,0,1,NA,717,0,0,0,0,0,1,0,0,0,0,1,1,0,1,1,0
"GA",1,718,785222,1,0,NA,718,0,1,0,0,1,0,0,0,0,0,1,1,0,0,0,0
"GA",1,719,816689,1,0,NA,719,0,1,0,0,0,1,0,0,0,0,1,1,0,0,0,0
"GA",1,720,655078,1,0,NA,720,0,1,0,0,1,1,0,0,0,0,1,0,0,0,0,0
"GA",1,721,762184,1,0,NA,721,0,0,1,1,0,0,0,0,0,0,1,1,0,0,0,0
"GA",1,722,780411,1,0,NA,722,0,0,1,0,0,1,0,0,0,0,1,1,0,0,0,0
"GA",1,723,857298,0,4,NA,723,0,1,1,0,1,1,0,0,0,0,1,1,0,1,1,0
"GA",1,724,823679,1,0,NA,724,0,0,1,0,0,0,1,0,0,0,1,1,0,0,0,0
"GA",1,725,857298,0,3,NA,725,0,1,1,0,1,1,0,0,0,0,1,1,0,0,0,1
"GA",1,726,902356,0,3,NA,726,0,1,0,0,1,1,0,1,0,0,1,1,0,0,0,1
"GA",1,727,726624,1,0,NA,727,0,1,0,0,0,0,0,0,0,1,1,0,0,0,1,0
"GA",1,728,655078,1,0,NA,728,0,1,0,0,1,1,0,0,0,0,1,0,0,0,0,0
"GA",1,729,852613,0,1,NA,729,0,1,0,0,1,1,0,0,0,0,1,1,0,0,0,0
"GA",1,730,762184,1,0,NA,730,0,0,1,1,0,0,0,0,0,0,1,1,0,0,0,0
"GA",1,731,439320,1,0,NA,731,0,0,0,0,1,1,0,0,1,0,0,0,0,0,0,0
"GA",1,732,829575,0,1,NA,732,0,0,1,1,0,1,0,0,0,0,1,1,0,0,0,0
"GA",1,733,845885,0,1,NA,733,0,1,0,0,0,0,1,0,0,1,1,1,0,0,0,0
"GA",1,734,787852,1,0,NA,734,0,0,0,1,1,0,1,0,0,0,0,1,0,0,0,0
"GA",1,735,652821,1,0,NA,735,0,0,1,1,0,0,0,0,0,0,1,0,0,0,0,0
"GA",1,736,762184,1,0,NA,736,0,0,1,1,0,0,0,0,0,0,1,1,0,0,0,0
"GA",1,737,789907,0,3,NA,737,0,0,1,1,1,0,0,0,0,0,1,1,0,1,1,0
"GA",1,738,762184,0,1,NA,738,0,1,1,1,0,0,0,0,0,0,1,1,0,0,0,0
"GA",1,739,829575,0,2,NA,739,0,0,1,1,0,1,0,0,0,1,1,1,0,0,0,0
"GA",1,740,848119,0,2,NA,740,0,1,0,0,0,0,1,0,0,0,1,1,0,1,1,0
"GA",1,741,762184,0,1,NA,741,0,0,1,1,0,0,0,0,0,0,1,1,0,0,0,1
"GA",1,742,808453,0,2,NA,742,0,0,0,1,1,0,1,0,1,0,0,1,0,0,1,0
"GA",1,743,852613,0,2,NA,743,0,1,0,0,1,1,0,0,0,0,1,1,0,0,1,0
"GA",1,744,816689,0,1,NA,744,0,1,0,0,0,1,0,0,0,0,1,1,1,0,0,0
"GA",1,745,619154,1,0,NA,745,0,1,0,0,0,1,0,0,0,0,1,0,0,0,0,0
"GA",1,746,644620,1,0,NA,746,0,1,1,0,0,0,0,0,0,0,1,0,0,0,0,0
"GA",1,747,788698,0,1,NA,747,0,0,0,1,1,0,1,0,0,0,0,1,0,0,0,1
"GA",1,748,685875,1,0,NA,748,0,0,0,0,0,1,0,0,0,0,1,1,0,0,0,0
"GA",1,749,857298,0,3,NA,749,0,1,1,0,1,1,0,0,0,0,1,1,0,0,1,0
"GA",1,750,845885,1,0,NA,750,0,1,0,0,0,0,1,0,0,0,1,1,0,0,0,0
"GA",1,751,785222,1,0,NA,751,0,1,0,0,1,0,0,0,0,0,1,1,0,0,0,0
"GA",1,752,816689,1,0,NA,752,0,1,0,0,0,1,0,0,0,0,1,1,0,0,0,0
"GA",1,753,789907,0,1,NA,753,0,0,1,1,1,0,0,0,0,0,1,1,0,0,0,0
"GA",1,754,780411,1,0,NA,754,0,0,1,0,0,1,0,0,0,0,1,1,0,0,0,0
"GA",1,755,593511,1,0,NA,755,1,1,0,0,0,0,0,0,0,1,1,0,0,0,0,0
"GA",1,756,680544,1,0,NA,756,0,0,1,1,1,0,0,0,0,0,1,0,0,0,0,0
"GA",1,757,845885,0,1,NA,757,0,1,0,0,0,0,1,0,0,0,1,1,0,0,0,1
"GA",1,758,759354,0,1,NA,758,0,1,1,0,1,0,0,0,0,0,0,0,1,0,0,1
"GA",1,759,654408,1,0,NA,759,0,1,0,0,1,0,1,0,0,0,1,0,0,0,0,0
"GA",1,760,823568,0,2,NA,760,0,1,0,0,1,1,0,0,1,0,0,0,0,1,1,0
"GA",1,761,816689,1,0,NA,761,0,1,0,0,0,1,0,0,0,0,1,1,0,0,0,0
"GA",1,762,837903,0,3,NA,762,0,0,1,0,1,1,0,0,0,0,1,1,0,1,1,0
"GA",1,763,780411,1,0,NA,763,0,0,1,0,0,1,0,0,0,0,1,1,0,0,0,0
"GA",1,764,773487,0,1,NA,764,0,1,1,1,0,0,0,0,1,0,0,0,0,0,0,1
"GA",1,765,829575,0,2,NA,765,0,1,1,1,0,1,0,0,0,0,1,1,0,0,0,0
"GA",1,766,829575,0,1,NA,766,0,0,1,1,0,1,0,0,0,0,1,1,0,0,0,0
"GA",1,767,784178,0,1,NA,767,0,0,1,1,0,1,1,0,0,0,1,0,0,0,0,0
"GA",1,768,797253,0,2,NA,768,0,1,0,0,1,1,0,0,1,0,0,0,0,0,1,1
"GA",1,769,551763,1,0,NA,769,0,1,0,0,0,0,0,0,0,0,1,0,0,0,0,0
"GA",1,770,797253,0,1,NA,770,0,1,0,0,1,1,0,0,1,0,0,0,0,0,0,1
"GA",1,771,785222,1,0,NA,771,0,1,0,0,1,0,0,0,0,0,1,1,0,0,0,0
"GA",1,772,845885,1,0,NA,772,0,1,0,0,0,0,1,0,0,0,1,1,0,0,0,0
"GA",1,773,536354,1,0,NA,773,0,0,0,1,0,0,0,0,0,0,1,0,0,0,0,0
"GA",1,774,829575,0,1,NA,774,0,0,1,1,0,1,0,0,0,0,1,1,0,0,0,0
"GA",1,775,654408,1,0,NA,775,0,1,0,0,1,0,1,0,0,0,1,0,0,0,0,0
"GA",1,776,762184,1,0,NA,776,0,0,1,1,0,0,0,0,0,0,1,0,0,0,0,1
"GA",1,777,762184,1,0,NA,777,0,0,1,1,0,0,0,0,0,0,1,0,0,0,0,1
"GA",1,778,811462,1,0,NA,778,0,1,0,0,1,0,1,0,0,0,0,1,0,0,0,0
"GA",1,779,845885,1,0,NA,779,0,1,0,0,0,0,1,0,0,0,1,1,0,0,0,0
"GA",1,780,780411,1,0,NA,780,0,0,1,0,0,1,0,0,0,0,1,1,0,0,0,0
"GA",1,781,845885,1,0,NA,781,0,1,0,0,0,0,1,0,0,0,1,1,0,0,0,0
"GA",1,782,789907,0,1,NA,782,0,0,1,1,1,0,0,0,0,0,1,1,0,0,0,0
"GA",1,783,784178,0,1,NA,783,0,0,1,1,0,1,1,0,0,0,1,0,0,0,0,0
"GA",1,784,823679,1,0,NA,784,0,0,1,0,0,0,1,0,0,0,1,1,0,0,0,0
"GA",1,785,829575,0,3,NA,785,0,0,1,1,0,1,0,0,0,0,1,1,0,1,1,0
"GA",1,786,829575,0,2,NA,786,0,0,1,1,0,1,0,0,0,1,1,1,0,0,0,0
"GA",1,787,658909,1,0,NA,787,0,0,0,0,1,0,0,0,0,0,0,1,0,0,0,1
"GA",1,788,823679,1,0,NA,788,0,0,1,0,0,0,1,0,0,0,1,1,0,0,0,0
"GA",1,789,508582,1,0,NA,789,0,0,0,1,1,0,1,0,1,0,0,0,0,0,0,0
"GA",1,790,772641,0,2,NA,790,0,1,1,1,0,0,0,0,1,0,0,0,0,1,1,0
"GA",1,791,845885,1,0,NA,791,0,1,0,0,0,0,1,0,0,0,1,1,0,0,0,0
"GA",1,792,785222,0,1,NA,792,0,1,0,0,1,0,0,0,0,0,1,1,0,0,1,0
"GA",1,793,787852,1,0,NA,793,0,0,0,1,1,0,1,0,0,0,0,1,0,0,0,0
"GA",1,794,845885,1,0,NA,794,0,1,0,0,0,0,1,0,0,0,1,1,0,0,0,0
"GA",1,795,852613,0,1,NA,795,0,1,0,0,1,1,0,0,0,0,1,1,0,0,0,0
"GA",1,796,785222,1,0,NA,796,0,1,0,0,1,0,0,0,0,0,1,1,0,0,0,0
"GA",1,797,762184,1,0,NA,797,0,0,1,1,0,0,0,0,0,0,1,1,0,0,0,0
"GA",1,798,797253,0,1,NA,798,0,1,0,0,1,1,0,0,1,0,0,0,0,0,0,1
"GA",1,799,603657,1,0,NA,799,0,0,1,0,0,0,0,0,0,0,1,0,0,0,0,0
"GA",1,800,816689,1,0,NA,800,0,1,0,0,0,1,0,0,0,0,1,1,0,0,0,0
"GA",1,801,789907,0,1,NA,801,0,0,1,1,1,0,0,0,0,0,1,1,0,0,0,0
"GA",1,802,789907,0,1,NA,802,0,0,1,1,1,0,0,0,0,0,1,1,0,0,0,0
"GA",1,803,797253,0,2,NA,803,0,1,0,0,1,1,0,0,1,0,0,0,0,0,1,1
"GA",1,804,801314,0,1,NA,804,0,1,0,0,0,1,0,0,0,0,1,0,0,1,1,0
"GA",1,805,762184,1,0,NA,805,0,0,1,1,0,0,0,0,0,0,1,1,0,0,0,0
"GA",1,806,829575,0,1,NA,806,0,0,1,1,0,1,0,0,0,0,1,1,0,0,0,0
"GA",1,807,845885,0,1,NA,807,0,1,0,0,0,0,1,0,0,0,1,1,0,0,0,1
"GA",1,808,797253,0,2,NA,808,0,1,0,0,1,1,0,0,1,0,0,0,0,0,1,1
"GA",1,809,821374,0,1,NA,809,0,1,1,0,0,1,0,0,0,0,1,1,0,0,0,0
"GA",1,810,797253,0,1,NA,810,0,1,0,0,1,1,0,0,1,0,0,0,0,0,0,1
"GA",1,811,823679,1,0,NA,811,0,0,1,0,0,0,1,0,0,0,1,1,0,0,0,0
"GA",1,812,852613,0,1,NA,812,0,1,0,0,1,1,0,0,0,0,1,1,0,0,0,0
"GA",1,813,845885,1,0,NA,813,0,1,0,0,0,0,1,0,0,0,1,1,0,0,0,0
"GA",1,814,729862,1,0,NA,814,0,1,0,0,1,0,0,0,1,0,0,0,0,0,0,1
"GA",1,815,893541,0,2,NA,815,0,0,1,1,0,1,1,0,0,0,1,1,0,0,0,0
"GA",1,816,747265,0,1,NA,816,0,0,1,1,1,0,1,0,0,0,1,0,0,0,0,0
"GA",1,817,851943,0,1,NA,817,0,1,0,0,1,0,1,0,0,0,1,1,0,0,0,0
"GA",1,818,671971,1,0,NA,818,0,0,0,0,1,0,0,0,0,0,0,1,1,0,0,1
"GA",1,819,729143,1,0,NA,819,0,0,0,0,0,0,1,0,0,0,1,1,0,0,0,0
"GA",1,820,762184,1,0,NA,820,0,0,1,1,0,0,0,0,0,0,1,1,0,0,0,0
"GA",1,821,762184,0,1,NA,821,0,0,1,1,0,0,0,0,0,0,1,1,0,0,0,1
"GA",1,822,845885,0,1,NA,822,0,1,0,0,0,0,1,0,0,0,1,1,0,0,0,1
"GA",1,823,829575,0,2,NA,823,0,0,1,1,0,1,0,0,0,0,1,1,0,1,0,0
"GA",1,824,638800,0,1,NA,824,0,0,0,1,1,0,1,0,1,0,1,0,0,0,0,0
"GA",1,825,857022,0,2,NA,825,0,0,1,1,0,1,1,0,1,0,0,0,0,0,0,1
"GA",1,826,845885,0,1,NA,826,0,1,0,0,0,0,1,0,0,0,1,1,0,0,0,1
"GA",1,827,829575,0,1,NA,827,0,0,1,1,0,1,0,0,0,0,1,1,0,0,0,0
"GA",1,828,652821,1,0,NA,828,0,0,1,1,0,0,0,0,0,0,1,0,0,0,0,0
"GA",1,829,845885,1,0,NA,829,0,1,0,0,0,0,1,0,0,0,1,1,0,0,0,0
"GA",1,830,852613,0,2,NA,830,0,1,0,1,1,1,0,0,0,0,1,1,0,0,0,0
"GA",1,831,655078,1,0,NA,831,0,1,0,0,1,1,0,0,0,0,1,0,0,0,0,0
"GA",1,832,829575,0,3,NA,832,0,0,1,1,0,1,0,0,0,1,1,1,0,0,1,0
"GA",1,833,671048,1,0,NA,833,0,0,1,0,0,1,0,0,0,0,1,0,0,0,0,0
"GA",1,834,762184,1,0,NA,834,0,0,1,1,0,0,0,0,0,0,1,0,0,0,0,1
"GA",1,835,797253,0,1,NA,835,0,1,0,0,1,1,0,0,1,0,0,0,0,0,0,1
"GA",1,836,762184,1,0,NA,836,0,0,1,1,0,0,0,0,0,0,1,1,0,0,0,0
"GA",1,837,845885,1,0,NA,837,0,1,0,0,0,0,1,0,0,0,1,1,0,0,0,0
"GA",1,838,652821,1,0,NA,838,0,0,1,1,0,0,0,0,0,0,1,0,0,0,0,0
"GA",1,839,634390,1,0,NA,839,0,0,1,1,0,0,0,0,0,0,0,1,0,0,0,1
"GA",1,840,797253,0,1,NA,840,0,1,0,0,1,1,0,0,1,0,0,0,0,0,0,1
"GA",1,841,829575,0,2,NA,841,0,0,1,1,0,1,0,0,0,0,1,1,0,1,0,0
"GA",1,842,762184,1,0,NA,842,0,0,1,1,0,0,0,0,0,0,1,0,0,0,0,1
"GA",1,843,762184,1,0,NA,843,0,0,1,1,0,0,0,0,0,0,1,0,0,0,0,1
"GA",1,844,789907,0,1,NA,844,0,0,1,1,1,0,0,0,0,0,1,1,0,0,0,0
"GA",1,845,603657,1,0,NA,845,0,0,1,0,0,0,0,0,0,0,1,0,0,0,0,0
"GA",1,846,479026,1,0,NA,846,0,0,0,0,1,0,0,0,0,0,1,0,0,0,0,0
"GA",1,847,720212,1,0,NA,847,0,0,1,1,0,1,0,0,0,0,1,0,0,0,0,0
"GA",1,848,837233,0,1,NA,848,0,0,1,0,1,0,1,0,0,0,1,0,0,0,0,1
"GA",1,849,634025,1,0,NA,849,0,0,0,0,1,0,0,0,0,0,1,0,0,0,0,1
"GA",1,850,762184,0,1,NA,850,0,0,1,1,0,0,0,0,0,1,1,1,0,0,0,0
"GA",1,851,845885,1,0,NA,851,0,1,0,0,0,0,1,0,0,0,1,1,0,0,0,0
"GA",1,852,728175,0,1,NA,852,0,0,1,1,0,1,1,0,0,0,0,0,0,0,0,1
"GA",1,853,606095,1,0,NA,853,0,0,0,1,0,0,0,0,0,0,0,1,0,0,0,1
"GA",1,854,652821,1,0,NA,854,0,0,1,1,0,0,0,0,0,0,1,0,0,0,0,0
"GA",1,855,762184,1,0,NA,855,0,0,1,1,0,0,0,0,0,0,1,1,0,0,0,0
"GA",1,856,762184,1,0,NA,856,0,0,1,1,0,0,0,0,0,0,1,0,0,0,0,1
"GA",1,857,762184,0,1,NA,857,0,0,1,1,0,0,0,0,0,0,1,1,0,0,0,1
"GA",1,858,836335,0,3,NA,858,0,0,0,1,1,0,1,0,1,0,1,1,0,0,0,1
"GA",1,859,655078,1,0,NA,859,0,1,0,0,1,1,0,0,0,0,1,0,0,0,0,0
"GA",1,860,785222,0,1,NA,860,0,1,0,0,1,0,0,0,0,0,1,1,0,0,0,1
"GA",1,861,671048,1,0,NA,861,0,0,1,0,0,1,0,0,0,0,1,0,0,0,0,0
"GA",1,862,797253,0,2,NA,862,0,1,0,0,1,1,0,0,1,0,0,0,0,0,1,1
"GA",1,863,652821,1,0,NA,863,0,0,1,1,0,0,0,0,0,0,1,0,0,0,0,0
"GA",1,864,762184,1,0,NA,864,0,0,1,1,0,0,0,0,0,0,1,1,0,0,0,0
"GA",1,865,829575,0,1,NA,865,0,0,1,1,0,1,0,0,0,0,1,1,0,0,0,0
"GA",1,866,671971,1,0,NA,866,0,0,0,0,1,0,0,0,0,0,0,1,1,0,0,0
"GA",1,867,886772,0,2,NA,867,0,1,0,0,1,1,0,0,1,0,1,1,0,0,0,0
"GA",1,868,762184,1,0,NA,868,0,0,1,1,0,0,0,0,0,0,1,1,0,0,0,0
"GA",1,869,811462,1,0,NA,869,0,1,0,0,1,0,1,0,0,0,0,1,0,0,0,0
"GA",1,870,829575,0,1,NA,870,0,0,1,1,0,1,0,0,0,0,1,1,0,0,0,0
"GA",1,871,785222,1,0,NA,871,0,1,0,0,1,0,0,0,0,0,1,1,0,0,0,0
"GA",1,872,845885,0,1,NA,872,0,1,0,0,0,0,1,0,0,0,1,1,0,0,0,1
"GA",1,873,762184,0,1,NA,873,0,1,1,1,0,0,0,0,0,0,1,0,0,0,0,1
"GA",1,874,762184,1,0,NA,874,0,0,1,1,0,0,0,0,0,0,1,1,0,0,0,0
"GA",1,875,785222,0,1,NA,875,0,1,0,0,1,0,0,0,0,0,1,1,0,0,0,1
"GA",1,876,546417,1,0,NA,876,0,0,0,0,1,1,0,0,0,0,1,0,0,0,0,0
"GA",1,877,845885,1,0,NA,877,0,1,0,0,0,0,1,0,0,0,1,1,0,0,0,0
"GA",1,878,655078,0,1,NA,878,0,1,0,1,1,1,0,0,0,0,1,0,0,0,0,0
"GA",1,879,634025,1,0,NA,879,0,0,0,0,1,0,0,0,0,0,1,0,0,0,0,1
"GA",1,880,762184,1,0,NA,880,0,0,1,1,0,0,0,0,0,0,1,0,0,0,0,1
"GA",1,881,892979,0,1,NA,881,0,1,0,0,1,0,1,1,0,0,0,1,0,0,0,0
"GA",1,882,762184,1,0,NA,882,0,0,1,1,0,0,0,0,0,0,1,1,0,0,0,0
"GA",1,883,845885,1,0,NA,883,0,1,0,0,0,0,1,0,0,0,1,1,0,0,0,0
"GA",1,884,658063,1,0,NA,884,0,0,0,0,1,0,0,0,0,0,0,1,0,0,0,0
"GA",1,885,714316,1,0,NA,885,0,0,1,0,0,0,1,0,0,0,1,0,0,0,0,0
"GA",1,886,785222,1,0,NA,886,0,1,0,0,1,0,0,0,0,0,1,1,0,0,0,0
"GA",1,887,698544,1,0,NA,887,0,0,0,0,1,0,0,0,0,0,1,1,0,0,0,0
"GA",1,888,546417,1,0,NA,888,0,0,0,0,1,1,0,0,0,0,1,0,0,0,0,0
"GA",1,889,603657,1,0,NA,889,0,0,1,0,0,0,0,0,0,0,1,0,0,0,0,0
"GA",1,890,852613,0,2,NA,890,0,1,0,0,1,1,0,0,0,1,1,1,0,0,0,0
"GA",1,891,823679,1,0,NA,891,0,0,1,0,0,0,1,0,0,0,1,0,0,0,0,1
"GA",1,892,762184,1,0,NA,892,0,0,1,1,0,0,0,0,0,0,1,1,0,0,0,0
"GA",1,893,785222,1,0,NA,893,0,1,0,0,1,0,0,0,0,0,1,1,0,0,0,0
"GA",1,894,551763,1,0,NA,894,0,1,0,0,0,0,0,0,0,0,1,0,0,0,0,0
"GA",1,895,479026,1,0,NA,895,0,0,0,0,1,0,0,0,0,0,1,0,0,0,0,0
"GA",1,896,603657,1,0,NA,896,0,0,1,0,0,0,0,0,0,0,1,0,0,0,0,0
"GA",1,897,823679,1,0,NA,897,0,0,1,0,0,0,1,0,0,0,1,1,0,0,0,0
"GA",1,898,652821,1,0,NA,898,0,0,1,1,0,0,0,0,0,0,1,0,0,0,0,0
"GA",1,899,742686,1,0,NA,899,0,1,0,0,1,0,0,0,0,0,1,0,0,0,0,1
"GA",1,900,747935,0,1,NA,900,0,0,1,1,1,1,0,0,0,0,1,0,0,0,0,0
"GA",1,901,811462,1,0,NA,901,0,1,0,0,1,0,1,0,0,0,0,1,0,0,0,0
"GA",1,902,785222,1,0,NA,902,0,1,0,0,1,0,0,0,0,0,1,1,0,0,0,0
"GA",1,903,536354,1,0,NA,903,0,0,0,1,0,0,0,0,0,0,1,0,0,0,0,0
"GA",1,904,845235,0,2,NA,904,0,0,1,0,1,0,1,0,1,0,1,0,0,0,0,1
"GA",1,905,718138,0,1,NA,905,0,0,1,1,0,0,0,1,0,0,0,1,0,0,0,1
"GA",1,906,845885,1,0,NA,906,0,1,0,0,0,0,1,0,0,0,1,1,0,0,0,0
"GA",1,907,652821,1,0,NA,907,0,0,1,1,0,0,0,0,0,0,1,0,0,0,0,0
"GA",1,908,698544,1,0,NA,908,0,0,0,0,1,0,0,0,0,0,1,1,0,0,0,0
"GA",1,909,823679,1,0,NA,909,0,0,1,0,0,0,1,0,0,0,1,1,0,0,0,0
"GA",1,910,785222,1,0,NA,910,0,1,0,0,1,0,0,0,0,0,1,1,0,0,0,0
"GA",1,911,852613,0,1,NA,911,0,1,0,0,1,1,0,0,0,0,1,1,0,0,0,0
"GA",1,912,749298,1,0,NA,912,0,1,0,0,0,0,0,0,0,0,1,1,0,0,0,0
"GA",1,913,714316,1,0,NA,913,0,0,1,0,0,0,1,0,0,0,1,0,0,0,0,0
"GA",1,914,536354,1,0,NA,914,0,0,0,1,0,0,0,0,0,0,1,0,0,0,0,0
"GA",1,915,785222,1,0,NA,915,0,1,0,0,1,0,0,0,0,0,1,1,0,0,0,0
"GA",1,916,785222,1,0,NA,916,0,1,0,0,1,0,0,0,0,0,1,1,0,0,0,0
"GA",1,917,706762,1,0,NA,917,0,1,0,0,0,0,0,0,0,0,1,0,0,0,0,1
"GA",1,918,851943,0,1,NA,918,0,1,0,0,1,0,1,0,0,0,1,1,0,0,0,0
"GA",1,919,551763,1,0,NA,919,0,1,0,0,0,0,0,0,0,0,1,0,0,0,0,0
"GA",1,920,785222,1,0,NA,920,0,1,0,0,1,0,0,0,0,0,1,1,0,0,0,0
"GA",1,921,845885,1,0,NA,921,0,1,0,0,0,0,1,0,0,0,1,1,0,0,0,0
"GA",1,922,762184,1,0,NA,922,0,0,1,1,0,0,0,0,0,0,1,1,0,0,0,0
"GA",1,923,828489,1,0,NA,923,0,1,0,0,1,0,0,1,0,0,0,1,0,0,0,0
"GA",1,924,845885,1,0,NA,924,0,1,0,0,0,0,1,0,0,0,1,1,0,0,0,0
"GA",1,925,634025,1,0,NA,925,0,0,0,0,1,0,0,0,0,0,1,0,0,0,0,1
"GA",1,926,785222,1,0,NA,926,0,1,0,0,1,0,0,0,0,0,1,1,0,0,0,0
"GA",1,927,762184,1,0,NA,927,0,0,1,1,0,0,0,0,0,0,1,1,0,0,0,0
"GA",1,928,757499,1,0,NA,928,0,1,0,1,0,0,0,0,0,0,1,1,0,0,0,0
"GA",1,929,850570,0,3,NA,929,0,1,1,1,0,0,1,0,0,0,1,1,0,0,0,1
"GA",1,930,785222,1,0,NA,930,0,1,0,0,1,0,0,0,0,0,1,1,0,0,0,0
"GA",1,931,713020,1,0,NA,931,0,0,1,0,0,0,0,0,0,0,1,1,0,0,0,0
"GA",1,932,845885,0,1,NA,932,0,1,0,0,0,0,1,0,0,0,1,1,0,0,0,1
"GA",1,933,762184,0,1,NA,933,0,1,1,1,0,0,0,0,0,0,1,0,0,0,0,1
"GA",1,934,762184,1,0,NA,934,0,0,1,1,0,0,0,0,0,0,1,1,0,0,0,0
"GA",1,935,762184,1,0,NA,935,0,0,1,1,0,0,0,0,0,0,1,1,0,0,0,0
"GA",1,936,823679,1,0,NA,936,0,0,1,0,0,0,1,0,0,0,1,1,0,0,0,0
"GA",1,937,479026,1,0,NA,937,0,0,0,0,1,0,0,0,0,0,1,0,0,0,0,0
"GA",1,938,823679,1,0,NA,938,0,0,1,0,0,0,1,0,0,0,1,1,0,0,0,0
"GA",1,939,823679,1,0,NA,939,0,0,1,0,0,0,1,0,0,0,1,1,0,0,0,0
"GA",1,940,785222,1,0,NA,940,0,1,0,0,1,0,0,0,0,0,1,1,0,0,0,0
"GA",1,941,828854,0,1,NA,941,0,0,1,0,1,1,0,0,1,0,0,0,0,0,0,1
"GA",1,942,698544,1,0,NA,942,0,0,0,0,1,0,0,0,0,0,1,1,0,0,0,0
"GA",1,943,742686,1,0,NA,943,0,1,0,0,1,0,0,0,0,0,1,0,0,0,0,1
"GA",1,944,845885,1,0,NA,944,0,1,0,0,0,0,1,0,0,0,1,1,0,0,0,0
"GA",1,945,857298,0,2,NA,945,0,0,1,1,1,1,0,0,0,0,1,1,0,0,0,0
"GA",1,946,742686,1,0,NA,946,0,1,0,0,1,0,0,0,0,0,1,0,0,0,0,1
"GA",1,947,770512,1,0,NA,947,0,0,1,0,1,0,0,0,0,0,1,1,0,0,0,0
"GA",1,948,698544,1,0,NA,948,0,0,0,0,1,0,0,0,0,0,1,1,0,0,0,0
"GA",1,949,785222,0,1,NA,949,0,1,0,0,1,0,0,0,0,0,1,1,0,0,0,1
"GA",1,950,713020,1,0,NA,950,0,0,1,0,0,0,0,0,0,0,1,1,0,0,0,0
"GA",1,951,551763,1,0,NA,951,0,1,0,0,0,0,0,0,0,0,1,0,0,0,0,0
"GA",1,952,857298,0,2,NA,952,0,0,1,1,1,1,0,0,0,0,1,1,0,0,0,0
"GA",1,953,742686,1,0,NA,953,0,1,0,0,1,0,0,0,0,0,1,0,0,0,0,1
"GA",1,954,652821,1,0,NA,954,1,0,1,1,0,0,0,0,0,0,1,0,0,0,0,0
"GA",1,955,652821,1,0,NA,955,0,0,1,1,0,0,0,0,0,0,1,0,0,0,0,0
"GA",1,956,823679,1,0,NA,956,0,0,1,0,0,0,1,0,0,0,1,1,0,0,0,0
"GA",1,957,762184,1,0,NA,957,0,0,1,1,0,0,0,0,0,0,1,1,0,0,0,0
"GA",1,958,828854,0,1,NA,958,0,0,1,0,1,1,0,0,1,0,0,0,0,0,0,1
"GA",1,959,713020,1,0,NA,959,0,0,1,0,0,0,0,0,0,0,1,1,0,0,0,0
"GA",1,960,713020,1,0,NA,960,0,0,1,0,0,0,0,0,0,0,1,1,0,0,0,0
"GA",1,961,845885,0,1,NA,961,0,1,0,0,0,0,1,0,0,0,1,1,0,0,0,1
"GA",1,962,762184,1,0,NA,962,0,0,1,1,0,0,0,0,0,0,1,0,0,0,0,1
"GA",1,963,753983,1,0,NA,963,0,1,1,0,0,0,0,0,0,0,1,1,0,0,0,0
"GA",1,964,845885,1,0,NA,964,0,1,0,0,0,0,1,0,0,0,1,1,0,0,0,0
"GA",1,965,714316,1,0,NA,965,0,0,1,0,0,0,1,0,0,0,1,0,0,0,0,0
"GA",1,966,823679,1,0,NA,966,0,0,1,0,0,0,1,0,0,0,1,1,0,0,0,0
"GA",1,967,749298,1,0,NA,967,0,1,0,0,0,0,0,0,0,0,1,1,0,0,0,0
"GA",1,968,785222,1,0,NA,968,0,1,0,0,1,0,0,0,0,0,1,1,0,0,0,0
"GA",1,969,851943,0,1,NA,969,0,1,0,0,1,0,1,0,0,0,1,1,0,0,0,0
"GA",1,970,749298,1,0,NA,970,0,1,0,0,0,0,0,0,0,0,1,1,0,0,0,0
"GA",1,971,698544,1,0,NA,971,0,0,0,0,1,0,0,0,0,0,1,1,0,0,0,1
"GA",1,972,551763,1,0,NA,972,0,1,0,0,0,0,0,0,0,0,1,0,0,0,0,0
"GA",1,973,713020,1,0,NA,973,0,0,1,0,0,0,0,0,0,0,1,1,0,0,0,0
"GA",1,974,785222,0,1,NA,974,0,1,0,0,1,0,0,0,0,0,1,1,0,0,0,1
"GA",1,975,762184,1,0,NA,975,0,0,1,1,0,0,0,0,0,0,1,0,0,0,0,1
"GA",1,976,850570,0,2,NA,976,0,0,1,1,0,0,1,0,0,0,1,1,0,0,0,1
"GA",1,977,551763,1,0,NA,977,0,1,0,0,0,0,0,0,0,0,1,0,0,0,0,0
"GA",1,978,829575,0,2,NA,978,0,1,1,1,0,1,0,0,0,0,1,1,0,0,0,0
"GA",1,979,713020,1,0,NA,979,0,0,1,0,0,0,0,0,0,0,1,1,0,0,0,0
"GA",1,980,845885,0,1,NA,980,0,1,0,1,0,0,1,0,0,0,1,1,0,0,0,0
"GA",1,981,785222,1,0,NA,981,0,1,0,0,1,0,0,0,0,0,1,1,0,0,0,0
"GA",1,982,652821,1,0,NA,982,0,1,1,1,0,0,0,0,0,0,1,0,0,0,0,0
"GA",1,983,713020,1,0,NA,983,0,0,1,0,0,0,0,0,0,0,1,1,0,0,0,0
"GA",1,984,757499,1,0,NA,984,0,1,0,1,0,0,0,0,0,0,1,1,0,0,0,0
"GA",1,985,698544,1,0,NA,985,0,0,0,0,1,0,0,0,0,0,1,1,0,0,0,0
"GA",1,986,857298,0,2,NA,986,0,0,1,1,1,1,0,0,0,0,1,1,0,0,0,0
"GA",1,987,749298,1,0,NA,987,0,1,0,0,0,0,0,0,0,0,1,1,0,0,0,0
"GA",1,988,829575,0,2,NA,988,0,1,1,1,0,1,0,0,0,0,1,1,0,0,0,0
"GA",1,989,845885,1,0,NA,989,0,1,0,0,0,0,1,0,0,0,1,1,0,0,0,0
"GA",1,990,753983,0,1,NA,990,0,1,1,0,0,0,0,0,0,1,1,1,0,0,0,0
"GA",1,991,851943,0,1,NA,991,0,1,0,0,1,0,1,0,0,0,1,1,0,0,0,0
"GA",1,992,753983,1,0,NA,992,0,1,1,0,0,0,0,0,0,0,1,1,0,0,0,0
"GA",1,993,850570,0,2,NA,993,0,0,1,1,0,0,1,0,0,0,1,1,0,0,0,1
"GA",1,994,785222,1,0,NA,994,0,1,0,0,1,0,0,0,0,0,1,1,0,0,0,0
"GA",1,995,753983,0,1,NA,995,0,1,1,0,0,0,0,0,0,0,1,1,0,0,0,1
"GA",1,996,713020,1,0,NA,996,0,0,1,0,0,0,0,0,0,0,1,1,0,0,0,1
"GA",1,997,857298,0,2,NA,997,0,0,1,1,1,1,0,0,0,0,1,1,0,0,0,0
"GA",1,998,850570,0,2,NA,998,0,0,1,1,0,0,1,0,0,0,1,1,0,0,0,1
"GA",1,999,698544,1,0,NA,999,0,0,0,0,1,0,0,0,0,0,1,1,0,0,0,0
"GA",1,1000,813779,1,0,NA,1000,0,0,1,0,1,0,0,1,0,0,0,1,0,0,0,0
"GA",1,1001,785222,1,0,NA,1001,0,1,0,0,1,0,0,0,0,0,1,1,0,0,0,0
"GA",1,1002,749298,1,0,NA,1002,0,1,0,0,0,0,0,0,0,0,1,1,0,0,0,0
"GA",1,1003,713020,1,0,NA,1003,0,0,1,0,0,0,0,0,0,0,1,1,0,0,0,0
"GA",1,1004,828489,1,0,NA,1004,0,1,0,0,1,0,0,1,0,0,0,1,0,0,0,0
"GA",1,1005,785222,1,0,NA,1005,0,1,0,0,1,0,0,0,0,0,1,1,0,0,0,0
"GA",1,1006,551763,1,0,NA,1006,0,1,0,0,0,0,0,0,0,0,1,0,0,0,0,0
"GA",1,1007,845885,1,0,NA,1007,0,1,0,0,0,0,1,0,0,0,1,1,0,0,0,0
"GA",1,1008,652821,1,0,NA,1008,0,1,1,1,0,0,0,0,0,0,1,0,0,0,0,0
"GA",1,1009,894914,0,2,NA,1009,0,1,0,0,1,1,1,0,0,0,1,1,0,0,0,0
"GA",1,1010,749298,1,0,NA,1010,0,1,0,0,0,0,0,0,0,0,1,1,0,0,0,0
"GA",1,1011,713020,1,0,NA,1011,0,0,1,0,0,0,0,0,0,0,1,1,0,0,0,0
"GA",1,1012,823679,0,1,NA,1012,0,0,1,0,0,0,1,0,0,0,1,1,0,1,0,0
"GA",1,1013,785222,1,0,NA,1013,0,1,0,0,1,0,0,0,0,0,1,1,0,0,0,0
"GA",1,1014,603657,1,0,NA,1014,0,0,1,0,0,0,0,0,0,0,1,0,0,0,0,0
"GA",1,1015,749298,1,0,NA,1015,0,1,0,0,0,0,0,0,0,0,1,1,0,0,0,0
"GA",1,1016,850570,0,1,NA,1016,0,0,1,1,0,0,1,0,0,0,1,1,0,0,0,0
"GA",1,1017,744741,1,0,NA,1017,0,1,0,0,1,0,0,0,0,0,0,1,0,0,0,0
"GA",1,1018,654408,1,0,NA,1018,0,1,0,0,1,0,1,0,0,0,1,0,0,0,0,0
"GA",1,1019,857298,0,2,NA,1019,0,0,1,1,1,1,0,0,0,0,1,1,0,0,0,0
"GA",1,1020,713020,1,0,NA,1020,0,0,1,0,0,0,0,0,0,0,1,1,0,0,0,0
"GA",1,1021,762184,0,1,NA,1021,0,0,1,1,0,0,0,0,0,1,1,1,0,0,0,0
"GA",1,1022,851943,0,1,NA,1022,0,1,0,0,1,0,1,0,0,0,1,1,0,0,0,0
"GA",1,1023,749298,1,0,NA,1023,0,1,0,0,0,0,0,0,0,0,1,1,0,0,0,0
"GA",1,1024,848249,0,2,NA,1024,0,0,1,1,1,1,0,0,1,0,0,0,0,0,0,1
"GA",1,1025,729143,1,0,NA,1025,0,0,0,0,0,0,1,0,0,0,1,1,0,0,0,0
"GA",1,1026,785222,1,0,NA,1026,0,1,0,0,1,0,0,0,0,0,1,1,0,0,0,0
"GA",1,1027,845885,1,0,NA,1027,0,1,0,0,0,0,1,0,0,0,1,1,0,0,0,0
"GA",1,1028,652821,1,0,NA,1028,0,0,1,1,0,0,0,0,0,0,1,0,0,0,0,0
"GA",1,1029,729143,1,0,NA,1029,0,0,0,0,0,0,1,0,0,0,1,1,0,0,0,0
"GA",1,1030,850570,0,1,NA,1030,0,0,1,1,0,0,1,0,0,0,1,1,0,0,0,0
"GA",1,1031,866560,0,2,NA,1031,0,0,1,1,1,1,0,1,0,0,0,1,0,0,0,0
"GA",1,1032,848119,0,1,NA,1032,0,1,0,0,0,0,1,0,0,0,1,1,0,1,0,0
"GA",1,1033,700778,1,0,NA,1033,0,0,0,0,1,0,0,0,0,0,1,1,0,1,0,0
"GA",1,1034,744741,1,0,NA,1034,0,1,0,0,1,0,0,0,0,0,0,1,0,0,0,0
"GA",1,1035,823679,1,0,NA,1035,0,0,1,0,0,0,1,0,0,0,1,1,0,0,0,0
"GA",1,1036,762184,0,1,NA,1036,0,1,1,1,0,0,0,0,0,0,1,0,0,0,1,0
"GA",1,1037,749298,1,0,NA,1037,0,1,0,0,0,0,0,0,0,0,1,1,0,0,0,0
"GA",1,1038,713020,1,0,NA,1038,0,0,1,0,0,0,0,0,0,0,1,1,0,0,0,0
"GA",1,1039,656267,1,0,NA,1039,0,0,0,0,0,0,0,0,0,1,1,1,0,0,0,0
"GA",1,1040,845885,0,1,NA,1040,0,1,0,0,0,0,1,0,0,0,1,1,0,0,0,1
"GA",1,1041,857298,0,3,NA,1041,0,1,1,1,1,1,0,0,0,0,1,1,0,0,0,0
"GA",1,1042,731715,0,1,NA,1042,0,0,1,1,0,0,1,0,0,0,0,1,0,0,0,1
"GA",1,1043,753983,1,0,NA,1043,0,1,1,0,0,0,0,0,0,0,1,1,0,0,0,0
"GA",1,1044,829575,0,2,NA,1044,0,1,1,1,0,1,0,0,0,0,1,1,0,0,0,0
"GA",1,1045,753983,1,0,NA,1045,0,1,1,0,0,0,0,0,0,0,1,1,0,0,0,0
"GA",1,1046,749298,1,0,NA,1046,0,1,0,0,0,0,0,0,0,0,1,1,0,0,0,1
"GA",1,1047,789907,0,1,NA,1047,0,0,1,1,1,0,0,0,0,0,1,1,0,0,0,0
"GA",1,1048,829575,0,2,NA,1048,0,1,1,1,0,1,0,0,0,0,1,1,0,0,0,0
"GA",1,1049,749298,1,0,NA,1049,0,1,0,0,0,0,0,0,0,0,1,1,0,0,0,0
"GA",1,1050,744741,1,0,NA,1050,0,1,0,0,1,0,0,0,0,0,0,1,0,0,0,0
"GA",1,1051,618484,1,0,NA,1051,0,0,0,0,0,0,0,0,0,0,1,1,0,0,0,0
"GA",1,1052,770512,1,0,NA,1052,0,0,1,0,1,0,0,0,0,0,1,1,0,0,0,0
"GA",1,1053,654408,1,0,NA,1053,0,1,0,0,1,0,1,0,0,0,1,0,0,0,0,0
"GA",1,1054,850570,0,1,NA,1054,0,0,1,1,0,0,1,0,0,0,1,1,0,0,0,0
"GA",1,1055,856628,0,2,NA,1055,0,1,1,0,1,0,1,0,0,0,1,1,0,0,0,0
"GA",1,1056,845885,1,0,NA,1056,0,1,0,0,0,0,1,0,0,0,1,1,0,0,0,0
"GA",1,1057,713020,1,0,NA,1057,0,0,1,0,0,0,0,0,0,0,1,1,0,0,0,0
"GA",1,1058,749298,1,0,NA,1058,0,1,0,0,0,0,0,0,0,0,1,1,0,0,0,0
"GA",1,1059,845885,1,0,NA,1059,0,1,0,0,0,0,1,0,0,0,1,1,0,0,0,0
"GA",1,1060,713020,1,0,NA,1060,0,0,1,0,0,0,0,0,0,0,1,1,0,0,0,0
"GA",1,1061,762184,1,0,NA,1061,0,0,1,1,0,0,0,0,0,0,1,1,0,0,0,0
"GA",1,1062,845885,0,2,NA,1062,0,1,0,1,0,0,1,0,0,0,1,1,0,0,0,1
"GA",1,1063,850570,0,2,NA,1063,0,0,1,1,0,0,1,0,0,0,1,1,0,0,0,1
"GA",1,1064,845885,0,1,NA,1064,0,1,0,0,0,0,1,0,0,0,1,1,0,0,0,1
"GA",1,1065,845885,1,0,NA,1065,0,1,0,0,0,0,1,0,0,0,1,1,0,0,0,0
"GA",1,1066,698544,1,0,NA,1066,0,0,0,0,1,0,0,0,0,0,1,1,0,0,0,0
"GA",1,1067,729143,1,0,NA,1067,0,0,0,0,0,0,1,0,0,0,1,1,0,0,0,1
"GA",1,1068,837571,0,1,NA,1068,0,1,0,0,1,0,0,1,0,1,0,1,0,0,0,0
"GA",1,1069,762184,0,1,NA,1069,0,1,1,1,0,0,0,0,0,0,1,0,0,0,1,0
"GA",1,1070,848336,0,1,NA,1070,1,1,0,0,0,0,1,0,0,0,1,1,0,0,0,0
"GA",1,1071,829575,0,3,NA,1071,0,1,1,1,0,1,0,0,0,0,1,1,0,0,0,1
"GA",1,1072,828489,1,0,NA,1072,0,1,0,0,1,0,0,1,0,0,0,1,0,0,0,0
"GA",1,1073,856628,0,3,NA,1073,0,1,1,0,1,0,1,0,0,0,1,1,0,1,0,0
"GA",1,1074,749298,1,0,NA,1074,0,1,0,0,0,0,0,0,0,0,1,1,0,0,0,0
"GA",1,1075,754873,1,0,NA,1075,0,0,0,0,1,0,0,1,0,1,0,1,0,0,0,0
"GA",1,1076,749298,1,0,NA,1076,0,1,0,0,0,0,0,0,0,0,1,1,0,0,0,0
"GA",1,1077,762184,1,0,NA,1077,0,0,1,1,0,0,0,0,0,0,1,1,0,0,0,0
"GA",1,1078,829575,0,2,NA,1078,0,1,1,1,0,1,0,0,0,0,1,1,0,0,0,0
"GA",1,1079,749298,1,0,NA,1079,0,1,0,0,0,0,0,0,0,0,1,1,0,0,0,0
"GA",1,1080,868970,0,2,NA,1080,0,1,0,0,1,0,0,1,0,0,1,1,0,0,0,1
"GA",1,1081,850570,0,1,NA,1081,0,0,1,1,0,0,1,0,0,0,1,1,0,0,0,0
"GA",1,1082,845885,1,0,NA,1082,0,1,0,0,0,0,1,0,0,0,1,1,0,0,0,0
"GA",1,1083,698544,1,0,NA,1083,0,0,0,0,1,0,0,0,0,0,1,1,0,0,0,0
"GA",1,1084,713020,1,0,NA,1084,0,0,1,0,0,0,0,0,0,0,1,1,0,0,0,0
"GA",1,1085,565985,1,0,NA,1085,0,1,1,0,0,0,0,0,0,0,0,1,0,0,0,0
"GA",1,1086,866560,0,3,NA,1086,0,0,1,1,1,1,0,1,0,0,0,1,0,1,0,0
"GA",1,1087,749298,1,0,NA,1087,0,1,0,0,0,0,0,0,0,0,1,1,0,0,0,0
"GA",1,1088,823679,1,0,NA,1088,0,0,1,0,0,0,1,0,0,0,1,1,0,0,0,0
"GA",1,1089,762184,1,0,NA,1089,0,0,1,1,0,0,0,0,0,0,1,1,0,0,0,0
"GA",1,1090,845885,1,0,NA,1090,0,1,0,0,0,0,1,0,0,0,1,1,0,0,0,0
"GA",1,1091,802570,1,0,NA,1091,0,1,0,0,0,0,1,0,0,1,0,1,0,0,0,0
"GA",1,1092,845885,0,2,NA,1092,0,1,0,1,0,0,1,0,0,0,1,1,0,0,0,1
"GA",1,1093,845885,1,0,NA,1093,0,1,0,0,0,0,1,0,0,0,1,1,0,0,0,0
"GA",1,1094,749298,1,0,NA,1094,0,1,0,0,0,0,0,0,0,0,1,1,0,0,0,0
"GA",1,1095,845885,1,0,NA,1095,0,1,0,0,0,0,1,0,0,0,1,1,0,0,0,0
"GA",1,1096,762184,0,1,NA,1096,0,1,1,1,0,0,0,0,0,0,1,0,0,0,1,0
"GA",1,1097,856628,0,2,NA,1097,0,1,1,0,1,0,1,0,0,0,1,1,0,0,0,0
"GA",1,1098,845885,1,0,NA,1098,0,1,0,0,0,0,1,0,0,0,1,1,0,0,0,0
"GA",1,1099,824066,0,3,NA,1099,0,1,1,1,1,0,0,0,1,0,1,1,0,0,0,0
"GA",1,1100,713020,1,0,NA,1100,0,0,1,0,0,0,0,0,0,0,1,1,0,0,0,0
"GA",1,1101,845885,1,0,NA,1101,0,1,0,0,0,0,1,0,0,0,1,1,0,0,0,0
"GA",1,1102,645048,1,0,NA,1102,0,1,0,0,0,0,0,1,0,0,0,1,0,0,0,0
"GA",1,1103,785222,0,1,NA,1103,0,1,0,0,1,0,0,0,0,0,1,1,0,0,0,1
"GA",1,1104,749298,0,1,NA,1104,0,1,0,0,0,0,0,0,0,1,1,1,0,0,0,1
"GA",1,1105,824066,0,4,NA,1105,0,1,1,1,1,0,0,0,1,1,1,1,0,0,0,0
"GA",1,1106,845885,1,0,NA,1106,0,1,0,0,0,0,1,0,0,0,1,1,0,0,0,0
"GA",1,1107,905196,0,1,NA,1107,0,0,1,0,0,0,1,1,0,0,1,1,0,0,0,0
"GA",1,1108,897664,0,2,NA,1108,0,1,1,0,1,0,1,1,0,0,0,1,0,0,0,0
"GA",1,1109,654408,1,0,NA,1109,0,1,0,0,1,0,1,0,0,0,1,0,0,0,0,0
"GA",1,1110,850570,0,1,NA,1110,0,0,1,1,0,0,1,0,0,0,1,1,0,0,0,0
"GA",1,1111,802570,1,0,NA,1111,0,1,0,0,0,0,1,0,0,1,0,1,0,0,0,0
"GA",1,1112,700778,1,0,NA,1112,0,0,0,0,1,0,0,0,0,0,1,1,0,1,0,0
"GA",1,1113,813696,0,1,NA,1113,0,1,0,0,1,0,1,0,0,0,0,1,0,1,0,0
"GA",1,1114,856628,0,3,NA,1114,0,1,1,0,1,0,1,0,0,0,1,1,0,1,0,0
"GA",1,1115,671435,1,0,NA,1115,0,1,0,0,1,0,0,1,0,0,1,0,0,0,0,0
"GA",1,1116,658063,1,0,NA,1116,0,0,0,0,1,0,0,0,0,0,0,1,0,0,0,0
"GA",1,1117,851943,0,1,NA,1117,0,1,0,0,1,0,1,0,0,0,1,1,0,0,0,0
"GA",1,1118,744741,1,0,NA,1118,0,1,0,0,1,0,0,0,0,0,0,1,0,0,1,0
"GA",1,1119,828489,1,0,NA,1119,0,1,0,0,1,0,0,1,0,0,0,1,0,0,0,0
"GA",1,1120,851943,0,1,NA,1120,0,1,0,0,1,0,1,0,0,0,1,1,0,0,0,0
"GA",1,1121,698814,1,0,NA,1121,0,1,0,0,0,0,1,0,0,0,0,1,0,0,0,1
"GA",1,1122,785222,1,0,NA,1122,0,1,0,0,1,0,0,0,0,0,1,1,0,0,0,0
"GA",1,1123,837571,0,1,NA,1123,0,1,0,0,1,0,0,1,0,1,0,1,0,0,0,0
"GA",1,1124,845885,1,0,NA,1124,0,1,0,0,0,0,1,0,0,0,1,1,0,0,0,0
"GA",1,1125,749298,1,0,NA,1125,0,1,0,0,0,0,0,0,0,0,1,1,0,0,0,0
"GA",1,1126,845885,1,0,NA,1126,0,1,0,0,0,0,1,0,0,0,1,1,0,0,0,0
"GA",1,1127,754669,1,0,NA,1127,0,1,0,0,1,0,0,0,0,0,0,1,1,0,0,0
"GA",1,1128,762184,0,1,NA,1128,0,0,1,1,0,0,0,0,0,0,1,1,1,0,0,0
"GA",1,1129,787456,0,1,NA,1129,0,1,0,0,1,0,0,0,0,0,1,1,0,1,0,0
"GA",1,1130,749298,1,0,NA,1130,0,1,0,0,0,0,0,0,0,0,1,1,0,0,0,0
"GA",1,1131,762184,0,1,NA,1131,0,1,1,1,0,0,0,0,0,0,1,0,0,0,1,0
"GA",1,1132,785222,0,1,NA,1132,0,1,0,0,1,0,0,0,0,0,1,1,0,0,1,0
"GA",1,1133,798088,0,1,NA,1133,0,0,1,1,0,0,0,1,0,1,0,1,0,0,0,0
"GA",1,1134,654408,1,0,NA,1134,0,1,0,0,1,0,1,0,0,0,1,0,0,0,0,0
"GA",1,1135,797678,0,2,NA,1135,0,0,1,1,1,1,0,1,0,0,1,0,0,0,0,0
"GA",1,1136,656267,1,0,NA,1136,0,0,0,0,0,0,0,0,0,1,1,1,0,0,0,0
"GA",1,1137,717292,1,0,NA,1137,0,0,1,1,0,0,0,1,0,0,0,1,0,0,0,0
"GA",1,1138,837571,0,1,NA,1138,0,1,0,0,1,0,0,1,0,1,0,1,0,0,0,0
"GA",1,1139,700778,1,0,NA,1139,0,0,0,0,1,0,0,0,0,0,1,1,0,1,0,0
"GA",1,1140,762184,0,1,NA,1140,0,1,1,1,0,0,0,0,0,0,1,0,0,0,0,1
"GA",1,1141,785222,1,0,NA,1141,0,1,0,0,1,0,0,0,0,0,1,1,0,0,0,0
"GA",1,1142,811462,1,0,NA,1142,0,1,0,0,1,0,1,0,0,0,0,1,0,0,0,0
"GA",1,1143,749298,1,0,NA,1143,0,1,0,0,0,0,0,0,0,0,1,1,0,0,0,1
"GA",1,1144,869377,0,1,NA,1144,0,0,1,0,0,0,1,1,0,1,0,1,0,0,0,0
"GA",1,1145,652821,1,0,NA,1145,0,1,1,1,0,0,0,0,0,0,1,0,0,0,0,0
"GA",1,1146,618484,1,0,NA,1146,0,0,0,0,0,0,0,0,0,0,1,1,0,0,0,0
"GA",1,1147,785222,0,1,NA,1147,0,1,0,0,1,0,0,0,0,0,1,1,0,0,1,0
"GA",1,1148,828489,1,0,NA,1148,0,1,0,0,1,0,0,1,0,0,0,1,0,0,0,0
"GA",1,1149,813696,0,1,NA,1149,0,1,0,0,1,0,1,0,0,0,0,1,0,1,0,0
"GA",1,1150,798088,0,1,NA,1150,0,0,1,1,0,0,0,1,0,1,0,1,0,0,0,0
"GA",1,1151,753983,1,0,NA,1151,0,1,1,0,0,0,0,0,0,0,1,1,0,0,0,0
"GA",1,1152,845885,1,0,NA,1152,0,1,0,0,0,0,1,0,0,0,1,1,0,0,0,0
"GA",1,1153,698544,1,0,NA,1153,0,0,0,0,1,0,0,0,0,0,1,1,0,0,0,0
"GA",1,1154,713020,1,0,NA,1154,0,0,1,0,0,0,0,0,0,0,1,1,0,0,0,0
"GA",1,1155,765265,1,0,NA,1155,0,0,0,0,1,0,1,0,0,0,1,1,0,0,0,0
"GA",1,1156,561300,1,0,NA,1156,0,1,0,0,0,0,0,0,0,0,0,1,0,0,0,0
"GA",1,1157,762184,0,2,NA,1157,0,1,1,1,0,0,0,0,0,0,1,0,1,0,0,1
"GA",1,1158,735925,0,1,NA,1158,0,1,0,0,1,0,1,1,0,0,1,0,0,0,0,0
"GA",1,1159,824066,0,5,NA,1159,0,1,1,1,1,0,0,0,1,1,1,1,0,1,0,0
"GA",1,1160,717292,1,0,NA,1160,0,0,1,1,0,0,0,1,0,0,0,1,0,0,0,0
"GA",1,1161,765265,1,0,NA,1161,0,0,0,0,1,0,1,0,0,0,1,1,0,0,0,0
"GA",1,1162,785222,1,0,NA,1162,0,1,0,0,1,0,0,0,0,0,1,1,0,0,0,0
"GA",1,1163,800212,0,1,NA,1163,0,0,1,0,0,0,1,1,0,0,0,1,1,0,0,0
"GA",1,1164,810660,1,0,NA,1164,0,0,0,0,0,0,1,1,0,0,1,1,0,0,0,0
"GA",1,1165,811462,1,0,NA,1165,0,1,0,0,1,0,1,0,0,0,0,1,0,0,0,0
"GA",1,1166,713020,1,0,NA,1166,0,0,1,0,0,0,0,0,0,0,1,1,1,0,0,0
"GA",1,1167,751532,1,0,NA,1167,0,1,0,0,0,0,0,0,0,0,1,1,0,1,0,0
"GA",1,1168,868970,0,2,NA,1168,0,1,0,0,1,0,0,1,0,0,1,1,1,0,0,0
"GA",1,1169,787456,0,1,NA,1169,0,1,0,0,1,0,0,0,0,0,1,1,0,1,0,0
"GA",1,1170,798088,0,2,NA,1170,0,0,1,1,0,0,0,1,0,1,0,1,0,0,1,0
"GA",1,1171,785222,0,1,NA,1171,0,1,0,0,1,0,0,0,0,1,1,1,0,0,0,0
"GA",1,1172,850570,0,1,NA,1172,0,0,1,1,0,0,1,0,0,0,1,1,0,0,0,0
"GA",1,1173,645048,1,0,NA,1173,0,1,0,0,0,0,0,1,0,0,0,1,0,0,0,0
"GA",1,1174,648350,1,0,NA,1174,0,1,0,0,0,0,1,0,0,0,1,0,0,0,0,0
"GA",1,1175,850570,0,1,NA,1175,0,0,1,1,0,0,1,0,0,0,1,1,0,0,0,0
"GA",1,1176,811462,1,0,NA,1176,0,1,0,0,1,0,1,0,0,0,0,1,0,0,0,0
"GA",1,1177,878269,0,1,NA,1177,0,0,1,0,1,0,1,1,0,0,0,1,0,0,0,0
"GA",1,1178,851943,0,1,NA,1178,0,1,0,0,1,0,1,0,0,0,1,1,0,0,0,0
"GA",1,1179,856628,0,3,NA,1179,0,1,1,1,1,0,1,0,0,0,1,1,0,0,0,0
"GA",1,1180,519097,1,0,NA,1180,0,0,1,0,0,0,0,0,0,0,0,1,0,0,0,1
"GA",1,1181,785222,1,0,NA,1181,0,1,0,0,1,0,0,0,0,0,1,1,0,0,0,0
"GA",1,1182,819381,0,2,NA,1182,0,1,0,0,1,0,0,0,1,1,1,1,0,0,0,0
"GA",1,1183,933460,0,3,NA,1183,0,1,0,0,1,0,1,1,0,1,1,1,0,0,0,0
"GA",1,1184,749426,0,1,NA,1184,0,1,1,0,1,0,0,0,0,0,0,1,0,0,1,0
"GA",1,1185,845885,1,0,NA,1185,0,1,0,0,0,0,1,0,0,0,1,1,0,0,0,0
"GA",1,1186,811462,1,0,NA,1186,0,1,0,0,1,0,1,0,0,0,0,1,0,0,0,0
"GA",1,1187,868970,0,3,NA,1187,0,1,0,0,1,0,0,1,0,1,1,1,1,0,0,0
"GA",1,1188,810660,1,0,NA,1188,0,0,0,0,0,0,1,1,0,0,1,1,0,0,0,0
"GA",1,1189,785222,0,1,NA,1189,0,1,0,0,1,0,0,0,0,0,1,1,0,0,1,0
"GA",1,1190,935694,0,3,NA,1190,0,1,0,0,1,0,1,1,0,0,1,1,0,1,0,0
"GA",1,1191,856628,0,3,NA,1191,0,1,1,1,1,0,1,0,0,0,1,1,0,0,0,0
"GA",1,1192,749298,1,0,NA,1192,0,1,0,0,0,0,0,0,0,0,1,1,0,0,0,0
"GA",1,1193,813696,0,1,NA,1193,0,1,0,0,1,0,1,0,0,0,0,1,0,1,0,0
"GA",1,1194,785222,0,1,NA,1194,0,1,0,0,1,0,0,0,0,1,1,1,0,0,0,0
"GA",1,1195,798088,0,1,NA,1195,0,0,1,1,0,0,0,1,0,1,0,1,0,0,0,0
"GA",1,1196,878269,0,1,NA,1196,0,0,1,0,1,0,1,1,0,0,0,1,0,0,0,0
"GA",1,1197,645048,1,0,NA,1197,0,1,0,0,0,0,0,1,0,0,0,1,0,0,0,0
"GA",1,1198,713020,1,0,NA,1198,0,0,1,0,0,0,0,0,0,0,1,1,0,0,0,0
"GA",1,1199,868970,0,2,NA,1199,0,1,0,0,1,0,0,1,0,0,1,1,1,0,0,0
"GA",1,1200,762184,0,1,NA,1200,0,1,1,1,0,0,0,0,0,0,1,1,0,0,0,0
"GA",1,1201,897664,0,2,NA,1201,0,1,1,0,1,0,1,1,0,0,0,1,0,0,0,0
"GA",1,1202,713020,1,0,NA,1202,0,0,1,0,0,0,0,0,0,0,1,1,0,1,0,0
"GA",1,1203,753983,1,0,NA,1203,0,1,1,0,0,0,0,0,0,0,1,1,0,0,0,0
"GA",1,1204,808003,0,1,NA,1204,0,0,1,0,0,0,0,1,0,1,1,1,0,0,0,0
"GA",1,1205,785222,1,0,NA,1205,0,1,0,0,1,0,0,0,0,0,1,1,0,0,0,0
"GA",1,1206,671435,1,0,NA,1206,0,1,0,0,1,0,0,1,0,0,1,0,0,0,0,0
"GA",1,1207,879115,0,2,NA,1207,0,0,1,0,1,0,1,1,0,0,0,1,0,0,0,1
"GA",1,1208,561300,1,0,NA,1208,0,1,0,0,0,0,0,0,0,0,0,1,0,0,1,0
"GA",1,1209,785222,1,0,NA,1209,0,1,0,0,1,0,0,0,0,0,1,1,0,0,0,0
"GA",1,1210,787456,0,1,NA,1210,0,1,0,0,1,0,0,0,0,0,1,1,0,1,0,0
"GA",1,1211,845885,1,0,NA,1211,0,1,0,0,0,0,1,0,0,0,1,1,0,0,0,0
"GA",1,1212,518251,1,0,NA,1212,0,0,1,0,0,0,0,0,0,0,0,1,0,0,1,0
"GA",1,1213,933460,0,3,NA,1213,0,1,0,0,1,0,1,1,0,1,1,1,0,0,0,0
"GA",1,1214,618484,1,0,NA,1214,0,0,0,0,0,0,0,0,0,0,1,1,0,0,0,0
"GA",1,1215,811462,1,0,NA,1215,0,1,0,0,1,0,1,0,0,0,0,1,0,0,0,0
"GA",1,1216,713020,1,0,NA,1216,0,0,1,0,0,0,0,0,0,0,1,1,0,0,0,0
"GA",1,1217,851943,0,1,NA,1217,0,1,0,0,1,0,1,0,0,0,1,1,0,0,0,0
"GA",1,1218,765265,1,0,NA,1218,0,0,0,0,1,0,1,0,0,0,1,1,0,0,0,0
"GA",1,1219,772658,0,1,NA,1219,0,1,0,0,1,0,0,0,0,0,1,0,1,0,0,1
"GA",1,1220,856628,0,4,NA,1220,0,1,1,1,1,0,1,0,0,0,1,1,0,1,0,0
"GA",1,1221,744741,1,0,NA,1221,0,1,0,0,1,0,0,0,0,0,0,1,0,0,1,0
"GA",1,1222,811462,1,0,NA,1222,0,1,0,0,1,0,1,0,0,0,0,1,0,0,0,0
"GA",1,1223,785222,1,0,NA,1223,0,1,0,0,1,0,0,0,0,0,1,1,0,0,0,0
"GA",1,1224,744741,1,0,NA,1224,0,1,0,0,1,0,0,0,0,0,0,1,0,0,1,0
"GA",1,1225,565985,1,0,NA,1225,0,1,1,0,0,0,0,0,0,0,0,1,0,0,1,0
"GA",1,1226,496311,1,0,NA,1226,0,0,0,0,0,0,0,1,0,0,0,1,0,0,0,0
"GA",1,1227,671435,1,0,NA,1227,0,1,0,0,1,0,0,1,0,0,1,0,0,0,0,0
"GA",1,1228,671435,1,0,NA,1228,0,1,0,0,1,0,0,1,0,0,1,0,0,0,0,0
"GA",1,1229,856628,0,3,NA,1229,0,1,1,1,1,0,1,0,0,0,1,1,0,0,0,0
"GA",1,1230,772658,0,1,NA,1230,0,1,0,0,1,0,0,0,0,0,1,0,1,0,0,1
"GA",1,1231,587687,1,0,NA,1231,0,1,0,0,1,0,0,0,0,0,1,0,0,0,0,0
"GA",1,1232,785222,0,1,NA,1232,0,1,0,0,1,0,0,0,0,1,1,1,0,0,0,0
"GA",1,1233,845885,1,0,NA,1233,0,1,0,0,0,0,1,0,0,0,1,1,0,0,0,0
"GA",1,1234,815267,0,1,NA,1234,0,0,0,0,1,1,1,1,0,0,0,1,0,0,0,0
"GA",1,1235,851943,0,2,NA,1235,0,1,0,1,1,0,1,0,0,0,1,1,0,0,0,0
"GA",1,1236,850570,0,1,NA,1236,0,0,1,1,0,0,1,0,0,0,1,1,0,0,0,0
"GA",1,1237,744741,1,0,NA,1237,0,1,0,0,1,0,0,0,0,0,0,1,0,0,1,0
"GA",1,1238,856406,0,2,NA,1238,0,1,0,0,1,0,0,1,0,0,1,0,1,0,0,1
"GA",1,1239,813696,0,1,NA,1239,0,1,0,0,1,0,1,0,0,0,0,1,0,1,0,0
"GA",1,1240,850570,0,1,NA,1240,0,0,1,1,0,0,1,0,0,0,1,1,0,0,0,0
"GA",1,1241,601999,1,0,NA,1241,0,0,1,0,0,0,0,1,0,0,0,1,0,0,0,0
"GA",1,1242,894914,0,2,NA,1242,0,1,0,0,1,1,1,0,0,0,1,1,0,0,0,0
"GA",1,1243,833046,0,1,NA,1243,0,1,0,0,0,0,0,1,0,1,1,1,0,0,0,0
"GA",1,1244,811462,1,0,NA,1244,0,1,0,0,1,0,1,0,0,0,0,1,0,0,0,0
"GA",1,1245,821390,0,1,NA,1245,0,1,0,0,1,0,1,0,0,0,0,1,1,0,0,0
"GA",1,1246,744741,1,0,NA,1246,0,1,0,0,1,0,0,0,0,0,0,1,0,0,0,0
"GA",1,1247,785222,0,1,NA,1247,0,1,0,0,1,0,0,0,0,1,1,1,0,0,0,0
"GA",1,1248,856628,0,2,NA,1248,0,1,1,0,1,0,1,0,0,0,1,1,0,0,0,0
"GA",1,1249,811462,1,0,NA,1249,0,1,0,0,1,0,1,0,0,0,0,1,0,0,0,0
"GA",1,1250,785222,1,0,NA,1250,0,1,0,0,1,0,0,0,0,0,1,1,0,0,0,0
"GA",1,1251,785222,0,1,NA,1251,0,1,0,0,1,0,0,0,0,0,1,1,1,0,0,0
"GA",1,1252,785222,1,0,NA,1252,0,1,0,0,1,0,0,0,0,0,1,1,0,0,0,0
"GA",1,1253,729867,1,0,NA,1253,0,1,0,0,0,0,1,1,0,0,1,0,0,0,0,0
"GA",1,1254,851943,0,1,NA,1254,0,1,0,0,1,0,1,0,0,0,1,1,0,0,0,0
"GA",1,1255,845885,0,1,NA,1255,0,1,0,0,0,0,1,0,0,0,1,1,0,0,1,0
"GA",1,1256,868970,0,2,NA,1256,0,1,0,0,1,0,0,1,0,0,1,1,1,0,0,0
"GA",1,1257,717292,1,0,NA,1257,0,0,1,1,0,0,0,1,0,0,0,1,0,0,0,0
"GA",1,1258,845885,1,0,NA,1258,0,1,0,0,0,0,1,0,0,0,1,1,0,0,0,0
"GA",1,1259,700778,1,0,NA,1259,0,0,0,0,1,0,0,0,0,0,1,1,0,1,0,0
"GA",1,1260,813696,0,1,NA,1260,0,1,0,0,1,0,1,0,0,0,0,1,0,1,0,0
"GA",1,1261,770512,1,0,NA,1261,0,0,1,0,1,0,0,0,0,0,1,1,0,0,0,0
"GA",1,1262,717292,0,1,NA,1262,0,0,1,1,0,0,0,1,0,0,0,1,0,1,0,0
"GA",1,1263,816147,0,2,NA,1263,0,1,1,0,1,0,1,0,0,0,0,1,0,1,0,0
"GA",1,1264,868970,0,3,NA,1264,0,1,0,0,1,0,0,1,0,1,1,1,0,0,1,0
"GA",1,1265,938145,0,4,NA,1265,0,1,1,0,1,0,1,1,0,1,1,1,0,0,0,0
"GA",1,1266,724784,1,0,NA,1266,0,0,0,0,1,0,1,0,0,0,0,1,0,0,0,0
"GA",1,1267,815267,0,1,NA,1267,0,0,0,0,1,1,1,1,0,0,0,1,0,0,0,0
"GA",1,1268,828489,1,0,NA,1268,0,1,0,0,1,0,0,1,0,0,0,1,0,0,0,0
"GA",1,1269,561300,1,0,NA,1269,0,1,0,0,0,0,0,0,0,0,0,1,0,0,0,0
"GA",1,1270,868970,0,2,NA,1270,0,1,0,0,1,0,0,1,0,0,1,1,1,0,0,0
"GA",1,1271,851943,0,2,NA,1271,0,1,0,0,1,0,1,0,0,0,1,1,1,0,0,0
"GA",1,1272,787456,0,1,NA,1272,0,1,0,0,1,0,0,0,0,0,1,1,0,1,0,0
"GA",1,1273,830723,0,1,NA,1273,0,1,0,0,1,0,0,1,0,0,0,1,0,1,0,0
"GA",1,1274,746975,0,1,NA,1274,0,1,0,0,1,0,0,0,0,0,0,1,0,1,1,0
"GA",1,1275,787456,0,1,NA,1275,0,1,0,0,1,0,0,0,0,0,1,1,0,1,0,0
"GA",1,1276,787456,0,1,NA,1276,0,1,0,0,1,0,0,0,0,0,1,1,0,1,0,0
"GA",1,1277,868970,0,3,NA,1277,0,1,0,0,1,0,0,1,0,1,1,1,0,0,1,0
"GA",1,1278,851943,0,1,NA,1278,0,1,0,0,1,0,1,0,0,0,1,1,0,0,0,0
"GA",1,1279,851943,0,1,NA,1279,0,1,0,0,1,0,1,0,0,0,1,1,0,0,0,0
"GA",1,1280,671435,1,0,NA,1280,0,1,0,0,1,0,0,1,0,0,1,0,0,0,0,0
"GA",1,1281,744741,1,0,NA,1281,0,1,0,0,1,0,0,0,0,0,0,1,0,0,1,0
"GA",1,1282,785222,0,1,NA,1282,0,1,0,0,1,0,0,0,0,1,1,1,0,0,0,0
"GA",1,1283,813696,0,2,NA,1283,0,1,0,0,1,0,1,0,0,0,0,1,0,1,1,0
"GA",1,1284,785222,1,0,NA,1284,0,1,0,0,1,0,0,0,0,0,1,1,0,0,0,0
"GA",1,1285,851943,0,1,NA,1285,0,1,0,0,1,0,1,0,0,0,1,1,0,0,0,0
"GA",1,1286,647499,1,0,NA,1286,1,1,0,0,0,0,0,1,0,0,0,1,0,0,0,0
"GA",1,1287,764292,0,1,NA,1287,0,1,1,0,1,0,0,1,0,0,1,0,0,0,0,0
"GA",1,1288,785222,0,1,NA,1288,0,1,0,0,1,0,0,0,0,0,1,1,0,0,0,1
"GA",1,1289,770512,1,0,NA,1289,0,0,1,0,1,0,0,0,0,0,1,1,0,0,0,0
"GA",1,1290,833321,0,1,NA,1290,0,1,0,0,0,0,1,0,0,0,1,0,1,0,0,1
"GA",1,1291,698544,1,0,NA,1291,0,0,0,0,1,0,0,0,0,0,1,1,0,0,0,0
"GA",1,1292,833046,0,2,NA,1292,0,1,0,0,0,0,0,1,0,1,1,1,0,0,1,0
"GA",1,1293,698544,1,0,NA,1293,0,0,0,0,1,0,0,0,0,0,1,1,0,0,0,0
"GA",1,1294,850570,0,2,NA,1294,0,0,1,1,0,0,1,0,0,0,1,1,0,0,0,1
"GA",1,1295,671435,1,0,NA,1295,0,1,0,0,1,0,0,1,0,0,1,0,0,0,0,0
"GA",1,1296,785222,0,1,NA,1296,0,1,0,0,1,0,0,0,0,1,1,1,0,0,0,0
"GA",1,1297,765749,0,1,NA,1297,0,0,1,1,0,0,1,0,0,0,0,1,1,0,0,0
"GA",1,1298,787673,0,2,NA,1298,1,1,0,0,1,0,0,0,0,0,1,1,0,0,1,0
"GA",1,1299,851943,0,1,NA,1299,0,1,0,0,1,0,1,0,0,0,1,1,0,0,0,0
"GA",1,1300,785222,0,1,NA,1300,0,1,0,0,1,0,0,0,0,1,1,1,0,0,0,0
"GA",1,1301,765749,0,1,NA,1301,0,0,1,1,0,0,1,0,0,0,0,1,1,0,0,0
"GA",1,1302,789907,0,2,NA,1302,0,1,1,0,1,0,0,0,0,0,1,1,0,1,0,0
"GA",1,1303,785222,1,0,NA,1303,0,1,0,0,1,0,0,0,0,0,1,1,0,0,0,0
"GA",1,1304,754669,0,1,NA,1304,0,1,0,0,1,0,0,0,0,0,0,1,1,0,1,0
"GA",1,1305,787456,0,1,NA,1305,0,1,0,0,1,0,0,0,0,0,1,1,0,1,0,0
"GA",1,1306,744045,1,0,NA,1306,0,0,0,0,1,0,0,1,0,0,0,1,0,1,0,0
"GA",1,1307,645048,1,0,NA,1307,0,1,0,0,0,0,0,1,0,0,0,1,0,0,0,0
"GA",1,1308,851943,0,2,NA,1308,0,1,0,0,1,0,1,0,0,0,1,1,1,0,0,0
"GA",1,1309,845885,1,0,NA,1309,0,1,0,0,0,0,1,0,0,0,1,1,0,0,0,0
"GA",1,1310,856628,0,2,NA,1310,0,1,1,0,1,0,1,0,0,0,1,1,0,0,0,0
"GA",1,1311,660297,1,0,NA,1311,0,0,0,0,1,0,0,0,0,0,0,1,0,1,1,0
"GA",1,1312,785222,0,1,NA,1312,0,1,0,0,1,0,0,0,0,0,1,1,0,0,0,1
"GA",1,1313,765265,1,0,NA,1313,0,0,0,0,1,0,1,0,0,0,1,1,0,0,0,0
"GA",1,1314,787456,0,1,NA,1314,0,1,0,0,1,0,0,0,0,0,1,1,0,1,0,0
"GA",1,1315,745385,1,0,NA,1315,0,0,0,0,1,0,1,0,1,0,0,1,0,0,0,0
"GA",1,1316,785222,0,1,NA,1316,0,1,0,0,1,0,0,0,0,0,1,1,1,0,0,0
"GA",1,1317,868970,0,3,NA,1317,0,1,0,0,1,0,0,1,0,1,1,1,0,0,1,0
"GA",1,1318,785222,0,1,NA,1318,0,1,0,0,1,0,0,0,0,1,1,1,0,0,0,0
"GA",1,1319,650526,1,0,NA,1319,1,1,0,0,0,0,0,1,0,0,1,0,0,0,0,0
"GA",1,1320,811462,1,0,NA,1320,0,1,0,0,1,0,1,0,0,0,0,1,0,0,0,0
"GA",1,1321,833174,0,1,NA,1321,0,1,1,0,1,0,0,1,0,0,0,1,0,0,0,0
"GA",1,1322,785222,1,0,NA,1322,0,1,0,0,1,0,0,0,0,0,1,1,0,0,0,0
"GA",1,1323,838417,0,1,NA,1323,0,1,0,0,1,0,0,1,0,0,0,1,1,0,0,0
"GA",1,1324,850570,0,2,NA,1324,0,0,1,1,0,0,1,0,0,0,1,1,1,0,0,0
"GA",1,1325,561300,1,0,NA,1325,0,1,0,0,0,0,0,0,0,0,0,1,0,0,1,0
"GA",1,1326,524843,1,0,NA,1326,0,1,0,0,1,0,0,1,0,0,0,0,0,0,0,0
"GA",1,1327,868970,0,2,NA,1327,0,1,0,0,1,0,0,1,0,1,1,1,0,0,0,0
"GA",1,1328,851943,0,1,NA,1328,0,1,0,0,1,0,1,0,0,0,1,1,0,0,0,0
"GA",1,1329,785222,1,0,NA,1329,0,1,0,0,1,0,0,0,0,0,1,1,0,0,0,0
"GA",1,1330,894914,0,2,NA,1330,0,1,0,0,1,1,1,0,0,0,1,1,0,0,0,0
"GA",1,1331,744741,1,0,NA,1331,0,1,0,0,1,0,0,0,0,0,0,1,0,0,0,0
"GA",1,1332,660297,1,0,NA,1332,0,0,0,0,1,0,0,0,0,0,0,1,0,1,1,0
"GA",1,1333,660297,1,0,NA,1333,0,0,0,0,1,0,0,0,0,0,0,1,0,1,0,0
"GA",1,1334,868970,0,2,NA,1334,0,1,0,0,1,0,0,1,0,1,1,1,0,0,0,0
"GA",1,1335,765265,1,0,NA,1335,0,0,0,0,1,0,1,0,0,0,1,1,0,0,0,0
"GA",1,1336,785222,1,0,NA,1336,0,1,0,0,1,0,0,0,0,0,1,1,0,0,0,0
"GA",1,1337,894914,0,3,NA,1337,0,1,0,0,1,1,1,0,0,1,1,1,0,0,0,0
"GA",1,1338,851943,0,2,NA,1338,0,1,0,0,1,0,1,0,0,0,1,1,1,0,0,0
"GA",1,1339,785222,0,1,NA,1339,0,1,0,0,1,0,0,0,0,0,1,1,0,0,0,1
"GA",1,1340,697968,1,0,NA,1340,0,1,0,0,0,0,1,0,0,0,0,1,0,0,0,0
"GA",1,1341,851943,0,1,NA,1341,0,1,0,0,1,0,1,0,0,0,1,1,0,0,0,0
"GA",1,1342,744741,1,0,NA,1342,0,1,0,0,1,0,0,0,0,0,0,1,0,0,0,0
"GA",1,1343,785222,0,2,NA,1343,0,1,0,0,1,0,0,0,0,1,1,1,1,0,0,0
"GA",1,1344,765265,0,1,NA,1344,0,0,0,0,1,0,1,0,0,0,1,1,0,0,1,0
"GA",1,1345,787456,0,1,NA,1345,0,1,0,0,1,0,0,0,0,0,1,1,0,1,0,0
"GA",1,1346,851943,0,1,NA,1346,0,1,0,0,1,0,1,0,0,0,1,1,0,0,0,0
"GA",1,1347,899599,0,3,NA,1347,0,1,1,0,1,1,1,0,0,0,1,1,0,0,0,0
"GA",1,1348,811462,1,0,NA,1348,0,1,0,0,1,0,1,0,0,0,0,1,0,0,0,0
"GA",1,1349,848336,0,1,NA,1349,1,1,0,0,0,0,1,0,0,0,1,1,0,0,0,0
"GA",1,1350,838417,0,1,NA,1350,0,1,0,0,1,0,0,1,0,0,0,1,1,0,0,0
"GA",1,1351,749426,1,0,NA,1351,0,1,1,0,1,0,0,0,0,0,0,1,0,0,0,0
"GA",1,1352,787456,0,1,NA,1352,0,1,0,0,1,0,0,0,0,0,1,1,0,1,0,0
"GA",1,1353,785222,0,1,NA,1353,0,1,0,0,1,0,0,0,0,1,1,1,0,0,0,0
"GA",1,1354,828489,1,0,NA,1354,0,1,0,0,1,0,0,1,0,0,0,1,0,0,0,0
"GA",1,1355,729867,1,0,NA,1355,0,1,0,0,0,0,1,1,0,0,1,0,0,0,0,0
"GA",1,1356,785222,1,0,NA,1356,0,1,0,0,1,0,0,0,0,0,1,1,0,0,0,0
"GA",1,1357,894914,0,2,NA,1357,0,1,0,0,1,1,1,0,0,0,1,1,0,0,0,0
"GA",1,1358,868970,0,1,NA,1358,0,1,0,0,1,0,0,1,0,0,1,1,0,0,0,0
"GA",1,1359,741811,1,0,NA,1359,0,0,0,0,1,0,0,1,0,0,0,1,0,0,0,0
"GA",1,1360,789907,0,3,NA,1360,0,1,1,0,1,0,0,0,0,0,1,1,0,1,1,0
"GA",1,1361,833174,0,1,NA,1361,0,1,1,0,1,0,0,1,0,0,0,1,0,0,0,0
"GA",1,1362,765265,1,0,NA,1362,0,0,0,0,1,0,1,0,0,0,1,1,0,0,0,0
"GA",1,1363,871204,0,2,NA,1363,0,1,0,0,1,0,0,1,0,0,1,1,0,1,0,0
"GA",1,1364,785222,1,0,NA,1364,0,1,0,0,1,0,0,0,0,0,1,1,0,0,0,0
"GA",1,1365,785222,0,1,NA,1365,0,1,0,0,1,0,0,0,0,1,1,1,0,0,0,0
"GA",1,1366,785222,0,1,NA,1366,0,1,0,0,1,0,0,0,0,1,1,1,0,0,0,0
"GA",1,1367,785222,0,1,NA,1367,0,1,0,0,1,0,0,0,0,0,1,1,1,0,0,0
"GA",1,1368,787456,0,1,NA,1368,0,1,0,0,1,0,0,0,0,0,1,1,0,1,0,0
"GA",1,1369,868970,0,2,NA,1369,0,1,0,0,1,0,0,1,0,1,1,1,0,0,0,0
"GA",1,1370,868970,0,1,NA,1370,0,1,0,0,1,0,0,1,0,0,1,1,0,0,0,0
"GA",1,1371,660297,1,0,NA,1371,0,0,0,0,1,0,0,0,0,0,0,1,0,1,1,0
"GA",1,1372,894914,0,2,NA,1372,0,1,0,0,1,1,1,0,0,0,1,1,0,0,0,0
"GA",1,1373,660297,1,0,NA,1373,0,0,0,0,1,0,0,0,0,0,0,1,0,1,0,0
"GA",1,1374,765265,1,0,NA,1374,0,0,0,0,1,0,1,0,0,0,1,1,0,0,0,0
"GA",1,1375,789907,0,2,NA,1375,0,1,1,0,1,0,0,0,0,0,1,1,0,0,1,0
"GA",1,1376,785222,1,0,NA,1376,0,1,0,0,1,0,0,0,0,0,1,1,0,0,0,0
"GA",1,1377,848336,0,1,NA,1377,1,1,0,0,0,0,1,0,0,0,1,1,0,0,0,0
"GA",1,1378,845885,1,0,NA,1378,0,1,0,0,0,0,1,0,0,0,1,1,0,0,0,0
"GA",1,1379,755719,1,0,NA,1379,0,0,0,0,1,0,0,1,0,0,0,1,1,0,0,0
"GA",1,1380,645894,1,0,NA,1380,0,1,0,0,0,0,0,1,0,0,0,1,0,0,0,1
"GA",1,1381,871204,0,3,NA,1381,0,1,0,0,1,0,0,1,0,0,1,1,0,1,1,0
"GA",1,1382,660297,1,0,NA,1382,0,0,0,0,1,0,0,0,0,0,0,1,0,1,0,0
"GA",1,1383,851943,0,1,NA,1383,0,1,0,0,1,0,1,0,0,0,1,1,0,0,0,0
"GA",1,1384,851943,0,1,NA,1384,0,1,0,0,1,0,1,0,0,0,1,1,0,0,0,0
"GA",1,1385,785222,0,2,NA,1385,0,1,0,1,1,0,0,0,0,1,1,1,0,0,0,0
"GA",1,1386,700419,1,0,NA,1386,1,1,0,0,0,0,1,0,0,0,0,1,0,0,0,0
"GA",1,1387,785222,1,0,NA,1387,0,1,0,0,1,0,0,0,0,0,1,1,0,0,0,0
"GA",1,1388,729143,1,0,NA,1388,0,0,0,0,0,0,1,0,0,0,1,1,0,0,0,0
"GA",1,1389,746975,1,0,NA,1389,0,1,0,0,1,0,0,0,0,0,0,1,0,1,0,0
"GA",1,1390,765265,1,0,NA,1390,0,0,0,0,1,0,1,0,0,0,1,1,0,0,0,0
"GA",1,1391,851943,0,2,NA,1391,0,1,0,0,1,0,1,0,0,0,1,1,1,0,0,0
"GA",1,1392,658063,1,0,NA,1392,0,0,0,0,1,0,0,0,0,0,0,1,0,0,0,0
"GA",1,1393,785222,0,1,NA,1393,0,1,0,0,1,0,0,0,0,0,1,1,1,0,0,0
"GA",1,1394,785222,0,1,NA,1394,0,1,0,0,1,0,0,0,0,1,1,1,0,0,0,0
"GA",1,1395,845885,1,0,NA,1395,0,1,0,0,0,0,1,0,0,0,1,1,0,0,0,0
"GA",1,1396,787456,0,2,NA,1396,0,1,0,0,1,0,0,0,0,0,1,1,0,1,1,0
"GA",1,1397,765265,1,0,NA,1397,0,0,0,0,1,0,1,0,0,0,1,1,0,0,0,0
"GA",1,1398,601999,1,0,NA,1398,0,0,1,0,0,0,0,1,0,0,0,1,0,0,0,0
"GA",1,1399,787456,0,1,NA,1399,0,1,0,0,1,0,0,0,0,0,1,1,0,1,0,0
"GA",1,1400,785222,1,0,NA,1400,0,1,0,0,1,0,0,0,0,0,1,1,0,0,0,0
"GA",1,1401,785222,0,1,NA,1401,0,1,0,0,1,0,0,0,0,0,1,1,1,0,0,0
"GA",1,1402,838417,0,1,NA,1402,0,1,0,0,1,0,0,1,0,0,0,1,1,0,0,0
"GA",1,1403,787456,0,1,NA,1403,0,1,0,0,1,0,0,0,0,0,1,1,0,1,0,0
"GA",1,1404,828489,1,0,NA,1404,0,1,0,0,1,0,0,1,0,0,0,1,0,0,0,0
"GA",1,1405,749426,1,0,NA,1405,0,1,1,0,1,0,0,0,0,0,0,1,0,0,0,0
"GA",1,1406,835280,0,1,NA,1406,0,1,0,0,0,0,0,1,0,0,1,1,0,1,0,0
"GA",1,1407,868970,0,1,NA,1407,0,1,0,0,1,0,0,1,0,0,1,1,0,0,0,0
"GA",1,1408,828489,1,0,NA,1408,0,1,0,0,1,0,0,1,0,0,0,1,0,0,0,0
"GA",1,1409,785222,1,0,NA,1409,0,1,0,0,1,0,0,0,0,0,1,1,0,0,0,0
"GA",1,1410,787456,0,2,NA,1410,0,1,0,0,1,0,0,0,0,0,1,1,0,1,1,0
"GA",1,1411,660297,1,0,NA,1411,0,0,0,0,1,0,0,0,0,0,0,1,0,1,0,0
"GA",1,1412,770512,0,1,NA,1412,0,0,1,0,1,0,0,0,0,0,1,1,1,0,0,0
"GA",1,1413,660297,1,0,NA,1413,0,0,0,0,1,0,0,0,0,0,0,1,0,1,0,0
"GA",1,1414,785222,0,1,NA,1414,0,1,0,0,1,0,0,0,0,1,1,1,0,0,0,0
"GA",1,1415,785222,1,0,NA,1415,0,1,0,0,1,0,0,0,0,0,1,1,0,0,0,0
"GA",1,1416,824869,0,2,NA,1416,1,1,0,0,0,0,1,1,0,0,0,1,1,0,0,0
"GA",1,1417,828489,1,0,NA,1417,0,1,0,0,1,0,0,1,0,0,0,1,0,0,0,0
"GA",1,1418,828489,0,1,NA,1418,0,1,0,0,1,0,0,1,0,0,0,1,0,0,1,0
"GA",1,1419,838417,0,1,NA,1419,0,1,0,0,1,0,0,1,0,0,0,1,1,0,0,0
"GA",1,1420,787456,0,2,NA,1420,0,1,0,0,1,0,0,0,0,0,1,1,0,1,1,0
"GA",1,1421,851943,0,1,NA,1421,0,1,0,0,1,0,1,0,0,0,1,1,0,0,0,0
"GA",1,1422,848119,0,2,NA,1422,0,1,0,0,0,0,1,0,0,0,1,1,0,1,1,0
"GA",1,1423,785222,0,1,NA,1423,0,1,0,0,1,0,0,0,0,0,1,1,1,0,0,0
"GA",1,1424,828489,1,0,NA,1424,0,1,0,0,1,0,0,1,0,0,0,1,0,0,0,0
"GA",1,1425,785222,0,1,NA,1425,0,1,0,0,1,0,0,0,0,0,1,1,1,0,0,0
"GA",1,1426,787456,0,1,NA,1426,0,1,0,0,1,0,0,0,0,0,1,1,0,1,0,0
"GA",1,1427,660297,1,0,NA,1427,0,0,0,0,1,0,0,0,0,0,0,1,0,1,0,0
"GA",1,1428,645048,1,0,NA,1428,0,1,0,0,0,0,0,1,0,0,0,1,0,0,0,0
"GA",1,1429,897148,0,3,NA,1429,0,1,0,0,1,1,1,0,0,0,1,1,0,1,0,0
"GA",1,1430,851943,0,1,NA,1430,0,1,0,0,1,0,1,0,0,0,1,1,0,0,0,0
"GA",1,1431,765265,0,1,NA,1431,0,0,0,0,1,0,1,0,0,0,1,1,0,0,1,0
"GA",1,1432,785222,0,1,NA,1432,0,1,0,0,1,0,0,0,0,1,1,1,0,0,0,0
"GA",1,1433,894914,0,2,NA,1433,0,1,0,0,1,1,1,0,0,0,1,1,0,0,0,0
"GA",1,1434,658063,1,0,NA,1434,0,0,0,0,1,0,0,0,0,0,0,1,0,0,1,0
"GA",1,1435,854177,0,2,NA,1435,0,1,0,0,1,0,1,0,0,0,1,1,0,1,0,0
"GA",1,1436,749426,1,0,NA,1436,0,1,1,0,1,0,0,0,0,0,0,1,0,0,0,0
"GA",1,1437,765265,1,0,NA,1437,0,0,0,0,1,0,1,0,0,0,1,1,0,0,0,0
"GA",1,1438,814366,0,1,NA,1438,0,1,0,0,1,1,0,0,0,0,0,1,0,1,0,0
"GA",1,1439,785222,0,1,NA,1439,0,1,0,0,1,0,0,0,0,0,1,1,1,0,0,0
"GA",1,1440,785222,0,1,NA,1440,0,1,0,0,1,0,0,0,0,0,1,1,0,0,1,0
"GA",1,1441,789907,0,1,NA,1441,0,1,1,0,1,0,0,0,0,0,1,1,0,0,0,0
"GA",1,1442,658063,1,0,NA,1442,0,0,0,0,1,0,0,0,0,0,0,1,0,0,0,0
"GA",1,1443,789907,0,2,NA,1443,0,1,1,0,1,0,0,0,0,0,1,1,1,0,0,0
"GA",1,1444,729867,1,0,NA,1444,0,1,0,0,0,0,1,1,0,0,1,0,0,0,0,0
"GA",1,1445,749298,1,0,NA,1445,0,1,0,0,0,0,0,0,0,0,1,1,1,0,0,0
"GA",1,1446,828489,1,0,NA,1446,0,1,0,0,1,0,0,1,0,0,0,1,0,0,0,0
"GA",1,1447,868970,0,1,NA,1447,0,1,0,0,1,0,0,1,0,0,1,1,0,0,0,0
"GA",1,1448,765265,0,1,NA,1448,0,0,0,0,1,0,1,0,0,0,1,1,0,0,1,0
"GA",1,1449,741811,1,0,NA,1449,0,0,0,0,1,0,0,1,0,0,0,1,0,0,0,0
"GA",1,1450,645048,1,0,NA,1450,0,1,0,0,0,0,0,1,0,0,0,1,0,0,0,0
"GA",1,1451,785222,1,0,NA,1451,0,1,0,0,1,0,0,0,0,0,1,1,0,0,0,0
"GA",1,1452,660297,1,0,NA,1452,0,0,0,0,1,0,0,0,0,0,0,1,0,1,0,0
"GA",1,1453,744741,1,0,NA,1453,0,1,0,0,1,0,0,0,0,0,0,1,0,0,0,0
"GA",1,1454,736734,1,0,NA,1454,0,1,0,0,0,0,0,0,0,0,1,0,1,0,0,0
"GA",1,1455,828489,1,0,NA,1455,0,1,0,0,1,0,0,1,0,0,0,1,0,0,0,0
"GA",1,1456,645048,1,0,NA,1456,0,1,0,0,0,0,0,1,0,0,0,1,0,0,0,0
"GA",1,1457,658063,1,0,NA,1457,0,0,0,0,1,0,0,0,0,0,0,1,0,0,0,0
"GA",1,1458,765265,1,0,NA,1458,0,0,0,0,1,0,1,0,0,0,1,1,0,0,0,0
"GA",1,1459,658063,1,0,NA,1459,0,0,0,0,1,0,0,0,0,0,0,1,0,0,1,0
"GA",1,1460,660297,1,0,NA,1460,0,0,0,0,1,0,0,0,0,0,0,1,0,1,0,0
"GA",1,1461,828489,1,0,NA,1461,0,1,0,0,1,0,0,1,0,0,0,1,0,0,0,0
"GA",1,1462,785222,1,0,NA,1462,0,1,0,0,1,0,0,0,0,0,1,1,0,0,0,0
"GA",1,1463,823707,0,2,NA,1463,0,0,1,0,1,0,0,1,0,0,0,1,1,0,1,0
"GA",1,1464,851943,0,1,NA,1464,0,1,0,0,1,0,1,0,0,0,1,1,0,0,0,0
"GA",1,1465,845885,1,0,NA,1465,0,1,0,0,0,0,1,0,0,0,1,1,0,0,0,0
"GA",1,1466,785222,1,0,NA,1466,0,1,0,0,1,0,0,0,0,0,1,1,0,0,0,0
"GA",1,1467,888856,0,1,NA,1467,0,1,0,0,0,1,1,0,0,0,1,1,0,0,0,0
"GA",1,1468,838417,0,1,NA,1468,0,1,0,0,1,0,0,1,0,0,0,1,1,0,0,0
"GA",1,1469,814366,0,1,NA,1469,0,1,0,0,1,1,0,0,0,0,0,1,0,1,0,0
"GA",1,1470,767499,0,1,NA,1470,0,0,0,0,1,0,1,0,0,0,1,1,0,1,0,0
"GA",1,1471,789907,0,1,NA,1471,0,1,1,0,1,0,0,0,0,0,1,1,0,0,0,0
"GA",1,1472,645048,1,0,NA,1472,0,1,0,0,0,0,0,1,0,0,0,1,0,0,0,0
"GA",1,1473,753983,0,1,NA,1473,0,1,1,0,0,0,0,0,0,1,1,1,0,0,0,0
"GA",1,1474,854177,0,2,NA,1474,0,1,0,0,1,0,1,0,0,0,1,1,0,1,0,0
"GA",1,1475,785222,0,1,NA,1475,0,1,0,0,1,0,0,0,0,0,1,1,1,0,0,0
"GA",1,1476,838417,0,1,NA,1476,0,1,0,0,1,0,0,1,0,0,0,1,1,0,0,0
"GA",1,1477,828489,1,0,NA,1477,0,1,0,0,1,0,0,1,0,0,0,1,0,0,0,0
"GA",1,1478,787456,0,3,NA,1478,0,1,0,0,1,0,0,0,0,0,1,1,1,1,1,0
"GA",1,1479,789907,0,1,NA,1479,0,1,1,0,1,0,0,0,0,0,1,1,0,0,0,0
"GA",1,1480,755719,1,0,NA,1480,0,0,0,0,1,0,0,1,0,0,0,1,1,0,0,0
"GA",1,1481,833046,1,0,NA,1481,0,1,0,0,0,0,0,1,0,0,1,1,0,0,0,0
"GA",1,1482,671971,1,0,NA,1482,0,0,0,0,1,0,0,0,0,0,0,1,1,0,0,0
"GA",1,1483,785222,1,0,NA,1483,0,1,0,0,1,0,0,0,0,0,1,1,0,0,0,0
"GA",1,1484,812132,0,1,NA,1484,0,1,0,0,1,1,0,0,0,0,0,1,0,0,1,0
"GA",1,1485,843102,0,2,NA,1485,0,1,1,0,1,0,0,1,0,0,0,1,1,0,0,0
"GA",1,1486,802536,0,1,NA,1486,0,1,0,0,1,0,1,0,0,0,1,0,0,0,1,0
"GA",1,1487,828489,1,0,NA,1487,0,1,0,0,1,0,0,1,0,0,0,1,0,0,0,0
"GA",1,1488,658063,1,0,NA,1488,0,0,0,0,1,0,0,0,0,0,0,1,0,0,1,0
"GA",1,1489,741811,1,0,NA,1489,0,0,0,0,1,0,0,1,0,0,0,1,0,0,0,0
"GA",1,1490,830723,0,1,NA,1490,0,1,0,0,1,0,0,1,0,0,0,1,0,1,0,0
"GA",1,1491,838417,0,1,NA,1491,0,1,0,0,1,0,0,1,0,0,0,1,1,0,0,0
"GA",1,1492,854260,0,1,NA,1492,0,0,1,0,1,0,0,1,0,0,1,1,0,0,0,0
"GA",1,1493,660297,1,0,NA,1493,0,0,0,0,1,0,0,0,0,0,0,1,0,1,0,0
"GA",1,1494,741811,1,0,NA,1494,0,0,0,0,1,0,0,1,0,0,0,1,0,0,1,0
"GA",1,1495,785222,1,0,NA,1495,0,1,0,0,1,0,0,0,0,0,1,1,0,0,0,0
"GA",1,1496,814366,0,1,NA,1496,0,1,0,0,1,1,0,0,0,0,0,1,0,1,0,0
"GA",1,1497,851943,0,1,NA,1497,0,1,0,0,1,0,1,0,0,0,1,1,0,0,0,0
"GA",1,1498,851943,0,1,NA,1498,0,1,0,0,1,0,1,0,0,0,1,1,0,0,0,0
"GA",1,1499,687981,1,0,NA,1499,0,1,0,0,0,0,0,1,0,0,0,1,1,0,0,0
"GA",1,1500,755719,1,0,NA,1500,0,0,0,0,1,0,0,1,0,0,0,1,1,0,0,0
"GA",1,1501,785222,1,0,NA,1501,0,1,0,0,1,0,0,0,0,0,1,1,0,0,0,0
"GA",1,1502,744741,1,0,NA,1502,0,1,0,0,1,0,0,0,0,0,0,1,0,0,0,0
"GA",1,1503,783872,0,2,NA,1503,0,1,0,0,0,1,1,0,0,0,0,1,1,0,1,0
"GA",1,1504,830723,0,1,NA,1504,0,1,0,0,1,0,0,1,0,0,0,1,0,1,0,0
"GA",1,1505,789907,0,1,NA,1505,0,1,1,0,1,0,0,0,0,0,1,1,0,0,0,0
"GA",1,1506,645048,1,0,NA,1506,0,1,0,0,0,0,0,1,0,0,0,1,0,0,0,0
"GA",1,1507,765265,1,0,NA,1507,0,0,0,0,1,0,1,0,0,0,1,1,0,0,0,0
"GA",1,1508,749426,1,0,NA,1508,0,1,1,0,1,0,0,0,0,0,0,1,0,0,0,0
"GA",1,1509,785222,1,0,NA,1509,0,1,0,0,1,0,0,0,0,0,1,1,0,0,0,0
"GA",1,1510,744741,1,0,NA,1510,0,1,0,0,1,0,0,0,0,0,0,1,0,0,0,0
"GA",1,1511,755719,1,0,NA,1511,0,0,0,0,1,0,0,1,0,0,0,1,1,0,0,0
"GA",1,1512,789907,0,1,NA,1512,0,1,1,0,1,0,0,0,0,0,1,1,0,0,0,0
"GA",1,1513,814366,0,1,NA,1513,0,1,0,0,1,1,0,0,0,0,0,1,0,1,0,0
"GA",1,1514,838417,0,1,NA,1514,0,1,0,0,1,0,0,1,0,0,0,1,1,0,0,0
"GA",1,1515,857298,0,2,NA,1515,0,1,1,0,1,1,0,0,0,0,1,1,0,0,0,0
"GA",1,1516,785222,1,0,NA,1516,0,1,0,0,1,0,0,0,0,0,1,1,0,0,0,0
"GA",1,1517,765265,1,0,NA,1517,0,0,0,0,1,0,1,0,0,0,1,1,0,0,0,0
"GA",1,1518,765265,1,0,NA,1518,0,0,0,0,1,0,1,0,0,0,1,1,0,0,0,0
"GA",1,1519,744045,1,0,NA,1519,0,0,0,0,1,0,0,1,0,0,0,1,0,1,0,0
"GA",1,1520,838417,0,2,NA,1520,0,1,0,0,1,0,0,1,0,0,0,1,1,0,1,0
"GA",1,1521,843102,0,2,NA,1521,0,1,1,0,1,0,0,1,0,0,0,1,1,0,0,0
"GA",1,1522,823707,0,2,NA,1522,0,0,1,0,1,0,0,1,0,0,0,1,1,0,1,0
"GA",1,1523,765265,1,0,NA,1523,0,0,0,0,1,0,1,0,0,0,1,1,0,0,0,0
"GA",1,1524,785222,1,0,NA,1524,0,1,0,0,1,0,0,0,0,0,1,1,0,0,0,0
"GA",1,1525,846782,0,1,NA,1525,0,0,0,0,1,0,1,1,0,0,1,1,0,0,0,0
"GA",1,1526,854177,0,2,NA,1526,0,1,0,0,1,0,1,0,0,0,1,1,0,1,0,0
"GA",1,1527,851943,0,1,NA,1527,0,1,0,0,1,0,1,0,0,0,1,1,0,0,0,0
"GA",1,1528,647282,1,0,NA,1528,0,1,0,0,0,0,0,1,0,0,0,1,0,1,0,0
"GA",1,1529,838417,0,1,NA,1529,0,1,0,0,1,0,0,1,0,0,0,1,1,0,0,0
"GA",1,1530,789907,0,1,NA,1530,0,1,1,0,1,0,0,0,0,0,1,1,0,0,0,0
"GA",1,1531,838417,0,1,NA,1531,0,1,0,0,1,0,0,1,0,0,0,1,1,0,0,0
"GA",1,1532,838417,0,1,NA,1532,0,1,0,0,1,0,0,1,0,0,0,1,1,0,0,0
"GA",1,1533,645048,1,0,NA,1533,0,1,0,0,0,0,0,1,0,0,0,1,0,0,0,0
"GA",1,1534,845885,1,0,NA,1534,0,1,0,0,0,0,1,0,0,0,1,1,0,0,0,0
"GA",1,1535,838417,0,1,NA,1535,0,1,0,0,1,0,0,1,0,0,0,1,1,0,0,0
"GA",1,1536,744741,1,0,NA,1536,0,1,0,0,1,0,0,0,0,0,0,1,0,0,0,0
"GA",1,1537,814366,0,1,NA,1537,0,1,0,0,1,1,0,0,0,0,0,1,0,1,0,0
"GA",1,1538,744741,1,0,NA,1538,0,1,0,0,1,0,0,0,0,0,0,1,0,0,0,0
"GA",1,1539,812132,0,1,NA,1539,0,1,0,0,1,1,0,0,0,0,0,1,0,0,1,0
"GA",1,1540,785222,1,0,NA,1540,0,1,0,0,1,0,0,0,0,0,1,1,0,0,0,0
"GA",1,1541,812132,0,1,NA,1541,0,1,0,0,1,1,0,0,0,0,0,1,0,0,1,0
"GA",1,1542,744741,1,0,NA,1542,0,1,0,0,1,0,0,0,0,0,0,1,0,0,0,0
"GA",1,1543,785222,1,0,NA,1543,0,1,0,0,1,0,0,0,0,0,1,1,0,0,0,0
"GA",1,1544,730031,1,0,NA,1544,0,0,1,0,1,0,0,0,0,0,0,1,0,0,0,0
"GA",1,1545,789907,0,1,NA,1545,0,1,1,0,1,0,0,0,0,0,1,1,0,0,0,0
"GA",1,1546,770512,1,0,NA,1546,0,0,1,0,1,0,0,0,0,0,1,1,0,0,0,0
"GA",1,1547,833046,1,0,NA,1547,0,1,0,0,0,0,0,1,0,0,1,1,0,0,0,0
"GA",1,1548,845885,0,1,NA,1548,0,1,0,0,0,0,1,0,0,0,1,1,1,0,0,0
"GA",1,1549,888856,0,1,NA,1549,0,1,0,0,0,1,1,0,0,0,1,1,0,0,0,0
"GA",1,1550,854260,0,1,NA,1550,0,0,1,0,1,0,0,1,0,0,1,1,0,0,0,0
"GA",1,1551,854394,0,2,NA,1551,1,1,0,0,1,0,1,0,0,0,1,1,0,0,0,0
"GA",1,1552,755719,1,0,NA,1552,0,0,0,0,1,0,0,1,0,0,0,1,1,0,0,0
"GA",1,1553,744741,1,0,NA,1553,0,1,0,0,1,0,0,0,0,0,0,1,0,0,0,0
"GA",1,1554,744741,1,0,NA,1554,0,1,0,0,1,0,0,0,0,0,0,1,0,0,0,0
"GA",1,1555,814366,0,1,NA,1555,0,1,0,0,1,1,0,0,0,0,0,1,0,1,0,0
"GA",1,1556,727018,1,0,NA,1556,0,0,0,0,1,0,1,0,0,0,0,1,0,1,0,0
"GA",1,1557,785222,0,1,NA,1557,0,1,0,0,1,0,0,0,0,0,1,1,1,0,0,0
"GA",1,1558,854260,0,2,NA,1558,0,0,1,0,1,0,0,1,0,0,1,1,0,0,1,0
"GA",1,1559,852613,0,1,NA,1559,0,1,0,0,1,1,0,0,0,0,1,1,0,0,0,0
"GA",1,1560,755719,1,0,NA,1560,0,0,0,0,1,0,0,1,0,0,0,1,1,0,0,0
"GA",1,1561,765265,1,0,NA,1561,0,0,0,0,1,0,1,0,0,0,1,1,0,0,0,0
"GA",1,1562,785222,1,0,NA,1562,0,1,0,0,1,0,0,0,0,0,1,1,0,0,0,0
"GA",1,1563,833046,1,0,NA,1563,0,1,0,0,0,0,0,1,0,0,1,1,0,0,0,0
"GA",1,1564,838417,0,1,NA,1564,0,1,0,0,1,0,0,1,0,0,0,1,1,0,0,0
"GA",1,1565,749298,1,0,NA,1565,0,1,0,0,0,0,0,0,0,0,1,1,0,0,0,0
"GA",1,1566,885175,0,2,NA,1566,0,1,0,0,1,0,0,1,1,0,0,1,1,0,0,0
"GA",1,1567,850762,0,2,NA,1567,0,0,0,0,1,0,1,1,0,0,1,1,1,0,0,0
"GA",1,1568,828489,1,0,NA,1568,0,1,0,0,1,0,0,1,0,0,0,1,0,0,0,0
"GA",1,1569,645048,1,0,NA,1569,0,1,0,0,0,0,0,1,0,0,0,1,0,0,0,0
"GA",1,1570,850570,0,2,NA,1570,0,1,1,0,0,0,1,0,0,1,1,1,0,0,0,0
"GA",1,1571,831569,0,2,NA,1571,0,1,0,0,1,0,0,1,0,0,0,1,0,1,0,1
"GA",1,1572,789907,0,1,NA,1572,0,1,1,0,1,0,0,0,0,0,1,1,0,0,0,0
"GA",1,1573,868970,0,1,NA,1573,0,1,0,0,1,0,0,1,0,0,1,1,0,0,0,0
"GA",1,1574,846782,0,1,NA,1574,0,0,0,0,1,0,1,1,0,0,1,1,0,0,0,0
"GA",1,1575,833174,0,1,NA,1575,0,1,1,0,1,0,0,1,0,0,0,1,0,0,0,0
"GA",1,1576,755719,1,0,NA,1576,0,0,0,0,1,0,0,1,0,0,0,1,1,0,0,0
"GA",1,1577,772114,1,0,NA,1577,0,0,0,0,0,1,1,0,0,0,1,1,0,0,0,0
"GA",1,1578,787456,0,1,NA,1578,0,1,0,0,1,0,0,0,0,0,1,1,0,1,0,0
"GA",1,1579,697968,1,0,NA,1579,0,1,0,0,0,0,1,0,0,0,0,1,0,0,0,0
"GA",1,1580,744741,1,0,NA,1580,0,1,0,0,1,0,0,0,0,0,0,1,0,0,0,0
"GA",1,1581,744741,1,0,NA,1581,0,1,0,0,1,0,0,0,0,0,0,1,0,0,0,0
"GA",1,1582,687981,1,0,NA,1582,0,1,0,0,0,0,0,1,0,0,0,1,1,0,0,0
"GA",1,1583,744741,1,0,NA,1583,0,1,0,0,1,0,0,0,0,0,0,1,0,0,0,0
"GA",1,1584,854847,0,2,NA,1584,0,1,0,0,1,1,0,0,0,0,1,1,0,1,0,0
"GA",1,1585,851943,0,1,NA,1585,0,1,0,0,1,0,1,0,0,0,1,1,0,0,0,0
"GA",1,1586,744741,1,0,NA,1586,0,1,0,0,1,0,0,0,0,0,0,1,0,0,0,0
"GA",1,1587,839805,0,2,NA,1587,0,1,0,0,1,0,0,1,0,1,0,1,0,1,0,0
"GA",1,1588,868970,0,1,NA,1588,0,1,0,0,1,0,0,1,0,0,1,1,0,0,0,0
"GA",1,1589,838417,0,1,NA,1589,0,1,0,0,1,0,0,1,0,0,0,1,1,0,0,0
"GA",1,1590,857298,0,2,NA,1590,0,1,1,0,1,1,0,0,0,0,1,1,0,0,0,0
"GA",1,1591,868970,0,2,NA,1591,0,1,0,0,1,0,0,1,0,0,1,1,0,0,1,0
"GA",1,1592,765265,1,0,NA,1592,0,0,0,0,1,0,1,0,0,0,1,1,0,0,0,0
"GA",1,1593,846782,0,1,NA,1593,0,0,0,0,1,0,1,1,0,0,1,1,0,0,0,0
"GA",1,1594,745587,1,0,NA,1594,0,1,0,0,1,0,0,0,0,0,0,1,0,0,0,1
"GA",1,1595,724784,1,0,NA,1595,0,0,0,0,1,0,1,0,0,0,0,1,0,0,0,0
"GA",1,1596,785222,1,0,NA,1596,0,1,0,0,1,0,0,0,0,0,1,1,0,0,0,0
"GA",1,1597,785222,1,0,NA,1597,0,1,0,0,1,0,0,0,0,0,1,1,0,0,0,0
"GA",1,1598,785222,1,0,NA,1598,0,1,0,0,1,0,0,0,0,0,1,1,0,0,0,0
"GA",1,1599,828489,1,0,NA,1599,0,1,0,0,1,0,0,1,0,0,0,1,0,0,0,0
"GA",1,1600,839805,0,2,NA,1600,0,1,0,0,1,0,0,1,0,1,0,1,0,1,0,0
"GA",1,1601,785222,1,0,NA,1601,0,1,0,0,1,0,0,0,0,0,1,1,0,0,0,0
"GA",1,1602,823707,0,1,NA,1602,0,0,1,0,1,0,0,1,0,0,0,1,1,0,0,0
"GA",1,1603,812132,1,0,NA,1603,0,1,0,0,1,1,0,0,0,0,0,1,0,0,0,0
"GA",1,1604,561300,1,0,NA,1604,0,1,0,0,0,0,0,0,0,0,0,1,0,0,0,0
"GA",1,1605,698544,1,0,NA,1605,0,0,0,0,1,0,0,0,0,0,1,1,0,0,0,0
"GA",1,1606,851943,0,1,NA,1606,0,1,0,0,1,0,1,0,0,0,1,1,0,0,0,0
"GA",1,1607,687981,1,0,NA,1607,0,1,0,0,0,0,0,1,0,0,0,1,1,0,0,0
"GA",1,1608,833174,0,2,NA,1608,0,1,1,0,1,0,0,1,0,0,0,1,0,1,0,0
"GA",1,1609,755719,1,0,NA,1609,0,0,0,0,1,0,0,1,0,0,0,1,1,0,0,0
"GA",1,1610,833046,1,0,NA,1610,0,1,0,0,0,0,0,1,0,0,1,1,0,0,0,0
"GA",1,1611,828333,0,1,NA,1611,0,0,0,1,1,0,1,0,0,0,1,1,0,0,0,0
"GA",1,1612,850570,0,3,NA,1612,0,1,1,0,0,0,1,0,0,1,1,1,1,0,0,0
"GA",1,1613,828489,1,0,NA,1613,0,1,0,0,1,0,0,1,0,0,0,1,0,0,0,0
"GA",1,1614,854260,0,2,NA,1614,0,0,1,0,1,0,0,1,0,0,1,1,1,0,0,0
"GA",1,1615,789907,0,1,NA,1615,0,1,1,0,1,0,0,0,0,0,1,1,0,0,0,0
"GA",1,1616,787456,0,1,NA,1616,0,1,0,0,1,0,0,0,0,0,1,1,0,1,0,0
"GA",1,1617,744045,1,0,NA,1617,0,0,0,0,1,0,0,1,0,0,0,1,0,1,0,0
"GA",1,1618,868970,0,1,NA,1618,0,1,0,0,1,0,0,1,0,0,1,1,0,0,0,0
"GA",1,1619,868970,0,1,NA,1619,0,1,0,0,1,0,0,1,0,0,1,1,0,0,0,0
"GA",1,1620,744741,1,0,NA,1620,0,1,0,0,1,0,0,0,0,0,0,1,0,0,0,0
"GA",1,1621,888856,0,1,NA,1621,0,1,0,0,0,1,1,0,0,0,1,1,0,0,0,0
"GA",1,1622,755719,1,0,NA,1622,0,0,0,0,1,0,0,1,0,0,0,1,1,0,0,0
"GA",1,1623,749298,1,0,NA,1623,0,1,0,0,0,0,0,0,0,0,1,1,0,0,0,0
"GA",1,1624,850570,0,3,NA,1624,0,1,1,0,0,0,1,0,0,1,1,1,0,1,0,0
"GA",1,1625,687981,1,0,NA,1625,0,1,0,0,0,0,0,1,0,0,0,1,1,0,0,0
"GA",1,1626,838417,0,1,NA,1626,0,1,0,0,1,0,0,1,0,0,0,1,1,0,0,0
"GA",1,1627,845885,1,0,NA,1627,0,1,0,0,0,0,1,0,0,0,1,1,0,0,0,0
"GA",1,1628,932087,0,4,NA,1628,0,1,1,0,0,0,1,1,0,1,1,1,1,0,0,0
"GA",1,1629,730877,1,0,NA,1629,0,0,1,0,1,0,0,0,0,0,0,1,0,0,0,1
"GA",1,1630,647282,1,0,NA,1630,0,1,0,0,0,0,0,1,0,0,0,1,0,1,0,0
"GA",1,1631,888856,0,1,NA,1631,0,1,0,0,0,1,1,0,0,0,1,1,0,0,0,0
"GA",1,1632,749298,0,1,NA,1632,0,1,0,0,0,0,0,0,0,1,1,1,1,0,0,0
"GA",1,1633,833174,0,1,NA,1633,0,1,1,0,1,0,0,1,0,0,0,1,0,0,0,0
"GA",1,1634,888856,0,1,NA,1634,0,1,0,0,0,1,1,0,0,0,1,1,0,0,0,0
"GA",1,1635,852613,0,2,NA,1635,0,1,0,1,1,1,0,0,0,0,1,1,0,0,0,0
"GA",1,1636,833046,1,0,NA,1636,0,1,0,0,0,0,0,1,0,0,1,1,0,0,0,0
"GA",1,1637,833046,1,0,NA,1637,0,1,0,0,0,0,0,1,0,0,1,1,0,0,0,0
"GA",1,1638,785222,0,1,NA,1638,0,1,0,0,1,0,0,0,0,0,1,1,0,0,1,0
"GA",1,1639,830723,0,1,NA,1639,0,1,0,0,1,0,0,1,0,0,0,1,0,1,0,0
"GA",1,1640,702653,1,0,NA,1640,0,1,1,0,0,0,1,0,0,0,0,1,0,0,0,0
"GA",1,1641,765935,1,0,NA,1641,0,0,0,0,1,1,0,0,0,0,1,1,0,0,0,0
"GA",1,1642,749298,1,0,NA,1642,0,1,0,0,0,0,0,0,0,0,1,1,0,0,0,0
"GA",1,1643,868970,0,2,NA,1643,0,1,0,0,1,0,0,1,0,0,1,1,0,0,0,1
"GA",1,1644,785222,1,0,NA,1644,0,1,0,0,1,0,0,0,0,0,1,1,0,0,0,0
"GA",1,1645,839805,0,2,NA,1645,0,1,0,0,1,0,0,1,0,1,0,1,0,1,0,0
"GA",1,1646,871421,0,3,NA,1646,1,1,0,0,1,0,0,1,0,0,1,1,1,0,0,0
"GA",1,1647,787456,0,1,NA,1647,0,1,0,0,1,0,0,0,0,0,1,1,0,1,0,0
"GA",1,1648,618484,1,0,NA,1648,0,0,0,0,0,0,0,0,0,0,1,1,0,0,0,0
"GA",1,1649,814366,0,1,NA,1649,0,1,0,0,1,1,0,0,0,0,0,1,0,1,0,0
"GA",1,1650,855748,0,2,NA,1650,0,0,0,0,1,1,1,1,0,0,1,1,0,0,0,0
"GA",1,1651,745587,1,0,NA,1651,0,1,0,0,1,0,0,0,0,0,0,1,0,0,0,1
"GA",1,1652,785222,1,0,NA,1652,0,1,0,0,1,0,0,0,0,0,1,1,0,0,0,0
"GA",1,1653,852613,0,1,NA,1653,0,1,0,0,1,1,0,0,0,0,1,1,0,0,0,0
"GA",1,1654,744741,1,0,NA,1654,0,1,0,0,1,0,0,0,0,0,0,1,0,0,0,0
"GA",1,1655,850570,0,1,NA,1655,0,1,1,0,0,0,1,0,0,0,1,1,0,0,0,0
"GA",1,1656,830567,0,3,NA,1656,0,0,0,1,1,0,1,0,0,1,1,1,0,1,0,0
"GA",1,1657,785222,1,0,NA,1657,0,1,0,0,1,0,0,0,0,0,1,1,0,0,0,0
"GA",1,1658,785222,1,0,NA,1658,0,1,0,0,1,0,0,0,0,0,1,1,0,0,0,0
"GA",1,1659,845885,0,1,NA,1659,0,1,0,1,0,0,1,0,0,0,1,1,0,0,0,0
"GA",1,1660,680668,0,1,NA,1660,0,1,0,0,0,1,0,1,0,0,0,1,0,1,0,0
"GA",1,1661,744741,1,0,NA,1661,0,1,0,0,1,0,0,0,0,0,0,1,0,0,0,0
"GA",1,1662,852613,0,1,NA,1662,0,1,0,0,1,1,0,0,0,0,1,1,0,0,0,0
"GA",1,1663,932087,0,4,NA,1663,0,1,1,0,0,0,1,1,0,1,1,1,1,0,0,0
"GA",1,1664,785222,1,0,NA,1664,0,1,0,0,1,0,0,0,0,0,1,1,0,0,0,0
"GA",1,1665,785222,1,0,NA,1665,0,1,0,0,1,0,0,0,0,0,1,1,0,0,0,0
"GA",1,1666,845885,0,1,NA,1666,0,1,0,1,0,0,1,0,0,0,1,1,0,0,0,0
"GA",1,1667,932087,0,4,NA,1667,0,1,1,0,0,0,1,1,0,1,1,1,1,0,0,0
"GA",1,1668,830723,0,1,NA,1668,0,1,0,0,1,0,0,1,0,0,0,1,0,1,0,0
"GA",1,1669,932087,0,3,NA,1669,0,1,1,0,0,0,1,1,0,0,1,1,0,0,0,1
"GA",1,1670,563534,1,0,NA,1670,0,1,0,0,0,0,0,0,0,0,0,1,0,1,0,0
"GA",1,1671,746975,1,0,NA,1671,0,1,0,0,1,0,0,0,0,0,0,1,0,1,0,0
"GA",1,1672,833046,1,0,NA,1672,0,1,0,0,0,0,0,1,0,0,1,1,0,0,0,0
"GA",1,1673,814366,0,1,NA,1673,0,1,0,0,1,1,0,0,0,0,0,1,0,1,0,0
"GA",1,1674,927402,0,3,NA,1674,0,1,0,0,0,0,1,1,0,1,1,1,1,0,0,0
"GA",1,1675,787456,0,1,NA,1675,0,1,0,0,1,0,0,0,0,0,1,1,0,1,0,0
"GA",1,1676,833174,0,1,NA,1676,0,1,1,0,1,0,0,1,0,0,0,1,0,0,0,0
"GA",1,1677,833046,1,0,NA,1677,0,1,0,0,0,0,0,1,0,0,1,1,0,0,0,0
"GA",1,1678,852613,0,1,NA,1678,0,1,0,0,1,1,0,0,0,0,1,1,0,0,0,0
"GA",1,1679,785222,1,0,NA,1679,0,1,0,0,1,0,0,0,0,0,1,1,0,0,0,0
"GA",1,1680,765935,1,0,NA,1680,0,0,0,0,1,1,0,0,0,0,1,1,0,0,0,0
"GA",1,1681,833046,1,0,NA,1681,0,1,0,0,0,0,0,1,0,0,1,1,0,0,0,0
"GA",1,1682,554616,1,0,NA,1682,0,0,0,0,0,0,0,1,0,0,0,1,1,0,0,0
"GA",1,1683,828489,1,0,NA,1683,0,1,0,0,1,0,0,1,0,0,0,1,0,0,0,0
"GA",1,1684,845885,0,1,NA,1684,0,1,0,1,0,0,1,0,0,0,1,1,0,0,0,0
"GA",1,1685,852613,0,2,NA,1685,0,1,0,1,1,1,0,0,0,0,1,1,0,0,0,0
"GA",1,1686,850570,0,1,NA,1686,0,1,1,0,0,0,1,0,0,0,1,1,0,0,0,0
"GA",1,1687,828333,0,2,NA,1687,0,0,0,1,1,0,1,0,0,1,1,1,0,0,0,0
"GA",1,1688,808236,0,1,NA,1688,0,0,0,0,1,1,1,0,0,0,1,1,0,0,0,0
"GA",1,1689,692666,0,1,NA,1689,0,1,1,0,0,0,0,1,0,0,0,1,1,0,0,0
"GA",1,1690,785222,1,0,NA,1690,0,1,0,0,1,0,0,0,0,0,1,1,0,0,0,0
"GA",1,1691,830723,0,1,NA,1691,0,1,0,0,1,0,0,1,0,0,0,1,0,1,0,0
"GA",1,1692,833046,1,0,NA,1692,0,1,0,0,0,0,0,1,0,0,1,1,0,0,0,0
"GA",1,1693,854847,0,2,NA,1693,0,1,0,0,1,1,0,0,0,0,1,1,0,1,0,0
"GA",1,1694,785222,1,0,NA,1694,0,1,0,0,1,0,0,0,0,0,1,1,0,0,0,0
"GA",1,1695,785222,0,1,NA,1695,0,1,0,0,1,0,0,0,0,0,1,1,0,0,0,1
"GA",1,1696,828333,0,2,NA,1696,0,0,0,1,1,0,1,0,0,1,1,1,0,0,0,0
"GA",1,1697,618484,1,0,NA,1697,0,0,0,0,0,0,0,0,0,0,1,1,0,0,0,0
"GA",1,1698,852613,0,1,NA,1698,0,1,0,0,1,1,0,0,0,0,1,1,0,0,0,0
"GA",1,1699,902907,0,2,NA,1699,0,1,0,0,1,0,1,1,0,0,0,1,1,0,0,0
"GA",1,1700,852613,0,1,NA,1700,0,1,0,0,1,1,0,0,0,0,1,1,0,0,0,0
"GA",1,1701,768169,0,1,NA,1701,0,0,0,0,1,1,0,0,0,0,1,1,0,1,0,0
"GA",1,1702,692666,0,2,NA,1702,1,1,1,0,0,0,0,1,0,0,0,1,1,0,0,0
"GA",1,1703,645048,1,0,NA,1703,0,1,0,0,0,0,0,1,0,0,0,1,0,0,0,0
"GA",1,1704,785222,1,0,NA,1704,0,1,0,0,1,0,0,0,0,0,1,1,0,0,0,0
"GA",1,1705,744045,1,0,NA,1705,0,0,0,0,1,0,0,1,0,0,0,1,0,1,0,0
"GA",1,1706,868970,0,1,NA,1706,0,1,0,0,1,0,0,1,0,0,1,1,0,0,0,0
"GA",1,1707,808236,0,1,NA,1707,0,0,0,0,1,1,1,0,0,0,1,1,0,0,0,0
"GA",1,1708,833046,1,0,NA,1708,0,1,0,0,0,0,0,1,0,0,1,1,0,0,0,0
"GA",1,1709,845885,1,0,NA,1709,0,1,0,0,0,0,1,0,0,0,1,1,0,0,0,0
"GA",1,1710,554616,1,0,NA,1710,0,0,0,0,0,0,0,1,0,0,0,1,1,0,0,0
"GA",1,1711,618484,1,0,NA,1711,0,0,0,0,0,0,0,0,0,0,1,1,0,0,0,0
"GA",1,1712,785222,1,0,NA,1712,0,1,0,0,1,0,0,0,0,0,1,1,0,0,0,0
"GA",1,1713,814366,0,1,NA,1713,0,1,0,0,1,1,0,0,0,0,0,1,0,1,0,0
"GA",1,1714,563534,1,0,NA,1714,0,1,0,0,0,0,0,0,0,0,0,1,0,1,0,0
"GA",1,1715,828333,0,2,NA,1715,0,0,0,1,1,0,1,0,0,1,1,1,0,0,0,0
"GA",1,1716,850570,0,2,NA,1716,0,1,1,1,0,0,1,0,0,0,1,1,0,0,0,0
"GA",1,1717,852613,0,2,NA,1717,0,1,0,1,1,1,0,0,0,0,1,1,0,0,0,0
"GA",1,1718,852613,0,1,NA,1718,0,1,0,0,1,1,0,0,0,0,1,1,0,0,0,0
"GA",1,1719,833174,0,1,NA,1719,0,1,1,0,1,0,0,1,0,0,0,1,0,0,0,0
"GA",1,1720,729143,1,0,NA,1720,0,0,0,0,0,0,1,0,0,0,1,1,0,0,0,0
"GA",1,1721,852613,0,2,NA,1721,0,1,0,1,1,1,0,0,0,0,1,1,0,0,0,0
"GA",1,1722,866432,0,1,NA,1722,0,1,0,0,0,1,0,1,0,0,1,1,0,0,0,0
"GA",1,1723,785222,1,0,NA,1723,0,1,0,0,1,0,0,0,0,0,1,1,0,0,0,0
"GA",1,1724,833046,1,0,NA,1724,0,1,0,0,0,0,0,1,0,0,1,1,0,0,0,0
"GA",1,1725,852613,0,2,NA,1725,0,1,0,1,1,1,0,0,0,0,1,1,0,0,0,0
"GA",1,1726,754669,1,0,NA,1726,0,1,0,0,1,0,0,0,0,0,0,1,1,0,0,0
"GA",1,1727,824294,0,2,NA,1727,0,1,0,0,1,1,0,0,0,0,0,1,1,1,0,0
"GA",1,1728,698544,1,0,NA,1728,0,0,0,0,1,0,0,0,0,0,1,1,0,0,0,0
"GA",1,1729,702232,1,0,NA,1729,0,0,0,0,0,0,0,1,0,0,1,1,0,0,0,0
"GA",1,1730,852613,0,2,NA,1730,0,1,0,1,1,1,0,0,0,0,1,1,0,0,0,0
"GA",1,1731,852613,0,1,NA,1731,0,1,0,0,1,1,0,0,0,0,1,1,0,0,0,0
"GA",1,1732,833046,1,0,NA,1732,0,1,0,0,0,0,0,1,0,0,1,1,0,0,0,0
"GA",1,1733,785222,1,0,NA,1733,0,1,0,0,1,0,0,0,0,0,1,1,0,0,0,0
"GA",1,1734,561300,1,0,NA,1734,0,1,0,0,0,0,0,0,0,0,0,1,0,0,0,0
"GA",1,1735,828489,1,0,NA,1735,0,1,0,0,1,0,0,1,0,0,0,1,0,0,0,0
"GA",1,1736,848119,0,1,NA,1736,0,1,0,0,0,0,1,0,0,0,1,1,0,1,0,0
"GA",1,1737,852613,0,2,NA,1737,0,1,0,1,1,1,0,0,0,0,1,1,0,0,0,0
"GA",1,1738,765935,1,0,NA,1738,0,0,0,0,1,1,0,0,0,0,1,1,0,0,0,0
"GA",1,1739,749298,1,0,NA,1739,0,1,0,0,0,0,0,0,0,0,1,1,0,0,0,0
"GA",1,1740,561300,1,0,NA,1740,0,1,0,0,0,0,0,0,0,0,0,1,0,0,0,0
"GA",1,1741,845885,1,0,NA,1741,0,1,0,0,0,0,1,0,0,0,1,1,0,0,0,0
"GA",1,1742,852613,0,1,NA,1742,0,1,0,0,1,1,0,0,0,0,1,1,0,0,0,0
"GA",1,1743,854847,0,2,NA,1743,0,1,0,0,1,1,0,0,0,0,1,1,0,1,0,0
"GA",1,1744,868970,0,1,NA,1744,0,1,0,0,1,0,0,1,0,0,1,1,0,0,0,0
"GA",1,1745,851943,0,1,NA,1745,0,1,0,0,1,0,1,0,0,0,1,1,0,0,0,0
"GA",1,1746,824294,0,3,NA,1746,0,1,0,0,1,1,0,0,0,1,0,1,1,1,0,0
"GA",1,1747,828489,1,0,NA,1747,0,1,0,0,1,0,0,1,0,0,0,1,0,0,0,0
"GA",1,1748,833046,1,0,NA,1748,0,1,0,0,0,0,0,1,0,0,1,1,0,0,0,0
"GA",1,1749,765935,1,0,NA,1749,0,0,0,0,1,1,0,0,0,0,1,1,0,0,0,0
"GA",1,1750,833046,1,0,NA,1750,0,1,0,0,0,0,0,1,0,0,1,1,0,0,0,0
"GA",1,1751,768169,0,1,NA,1751,0,0,0,0,1,1,0,0,0,0,1,1,0,1,0,0
"GA",1,1752,412563,1,0,NA,1752,0,0,0,0,0,0,0,0,0,0,0,1,0,0,0,0
"GA",1,1753,833046,1,0,NA,1753,0,1,0,0,0,0,0,1,0,0,1,1,0,0,0,0
"GA",1,1754,645048,1,0,NA,1754,0,1,0,0,0,0,0,1,0,0,0,1,0,0,0,0
"GA",1,1755,848119,0,1,NA,1755,0,1,0,0,0,0,1,0,0,0,1,1,0,1,0,0
"GA",1,1756,785222,1,0,NA,1756,0,1,0,0,1,0,0,0,0,0,1,1,0,0,0,0
"GA",1,1757,765935,1,0,NA,1757,0,0,0,0,1,1,0,0,0,0,1,1,0,0,0,0
"GA",1,1758,854847,0,2,NA,1758,0,1,0,0,1,1,0,0,0,0,1,1,0,1,0,0
"GA",1,1759,563534,1,0,NA,1759,0,1,0,0,0,0,0,0,0,0,0,1,0,1,0,0
"GA",1,1760,645048,1,0,NA,1760,0,1,0,0,0,0,0,1,0,0,0,1,0,0,0,0
"GA",1,1761,785222,0,1,NA,1761,0,1,0,0,1,0,0,0,0,1,1,1,0,0,0,0
"GA",1,1762,765749,0,2,NA,1762,0,1,1,1,0,0,1,0,0,0,0,1,1,0,0,0
"GA",1,1763,833046,1,0,NA,1763,0,1,0,0,0,0,0,1,0,0,1,1,0,0,0,0
"GA",1,1764,630925,1,0,NA,1764,0,1,0,0,0,1,0,0,0,0,0,1,0,1,0,0
"GA",1,1765,848119,0,1,NA,1765,0,1,0,0,0,0,1,0,0,0,1,1,0,1,0,0
"GA",1,1766,744741,1,0,NA,1766,0,1,0,0,1,0,0,0,0,0,0,1,0,0,0,0
"GA",1,1767,645048,1,0,NA,1767,0,1,0,0,0,0,0,1,0,0,0,1,0,0,0,0
"GA",1,1768,833046,1,0,NA,1768,0,1,0,0,0,0,0,1,0,0,1,1,0,0,0,0
"GA",1,1769,765935,1,0,NA,1769,0,0,0,0,1,1,0,0,0,0,1,1,0,0,0,0
"GA",1,1770,833046,1,0,NA,1770,0,1,0,0,0,0,0,1,0,0,1,1,0,0,0,0
"GA",1,1771,561300,1,0,NA,1771,0,1,0,0,0,0,0,0,0,0,0,1,0,0,0,0
"GA",1,1772,833046,1,0,NA,1772,0,1,0,0,0,0,0,1,0,0,1,1,0,0,0,0
"GA",1,1773,765935,1,0,NA,1773,0,0,0,0,1,1,0,0,0,0,1,1,0,0,0,0
"GA",1,1774,725454,1,0,NA,1774,0,0,0,0,1,1,0,0,0,0,0,1,0,0,0,0
"GA",1,1775,702232,1,0,NA,1775,0,0,0,0,0,0,0,1,0,0,1,1,0,0,0,0
"GA",1,1776,768169,0,1,NA,1776,0,0,0,0,1,1,0,0,0,0,1,1,0,1,0,0
"GA",1,1777,871204,0,2,NA,1777,0,1,0,0,1,0,0,1,0,0,1,1,0,1,0,0
"GA",1,1778,744741,1,0,NA,1778,0,1,0,0,1,0,0,0,0,0,0,1,0,0,0,0
"GA",1,1779,833046,1,0,NA,1779,0,1,0,0,0,0,0,1,0,0,1,1,0,0,0,0
"GA",1,1780,818923,0,1,NA,1780,0,1,0,0,0,1,0,0,0,0,1,1,0,1,0,0
"GA",1,1781,854847,0,2,NA,1781,0,1,0,0,1,1,0,0,0,0,1,1,0,1,0,0
"GA",1,1782,749298,1,0,NA,1782,0,1,0,0,0,0,0,0,0,0,1,1,0,0,0,0
"GA",1,1783,854847,0,2,NA,1783,0,1,0,0,1,1,0,0,0,0,1,1,0,1,0,0
"GA",1,1784,698544,1,0,NA,1784,0,0,0,0,1,0,0,0,0,0,1,1,0,0,0,0
"GA",1,1785,833174,0,1,NA,1785,0,1,1,0,1,0,0,1,0,0,0,1,0,0,0,0
"GA",1,1786,816817,0,2,NA,1786,0,1,1,0,1,1,0,0,0,0,0,1,0,1,0,0
"GA",1,1787,688350,1,0,NA,1787,0,1,0,0,0,0,0,0,0,1,0,1,0,0,0,0
"GA",1,1788,768169,0,1,NA,1788,0,0,0,0,1,1,0,0,0,0,1,1,0,1,0,0
"GA",1,1789,630925,1,0,NA,1789,0,1,0,0,0,1,0,0,0,0,0,1,0,1,0,0
"GA",1,1790,833046,1,0,NA,1790,0,1,0,0,0,0,0,1,0,0,1,1,0,0,0,0
"GA",1,1791,808236,0,1,NA,1791,0,0,0,0,1,1,1,0,0,0,1,1,0,0,0,0
"GA",1,1792,768169,0,1,NA,1792,0,0,0,0,1,1,0,0,0,0,1,1,0,1,0,0
"GA",1,1793,787456,0,1,NA,1793,0,1,0,0,1,0,0,0,0,0,1,1,0,1,0,0
"GA",1,1794,645048,1,0,NA,1794,0,1,0,0,0,0,0,1,0,0,0,1,0,0,0,0
"GA",1,1795,645048,1,0,NA,1795,0,1,0,0,0,0,0,1,0,0,0,1,0,0,0,0
"GA",1,1796,647282,1,0,NA,1796,0,1,0,0,0,0,0,1,0,0,0,1,0,1,0,0
"GA",1,1797,412563,1,0,NA,1797,0,0,0,0,0,0,0,0,0,0,0,1,0,0,0,0
"GA",1,1798,816817,0,1,NA,1798,0,1,1,0,1,1,0,0,0,0,0,1,0,0,0,0
"GA",1,1799,744741,1,0,NA,1799,0,1,0,0,1,0,0,0,0,0,0,1,0,0,0,0
"GA",1,1800,744741,1,0,NA,1800,0,1,0,0,1,0,0,0,0,0,0,1,0,0,0,0
"GA",1,1801,563534,1,0,NA,1801,0,1,0,0,0,0,0,0,0,0,0,1,0,1,0,0
"GA",1,1802,845885,1,0,NA,1802,0,1,0,0,0,0,1,0,0,0,1,1,0,0,0,0
"GA",1,1803,618484,1,0,NA,1803,0,0,0,0,0,0,0,0,0,0,1,1,0,0,0,0
"GA",1,1804,817912,0,2,NA,1804,0,0,0,0,1,1,0,1,0,0,1,1,0,1,0,0
"GA",1,1805,812132,1,0,NA,1805,0,1,0,0,1,1,0,0,0,0,0,1,0,0,0,0
"GA",1,1806,782292,1,0,NA,1806,0,0,0,0,1,0,0,1,0,0,1,1,0,0,0,0
"GA",1,1807,628691,1,0,NA,1807,0,1,0,0,0,1,0,0,0,0,0,1,0,0,0,0
"GA",1,1808,833046,1,0,NA,1808,0,1,0,0,0,0,0,1,0,0,1,1,0,0,0,0
"GA",1,1809,561300,1,0,NA,1809,0,1,0,0,0,0,0,0,0,0,0,1,0,0,0,0
"GA",1,1810,833046,0,1,NA,1810,0,1,0,0,0,0,0,1,0,0,1,1,0,0,0,1
"GA",1,1811,845885,1,0,NA,1811,0,1,0,0,0,0,1,0,0,0,1,1,0,0,0,0
"GA",1,1812,828489,1,0,NA,1812,0,1,0,0,1,0,0,1,0,0,0,1,0,0,0,0
"GA",1,1813,817912,0,2,NA,1813,0,0,0,0,1,1,0,1,0,0,1,1,0,1,0,0
"GA",1,1814,725454,1,0,NA,1814,0,0,0,0,1,1,0,0,0,0,0,1,0,0,0,0
"GA",1,1815,837731,0,1,NA,1815,0,1,1,0,0,0,0,1,0,0,1,1,0,0,0,0
"GA",1,1816,833046,1,0,NA,1816,0,1,0,0,0,0,0,1,0,0,1,1,0,0,0,0
"GA",1,1817,873655,0,3,NA,1817,0,1,1,0,1,0,0,1,0,0,1,1,0,0,1,0
"GA",1,1818,816689,1,0,NA,1818,0,1,0,0,0,1,0,0,0,0,1,1,0,0,0,0
"GA",1,1819,725454,1,0,NA,1819,0,0,0,0,1,1,0,0,0,0,0,1,0,0,0,0
"GA",1,1820,855748,0,2,NA,1820,0,0,0,0,1,1,1,1,0,0,1,1,0,0,0,0
"GA",1,1821,768169,0,2,NA,1821,0,0,0,0,1,1,0,0,0,0,1,1,0,1,0,1
"GA",1,1822,816689,1,0,NA,1822,0,1,0,0,0,1,0,0,0,0,1,1,0,0,0,0
"GA",1,1823,808236,0,1,NA,1823,0,0,0,0,1,1,1,0,0,0,1,1,0,0,0,0
"GA",1,1824,765935,1,0,NA,1824,0,0,0,0,1,1,0,0,0,0,1,1,0,0,0,0
"GA",1,1825,698544,1,0,NA,1825,0,0,0,0,1,0,0,0,0,0,1,1,0,0,0,0
"GA",1,1826,812132,1,0,NA,1826,0,1,0,0,1,1,0,0,0,0,0,1,0,0,0,0
"GA",1,1827,744741,1,0,NA,1827,0,1,0,0,1,0,0,0,0,0,0,1,0,0,0,0
"GA",1,1828,645048,1,0,NA,1828,0,1,0,0,0,0,0,1,0,0,0,1,0,0,0,0
"GA",1,1829,751532,0,1,NA,1829,0,1,0,0,0,0,0,0,0,1,1,1,0,1,0,0
"GA",1,1830,751532,1,0,NA,1830,0,1,0,0,0,0,0,0,0,0,1,1,0,1,0,0
"GA",1,1831,660297,1,0,NA,1831,0,0,0,0,1,0,0,0,0,0,0,1,0,1,0,0
"GA",1,1832,744741,1,0,NA,1832,0,1,0,0,1,0,0,0,0,0,0,1,0,0,0,0
"GA",1,1833,647282,1,0,NA,1833,0,1,0,0,0,0,0,1,0,0,0,1,0,1,0,0
"GA",1,1834,816689,1,0,NA,1834,0,1,0,0,0,1,0,0,0,0,1,1,0,0,0,0
"GA",1,1835,647282,1,0,NA,1835,0,1,0,0,0,0,0,1,0,0,0,1,0,1,0,0
"GA",1,1836,808236,0,1,NA,1836,0,0,0,0,1,1,1,0,0,0,1,1,0,0,0,0
"GA",1,1837,482188,1,0,NA,1837,0,0,0,0,0,1,0,0,0,0,0,1,0,1,0,0
"GA",1,1838,861124,0,2,NA,1838,0,1,0,0,1,1,0,0,1,0,0,1,0,1,0,0
"GA",1,1839,848119,0,1,NA,1839,0,1,0,0,0,0,1,0,0,0,1,1,0,1,0,0
"GA",1,1840,727688,1,0,NA,1840,0,0,0,0,1,1,0,0,0,0,0,1,0,1,0,0
"GA",1,1841,854847,0,3,NA,1841,0,1,0,0,1,1,0,0,0,0,1,1,0,1,0,1
"GA",1,1842,854847,0,2,NA,1842,0,1,0,0,1,1,0,0,0,0,1,1,0,1,0,0
"GA",1,1843,725454,1,0,NA,1843,0,0,0,0,1,1,0,0,0,0,0,1,0,0,0,0
"GA",1,1844,645048,1,0,NA,1844,0,1,0,0,0,0,0,1,0,0,0,1,0,0,0,0
"GA",1,1845,938749,0,3,NA,1845,0,1,0,0,0,1,0,1,1,0,1,1,0,1,0,0
"GA",1,1846,647282,1,0,NA,1846,0,1,0,0,0,0,0,1,0,0,0,1,0,1,0,0
"GA",1,1847,785222,1,0,NA,1847,0,1,0,0,1,0,0,0,0,0,1,1,0,0,0,0
"GA",1,1848,855748,0,2,NA,1848,0,0,0,0,1,1,1,1,0,0,1,1,0,0,0,0
"GA",1,1849,518251,1,0,NA,1849,0,0,1,0,0,0,0,0,0,0,0,1,0,0,0,0
"GA",1,1850,658501,1,0,NA,1850,0,0,0,0,0,0,0,0,0,1,1,1,0,1,0,0
"GA",1,1851,688350,1,0,NA,1851,0,1,0,0,0,0,0,0,0,1,0,1,0,0,0,0
"GA",1,1852,816689,1,0,NA,1852,0,1,0,0,0,1,0,0,0,0,1,1,0,0,0,0
"GA",1,1853,725454,1,0,NA,1853,0,0,0,0,1,1,0,0,0,0,0,1,0,0,0,0
"GA",1,1854,845885,1,0,NA,1854,0,1,0,0,0,0,1,0,0,0,1,1,0,0,0,0
"GA",1,1855,833046,1,0,NA,1855,0,1,0,0,0,0,0,1,0,0,1,1,0,0,0,0
"GA",1,1856,647282,1,0,NA,1856,0,1,0,0,0,0,0,1,0,0,0,1,0,1,0,0
"GA",1,1857,688350,1,0,NA,1857,0,1,0,0,0,0,0,0,0,1,0,1,0,0,0,0
"GA",1,1858,797422,1,0,NA,1858,0,0,1,0,1,1,0,0,0,0,0,1,0,0,0,0
"GA",1,1859,833046,0,1,NA,1859,0,1,0,0,0,0,0,1,0,0,1,1,0,0,1,0
"GA",1,1860,791499,1,0,NA,1860,0,1,0,0,1,0,0,0,1,0,0,1,0,0,0,0
"GA",1,1861,833174,0,2,NA,1861,0,1,1,0,1,0,0,1,0,0,0,1,0,1,0,0
"GA",1,1862,628691,1,0,NA,1862,0,1,0,0,0,1,0,0,0,0,0,1,0,0,0,0
"GA",1,1863,833174,0,2,NA,1863,0,1,1,0,1,0,0,1,0,0,0,1,0,1,0,0
"GA",1,1864,765935,1,0,NA,1864,0,0,0,0,1,1,0,0,0,0,1,1,0,0,0,0
"GA",1,1865,741811,1,0,NA,1865,0,0,0,0,1,0,0,1,0,0,0,1,0,0,0,0
"GA",1,1866,751532,1,0,NA,1866,0,1,0,0,0,0,0,0,0,0,1,1,0,1,0,0
"GA",1,1867,775197,1,0,NA,1867,0,0,0,0,1,1,0,1,0,0,0,1,0,0,0,0
"GA",1,1868,725454,1,0,NA,1868,0,0,0,0,1,1,0,0,0,0,0,1,0,0,0,0
"GA",1,1869,833046,0,1,NA,1869,0,1,0,0,0,0,0,1,0,0,1,1,0,0,1,0
"GA",1,1870,816689,1,0,NA,1870,0,1,0,0,0,1,0,0,0,0,1,1,0,0,0,0
"GA",1,1871,828489,1,0,NA,1871,0,1,0,0,1,0,0,1,0,0,0,1,0,0,0,0
"GA",1,1872,818923,0,1,NA,1872,0,1,0,0,0,1,0,0,0,0,1,1,0,1,0,0
"GA",1,1873,702232,1,0,NA,1873,0,0,0,0,0,0,0,1,0,0,1,1,0,0,0,0
"GA",1,1874,833174,0,1,NA,1874,0,1,1,0,1,0,0,1,0,0,0,1,0,0,0,0
"GA",1,1875,518251,1,0,NA,1875,0,0,1,0,0,0,0,0,0,0,0,1,0,0,1,0
"GA",1,1876,645048,1,0,NA,1876,0,1,0,0,0,0,0,1,0,0,0,1,0,0,0,0
"GA",1,1877,845885,1,0,NA,1877,0,1,0,0,0,0,1,0,0,0,1,1,0,0,0,0
"GA",1,1878,645048,1,0,NA,1878,0,1,0,0,0,0,0,1,0,0,0,1,0,0,0,0
"GA",1,1879,812132,1,0,NA,1879,0,1,0,0,1,1,0,0,0,0,0,1,0,0,0,0
"GA",1,1880,685875,1,0,NA,1880,0,0,0,0,0,1,0,0,0,0,1,1,0,0,0,0
"GA",1,1881,927402,0,1,NA,1881,0,1,0,0,0,0,1,1,0,0,1,1,0,0,0,0
"GA",1,1882,855064,0,1,NA,1882,1,0,0,0,1,1,0,0,0,0,1,1,0,0,0,0
"GA",1,1883,727688,1,0,NA,1883,0,0,0,0,1,1,0,0,0,0,0,1,0,1,0,0
"GA",1,1884,744741,1,0,NA,1884,0,1,0,0,1,0,0,0,0,0,0,1,0,0,0,0
"GA",1,1885,814366,0,1,NA,1885,0,1,0,0,1,1,0,0,0,0,0,1,0,1,0,0
"GA",1,1886,749298,1,0,NA,1886,0,1,0,0,0,0,0,0,0,0,1,1,0,0,0,0
"GA",1,1887,725454,1,0,NA,1887,0,0,0,0,1,1,0,0,0,0,0,1,0,0,0,0
"GA",1,1888,725454,1,0,NA,1888,0,0,0,0,1,1,0,0,0,0,0,1,0,0,0,0
"GA",1,1889,852613,0,1,NA,1889,0,1,0,0,1,1,0,0,0,0,1,1,0,0,0,0
"GA",1,1890,833046,1,0,NA,1890,0,1,0,0,0,0,0,1,0,0,1,1,0,0,0,0
"GA",1,1891,848119,0,1,NA,1891,0,1,0,0,0,0,1,0,0,0,1,1,0,1,0,0
"GA",1,1892,845885,1,0,NA,1892,0,1,0,0,0,0,1,0,0,0,1,1,0,0,0,0
"GA",1,1893,835280,0,2,NA,1893,0,1,0,0,0,0,0,1,0,0,1,1,0,1,0,1
"GA",1,1894,753823,1,0,NA,1894,0,1,0,0,1,0,0,0,0,1,0,1,0,0,0,0
"GA",1,1895,768169,0,1,NA,1895,0,0,0,0,1,1,0,0,0,0,1,1,0,1,0,0
"GA",1,1896,751532,0,1,NA,1896,0,1,0,0,0,0,0,0,0,1,1,1,0,1,0,0
"GA",1,1897,837903,0,1,NA,1897,0,0,1,0,1,1,0,0,0,0,1,1,0,0,0,0
"GA",1,1898,834020,0,3,NA,1898,0,1,1,0,1,0,0,1,0,0,0,1,0,1,0,1
"GA",1,1899,601999,1,0,NA,1899,0,0,1,0,0,0,0,1,0,0,0,1,0,1,0,0
"GA",1,1900,851943,0,1,NA,1900,0,1,0,0,1,0,1,0,0,0,1,1,0,0,0,0
"GA",1,1901,816689,1,0,NA,1901,0,1,0,0,0,1,0,0,0,0,1,1,0,0,0,0
"GA",1,1902,818923,0,1,NA,1902,0,1,0,0,0,1,0,0,0,0,1,1,0,1,0,0
"GA",1,1903,628691,1,0,NA,1903,0,1,0,0,0,1,0,0,0,0,0,1,0,0,0,0
"GA",1,1904,845885,1,0,NA,1904,0,1,0,0,0,0,1,0,0,0,1,1,0,0,0,0
"GA",1,1905,834297,0,1,NA,1905,0,1,0,0,0,0,1,0,1,0,0,1,0,1,0,0
"GA",1,1906,690584,1,0,NA,1906,0,1,0,0,0,0,0,0,0,1,0,1,0,1,0,0
"GA",1,1907,852613,0,1,NA,1907,0,1,0,0,1,1,0,0,0,0,1,1,0,0,0,0
"GA",1,1908,727688,1,0,NA,1908,0,0,0,0,1,1,0,0,0,0,0,1,0,1,0,0
"GA",1,1909,756057,0,1,NA,1909,0,1,0,0,1,0,0,0,0,1,0,1,0,1,0,0
"GA",1,1910,815212,0,2,NA,1910,0,1,0,0,1,1,0,0,0,0,0,1,0,1,0,1
"GA",1,1911,479954,1,0,NA,1911,0,0,0,0,0,1,0,0,0,0,0,1,0,0,0,0
"GA",1,1912,727688,1,0,NA,1912,0,0,0,0,1,1,0,0,0,0,0,1,0,1,0,0
"GA",1,1913,812132,1,0,NA,1913,0,1,0,0,1,1,0,0,0,0,0,1,0,0,0,0
"GA",1,1914,647282,1,0,NA,1914,0,1,0,0,0,0,0,1,0,0,0,1,0,1,0,0
"GA",1,1915,702232,1,0,NA,1915,0,0,0,0,0,0,0,1,0,0,1,1,0,0,0,0
"GA",1,1916,854847,0,2,NA,1916,0,1,0,0,1,1,0,0,0,0,1,1,0,1,0,0
"GA",1,1917,561300,1,0,NA,1917,0,1,0,0,0,0,0,0,0,0,0,1,0,0,0,0
"GA",1,1918,628691,1,0,NA,1918,0,1,0,0,0,1,0,0,0,0,0,1,0,0,0,0
"GA",1,1919,647282,1,0,NA,1919,0,1,0,0,0,0,0,1,0,0,0,1,0,1,0,0
"GA",1,1920,818923,0,1,NA,1920,0,1,0,0,0,1,0,0,0,0,1,1,0,1,0,0
"GA",1,1921,700202,1,0,NA,1921,0,1,0,0,0,0,1,0,0,0,0,1,0,1,0,0
"GA",1,1922,727688,1,0,NA,1922,0,0,0,0,1,1,0,0,0,0,0,1,0,1,0,0
"GA",1,1923,816689,1,0,NA,1923,0,1,0,0,0,1,0,0,0,0,1,1,0,0,0,0
"GA",1,1924,725454,1,0,NA,1924,0,0,0,0,1,1,0,0,0,0,0,1,0,0,0,0
"GA",1,1925,845885,1,0,NA,1925,0,1,0,0,0,0,1,0,0,0,1,1,0,0,0,0
"GA",1,1926,850570,0,2,NA,1926,1,1,0,0,0,0,1,0,0,0,1,1,0,1,0,0
"GA",1,1927,832063,1,0,NA,1927,0,1,0,0,0,0,1,0,1,0,0,1,0,0,0,0
"GA",1,1928,818923,0,1,NA,1928,0,1,0,0,0,1,0,0,0,0,1,1,0,1,0,0
"GA",1,1929,753823,1,0,NA,1929,0,1,0,0,1,0,0,0,0,1,0,1,0,0,0,0
"GA",1,1930,841145,0,1,NA,1930,0,1,0,0,0,0,1,0,1,1,0,1,0,0,0,0
"GA",1,1931,833046,1,0,NA,1931,0,1,0,0,0,0,0,1,0,0,1,1,0,0,0,0
"GA",1,1932,833174,0,1,NA,1932,0,1,1,0,1,0,0,1,0,0,0,1,0,0,0,0
"GA",1,1933,875247,1,0,NA,1933,0,1,0,0,0,0,0,1,1,0,0,1,0,0,0,0
"GA",1,1934,753823,1,0,NA,1934,0,1,0,0,1,0,0,0,0,1,0,1,0,0,0,0
"GA",1,1935,727688,1,0,NA,1935,0,0,0,0,1,1,0,0,0,0,0,1,0,1,0,0
"GA",1,1936,812132,1,0,NA,1936,0,1,0,0,1,1,0,0,0,0,0,1,0,0,0,0
"GA",1,1937,816817,0,1,NA,1937,1,0,0,0,1,1,0,0,0,0,0,1,0,1,0,0
"GA",1,1938,749298,1,0,NA,1938,0,1,0,0,0,0,0,0,0,0,1,1,0,0,0,0
"GA",1,1939,647282,1,0,NA,1939,0,1,0,0,0,0,0,1,0,0,0,1,0,1,0,0
"GA",1,1940,833046,1,0,NA,1940,0,1,0,0,0,0,0,1,0,0,1,1,0,0,0,0
"GA",1,1941,725454,1,0,NA,1941,0,0,0,0,1,1,0,0,0,0,0,1,0,0,0,0
"GA",1,1942,725454,1,0,NA,1942,0,0,0,0,1,1,0,0,0,0,0,1,0,0,0,0
"GA",1,1943,845885,0,1,NA,1943,0,1,0,0,0,0,1,0,0,1,1,1,0,0,0,0
"GA",1,1944,816689,1,0,NA,1944,0,1,0,0,0,1,0,0,0,0,1,1,0,0,0,0
"GA",1,1945,725454,1,0,NA,1945,0,0,0,0,1,1,0,0,0,0,0,1,0,0,0,0
"GA",1,1946,725454,1,0,NA,1946,0,0,0,0,1,1,0,0,0,0,0,1,0,0,0,0
"GA",1,1947,835280,0,1,NA,1947,0,1,0,0,0,0,0,1,0,0,1,1,0,1,0,0
"GA",1,1948,833046,1,0,NA,1948,0,1,0,0,0,0,0,1,0,0,1,1,0,0,0,0
"GA",1,1949,728534,0,1,NA,1949,0,0,0,0,1,1,0,0,0,0,0,1,0,1,0,1
"GA",1,1950,848336,0,1,NA,1950,1,1,0,0,0,0,1,0,0,0,1,1,0,0,0,0
"GA",1,1951,647282,1,0,NA,1951,0,1,0,0,0,0,0,1,0,0,0,1,0,1,0,0
"GA",1,1952,848119,0,2,NA,1952,0,1,0,0,0,0,1,0,0,1,1,1,0,1,0,0
"GA",1,1953,647282,1,0,NA,1953,0,1,0,0,0,0,0,1,0,0,0,1,0,1,0,0
"GA",1,1954,561300,1,0,NA,1954,0,1,0,0,0,0,0,0,0,0,0,1,0,0,0,0
"GA",1,1955,725454,1,0,NA,1955,0,0,0,0,1,1,0,0,0,0,0,1,0,0,0,0
"GA",1,1956,700202,1,0,NA,1956,0,1,0,0,0,0,1,0,0,0,0,1,0,1,0,0
"GA",1,1957,848119,0,1,NA,1957,0,1,0,0,0,0,1,0,0,0,1,1,0,1,0,0
"GA",1,1958,673359,1,0,NA,1958,0,0,0,0,1,0,0,0,0,1,0,1,0,1,0,0
"GA",1,1959,744741,1,0,NA,1959,0,1,0,0,1,0,0,0,0,0,0,1,0,0,0,0
"GA",1,1960,785222,1,0,NA,1960,0,1,0,0,1,0,0,0,0,0,1,1,0,0,0,0
"GA",1,1961,848119,0,1,NA,1961,0,1,0,0,0,0,1,0,0,0,1,1,0,1,0,0
"GA",1,1962,848119,0,1,NA,1962,0,1,0,0,0,0,1,0,0,0,1,1,0,1,0,0
"GA",1,1963,845885,1,0,NA,1963,0,1,0,0,0,0,1,0,0,0,1,1,0,0,0,0
"GA",1,1964,867972,0,1,NA,1964,0,1,0,0,0,1,0,0,1,1,0,1,0,0,0,0
"GA",1,1965,725454,1,0,NA,1965,0,0,0,0,1,1,0,0,0,0,0,1,0,0,0,0
"GA",1,1966,749426,1,0,NA,1966,1,0,0,0,1,0,0,0,0,0,0,1,0,1,0,0
"GA",1,1967,756057,0,1,NA,1967,0,1,0,0,1,0,0,0,0,1,0,1,0,1,0,0
"GA",1,1968,812132,1,0,NA,1968,0,1,0,0,1,1,0,0,0,0,0,1,0,0,0,0
"GA",1,1969,814366,0,1,NA,1969,0,1,0,0,1,1,0,0,0,0,0,1,0,1,0,0
"GA",1,1970,833046,1,0,NA,1970,0,1,0,0,0,0,0,1,0,0,1,1,0,0,0,0
"GA",1,1971,833046,1,0,NA,1971,0,1,0,0,0,0,0,1,0,0,1,1,0,0,0,0
"GA",1,1972,700202,1,0,NA,1972,0,1,0,0,0,0,1,0,0,0,0,1,0,1,0,0
"GA",1,1973,835280,0,1,NA,1973,0,1,0,0,0,0,0,1,0,0,1,1,0,1,0,0
"GA",1,1974,833046,1,0,NA,1974,0,1,0,0,0,0,0,1,0,0,1,1,0,0,0,0
"GA",1,1975,812132,1,0,NA,1975,0,1,0,0,1,1,0,0,0,0,0,1,0,0,0,0
"GA",1,1976,628691,1,0,NA,1976,0,1,0,0,0,1,0,0,0,0,0,1,0,0,0,0
"GA",1,1977,818923,0,1,NA,1977,0,1,0,0,0,1,0,0,0,0,1,1,0,1,0,0
"GA",1,1978,848119,0,1,NA,1978,0,1,0,0,0,0,1,0,0,0,1,1,0,1,0,0
"GA",1,1979,833174,0,1,NA,1979,0,1,1,0,1,0,0,1,0,0,0,1,0,0,0,0
"GA",1,1980,848336,0,1,NA,1980,1,1,0,0,0,0,1,0,0,0,1,1,0,0,0,0
"GA",1,1981,753823,1,0,NA,1981,0,1,0,0,1,0,0,0,0,1,0,1,0,0,0,0
"GA",1,1982,688350,1,0,NA,1982,0,1,0,0,0,0,0,0,0,1,0,1,0,0,0,0
"GA",1,1983,845885,1,0,NA,1983,0,1,0,0,0,0,1,0,0,0,1,1,0,0,0,0
"GA",1,1984,833046,1,0,NA,1984,0,1,0,0,0,0,0,1,0,0,1,1,0,0,0,0
"GA",1,1985,873655,0,3,NA,1985,0,1,1,0,1,0,0,1,0,0,1,1,0,1,0,0
"GA",1,1986,740015,1,0,NA,1986,0,0,0,0,0,0,0,1,0,1,1,1,0,0,0,0
"GA",1,1987,479954,1,0,NA,1987,0,0,0,0,0,1,0,0,0,0,0,1,0,0,0,0
"GA",1,1988,845885,0,1,NA,1988,0,1,0,0,0,0,1,0,0,1,1,1,0,0,0,0
"GA",1,1989,888856,0,1,NA,1989,0,1,0,0,0,1,1,0,0,0,1,1,0,0,0,0
"GA",1,1990,813696,0,1,NA,1990,0,1,0,0,1,0,1,0,0,0,0,1,0,1,0,0
"GA",1,1991,848119,0,2,NA,1991,0,1,0,0,0,0,1,0,0,1,1,1,0,1,0,0
"GA",1,1992,835280,0,1,NA,1992,0,1,0,0,0,0,0,1,0,0,1,1,0,1,0,0
"GA",1,1993,673359,1,0,NA,1993,0,0,0,0,1,0,0,0,0,1,0,1,0,1,0,0
"GA",1,1994,628691,1,0,NA,1994,0,1,0,0,0,1,0,0,0,0,0,1,0,0,0,0
"GA",1,1995,749298,1,0,NA,1995,0,1,0,0,0,0,0,0,0,0,1,1,0,0,0,0
"GA",1,1996,815678,0,1,NA,1996,0,0,0,0,1,1,0,1,0,0,1,1,0,0,0,0
"GA",1,1997,858890,1,0,NA,1997,0,1,0,0,0,1,0,0,1,0,0,1,0,0,0,0
"GA",1,1998,833174,0,1,NA,1998,0,1,1,0,1,0,0,1,0,0,0,1,0,0,0,0
"GA",1,1999,738516,1,0,NA,1999,0,0,0,0,1,1,0,0,0,1,0,1,0,0,0,0
"GA",1,2000,812132,1,0,NA,2000,0,1,0,0,1,1,0,0,0,0,0,1,0,0,0,0
"GA",1,2001,848336,0,1,NA,2001,1,1,0,0,0,0,1,0,0,0,1,1,0,0,0,0
"GA",1,2002,563534,1,0,NA,2002,0,1,0,0,0,0,0,0,0,0,0,1,0,1,0,0
"GA",1,2003,848119,0,1,NA,2003,0,1,0,0,0,0,1,0,0,0,1,1,0,1,0,0
"GA",1,2004,660297,1,0,NA,2004,0,0,0,0,1,0,0,0,0,0,0,1,0,1,0,0
"GA",1,2005,753823,1,0,NA,2005,0,1,0,0,1,0,0,0,0,1,0,1,0,0,0,0
"GA",1,2006,852613,0,1,NA,2006,0,1,0,0,1,1,0,0,0,0,1,1,0,0,0,0
"GA",1,2007,845885,1,0,NA,2007,0,1,0,0,0,0,1,0,0,0,1,1,0,0,0,0
"GA",1,2008,647282,1,0,NA,2008,0,1,0,0,0,0,0,1,0,0,0,1,0,1,0,0
"GA",1,2009,725454,1,0,NA,2009,0,0,0,0,1,1,0,0,0,0,0,1,0,0,0,0
"GA",1,2010,725454,1,0,NA,2010,0,0,0,0,1,1,0,0,0,0,0,1,0,0,0,0
"GA",1,2011,746975,1,0,NA,2011,0,1,0,0,1,0,0,0,0,0,0,1,0,1,0,0
"GA",1,2012,845885,1,0,NA,2012,0,1,0,0,0,0,1,0,0,0,1,1,0,0,0,0
"GA",1,2013,835280,0,1,NA,2013,0,1,0,0,0,0,0,1,0,0,1,1,0,1,0,0
"GA",1,2014,891090,0,2,NA,2014,0,1,0,0,0,1,1,0,0,0,1,1,0,1,0,0
"GA",1,2015,726300,1,0,NA,2015,0,0,0,0,1,1,0,0,0,0,0,1,0,0,0,1
"GA",1,2016,671125,1,0,NA,2016,0,0,0,0,1,0,0,0,0,1,0,1,0,0,0,0
"GA",1,2017,833046,1,0,NA,2017,0,1,0,0,0,0,0,1,0,0,1,1,0,0,0,0
"GA",1,2018,832063,1,0,NA,2018,0,1,0,0,0,0,1,0,1,0,0,1,0,0,0,0
"GA",1,2019,845885,1,0,NA,2019,0,1,0,0,0,0,1,0,0,0,1,1,0,0,0,0
"GA",1,2020,645048,1,0,NA,2020,0,1,0,0,0,0,0,1,0,0,0,1,0,0,0,0
"GA",1,2021,812132,0,1,NA,2021,0,1,0,0,1,1,0,0,0,0,0,1,0,0,1,0
"GA",1,2022,700202,1,0,NA,2022,0,1,0,0,0,0,1,0,0,0,0,1,0,1,0,0
"GA",1,2023,833046,1,0,NA,2023,0,1,0,0,0,0,0,1,0,0,1,1,0,0,0,0
"GA",1,2024,833046,1,0,NA,2024,0,1,0,0,0,0,0,1,0,0,1,1,0,0,0,0
"GA",1,2025,647282,1,0,NA,2025,0,1,0,0,0,0,0,1,0,0,0,1,0,1,0,0
"GA",1,2026,649733,0,1,NA,2026,0,1,1,0,0,0,0,1,0,0,0,1,0,1,0,0
"GA",1,2027,852613,0,1,NA,2027,0,1,0,0,1,1,0,0,0,0,1,1,0,0,0,0
"GA",1,2028,728534,0,1,NA,2028,0,0,0,0,1,1,0,0,0,0,0,1,0,1,0,1
"GA",1,2029,740015,1,0,NA,2029,0,0,0,0,0,0,0,1,0,1,1,1,0,0,0,0
"GA",1,2030,812132,1,0,NA,2030,0,1,0,0,1,1,0,0,0,0,0,1,0,0,0,0
"GA",1,2031,787456,0,1,NA,2031,0,1,0,0,1,0,0,0,0,0,1,1,0,1,0,0
"GA",1,2032,834297,0,1,NA,2032,0,1,0,0,0,0,1,0,1,0,0,1,0,1,0,0
"GA",1,2033,845885,1,0,NA,2033,0,1,0,0,0,0,1,0,0,0,1,1,0,0,0,0
"GA",1,2034,802570,1,0,NA,2034,0,1,0,0,0,0,1,0,0,1,0,1,0,0,0,0
"GA",1,2035,845885,1,0,NA,2035,0,1,0,0,0,0,1,0,0,0,1,1,0,0,0,0
"GA",1,2036,654408,1,0,NA,2036,0,1,0,0,1,0,1,0,0,0,1,0,0,0,0,0
"GA",1,2037,726300,1,0,NA,2037,0,0,0,0,1,1,0,0,0,0,0,1,0,0,0,1
"GA",1,2038,848119,0,1,NA,2038,0,1,0,0,0,0,1,0,0,0,1,1,0,1,0,0
"GA",1,2039,690584,1,0,NA,2039,0,1,0,0,0,0,0,0,0,1,0,1,0,1,0,0
"GA",1,2040,728534,0,1,NA,2040,0,0,0,0,1,1,0,0,0,0,0,1,0,1,0,1
"GA",1,2041,647282,1,0,NA,2041,0,1,0,0,0,0,0,1,0,0,0,1,0,1,0,0
"GA",1,2042,741811,1,0,NA,2042,0,0,0,0,1,0,0,1,0,0,0,1,0,0,0,0
"GA",1,2043,812132,1,0,NA,2043,0,1,0,0,1,1,0,0,0,0,0,1,0,0,0,0
"GA",1,2044,833046,1,0,NA,2044,0,1,0,0,0,0,0,1,0,0,1,1,0,0,0,0
"GA",1,2045,845885,1,0,NA,2045,0,1,0,0,0,0,1,0,0,0,1,1,0,0,0,0
"GA",1,2046,812132,1,0,NA,2046,0,1,0,0,1,1,0,0,0,0,0,1,0,0,0,0
"GA",1,2047,774348,0,1,NA,2047,0,0,0,0,0,1,1,0,0,0,1,1,0,1,0,0
"GA",1,2048,845885,1,0,NA,2048,0,1,0,0,0,0,1,0,0,0,1,1,0,0,0,0
"GA",1,2049,744045,1,0,NA,2049,0,0,0,0,1,0,0,1,0,0,0,1,0,1,0,0
"GA",1,2050,698544,1,0,NA,2050,0,0,0,0,1,0,0,0,0,0,1,1,0,0,0,0
"GA",1,2051,845885,1,0,NA,2051,0,1,0,0,0,0,1,0,0,0,1,1,0,0,0,0
"GA",1,2052,765935,1,0,NA,2052,0,0,0,0,1,1,0,0,0,0,1,1,0,0,0,0
"GA",1,2053,848119,0,1,NA,2053,0,1,0,0,0,0,1,0,0,0,1,1,0,1,0,0
"GA",1,2054,725454,1,0,NA,2054,0,0,0,0,1,1,0,0,0,0,0,1,0,0,0,0
"GA",1,2055,850570,0,1,NA,2055,0,1,1,0,0,0,1,0,0,0,1,1,0,0,0,0
"GA",1,2056,823448,0,2,NA,2056,0,1,0,0,1,1,0,0,0,1,0,1,0,1,0,0
"GA",1,2057,833046,1,0,NA,2057,0,1,0,0,0,0,0,1,0,0,1,1,0,0,0,0
"GA",1,2058,671125,1,0,NA,2058,0,0,0,0,1,0,0,0,0,1,0,1,0,0,0,0
"GA",1,2059,700202,1,0,NA,2059,0,1,0,0,0,0,1,0,0,0,0,1,0,1,0,0
"GA",1,2060,894914,0,2,NA,2060,0,1,0,0,1,1,1,0,0,0,1,1,0,0,0,0
"GA",1,2061,812132,1,0,NA,2061,0,1,0,0,1,1,0,0,0,0,0,1,0,0,0,0
"GA",1,2062,845885,1,0,NA,2062,0,1,0,0,0,0,1,0,0,0,1,1,0,0,0,0
"GA",1,2063,817663,0,2,NA,2063,0,1,1,0,1,1,0,0,0,0,0,1,0,0,0,1
"GA",1,2064,812132,1,0,NA,2064,0,1,0,0,1,1,0,0,0,0,0,1,0,0,0,0
"GA",1,2065,897148,0,3,NA,2065,0,1,0,0,1,1,1,0,0,0,1,1,0,1,0,0
"GA",1,2066,845885,1,0,NA,2066,0,1,0,0,0,0,1,0,0,0,1,1,0,0,0,0
"GA",1,2067,894914,0,2,NA,2067,0,1,0,0,1,1,1,0,0,0,1,1,0,0,0,0
"GA",1,2068,785222,0,1,NA,2068,0,1,0,0,1,0,0,0,0,0,1,1,0,0,0,1
"GA",1,2069,812132,1,0,NA,2069,0,1,0,0,1,1,0,0,0,0,0,1,0,0,0,0
"GA",1,2070,812132,1,0,NA,2070,0,1,0,0,1,1,0,0,0,0,0,1,0,0,0,0
"GA",1,2071,741207,1,0,NA,2071,0,1,1,0,0,0,1,0,0,0,1,0,0,0,0,0
"GA",1,2072,671125,1,0,NA,2072,0,0,0,0,1,0,0,0,0,1,0,1,0,0,0,0
"GA",1,2073,738516,1,0,NA,2073,0,0,0,0,1,1,0,0,0,1,0,1,0,0,0,0
"GA",1,2074,833046,0,1,NA,2074,0,1,0,0,0,0,0,1,0,1,1,1,0,0,0,0
"GA",1,2075,681301,1,0,NA,2075,0,0,0,0,0,0,0,1,0,1,0,1,0,1,0,0
"GA",1,2076,697968,1,0,NA,2076,0,1,0,0,0,0,1,0,0,0,0,1,0,0,0,0
"GA",1,2077,852613,0,2,NA,2077,0,1,0,0,1,1,0,0,0,1,1,1,0,0,0,0
"GA",1,2078,738516,1,0,NA,2078,0,0,0,0,1,1,0,0,0,1,0,1,0,0,0,0
"GA",1,2079,701048,0,1,NA,2079,0,1,0,0,0,0,1,0,0,0,0,1,0,1,0,1
"GA",1,2080,798268,0,1,NA,2080,0,0,1,0,1,1,0,0,0,0,0,1,0,0,0,1
"GA",1,2081,725454,1,0,NA,2081,0,0,0,0,1,1,0,0,0,0,0,1,0,0,0,0
"GA",1,2082,793733,1,0,NA,2082,0,1,0,0,0,0,0,0,1,0,0,1,0,1,0,0
"GA",1,2083,740015,1,0,NA,2083,0,0,0,0,0,0,0,1,0,1,1,1,0,0,0,0
"GA",1,2084,851943,0,1,NA,2084,0,1,0,0,1,0,1,0,0,0,1,1,0,0,0,0
"GA",1,2085,845885,1,0,NA,2085,0,1,0,0,0,0,1,0,0,0,1,1,0,0,0,0
"GA",1,2086,811462,1,0,NA,2086,0,1,0,0,1,0,1,0,0,0,0,1,0,0,0,0
"GA",1,2087,804804,0,1,NA,2087,0,1,0,0,0,0,1,0,0,1,0,1,0,1,0,0
"GA",1,2088,848119,0,1,NA,2088,0,1,0,0,0,0,1,0,0,0,1,1,0,1,0,0
"GA",1,2089,700202,1,0,NA,2089,0,1,0,0,0,0,1,0,0,0,0,1,0,1,0,0
"GA",1,2090,854847,0,2,NA,2090,0,1,0,0,1,1,0,0,0,0,1,1,0,1,0,0
"GA",1,2091,812132,1,0,NA,2091,0,1,0,0,1,1,0,0,0,0,0,1,0,0,0,0
"GA",1,2092,740750,0,1,NA,2092,0,0,0,0,1,1,0,0,0,1,0,1,0,1,0,0
"GA",1,2093,765935,1,0,NA,2093,0,0,0,0,1,1,0,0,0,0,1,1,0,0,0,0
"GA",1,2094,700202,1,0,NA,2094,0,1,0,0,0,0,1,0,0,0,0,1,0,1,0,0
"GA",1,2095,744045,1,0,NA,2095,0,0,0,0,1,0,0,1,0,0,0,1,0,1,0,0
"GA",1,2096,782292,1,0,NA,2096,0,0,0,0,1,0,0,1,0,0,1,1,0,0,0,0
"GA",1,2097,845885,1,0,NA,2097,0,1,0,0,0,0,1,0,0,0,1,1,0,0,0,0
"GA",1,2098,823448,0,2,NA,2098,0,1,0,0,1,1,0,0,0,1,0,1,0,1,0,0
"GA",1,2099,738516,1,0,NA,2099,0,0,0,0,1,1,0,0,0,1,0,1,0,0,0,0
"GA",1,2100,845885,1,0,NA,2100,0,1,0,0,0,0,1,0,0,0,1,1,0,0,0,0
"GA",1,2101,848119,0,1,NA,2101,0,1,0,0,0,0,1,0,0,0,1,1,0,1,0,0
"GA",1,2102,812132,1,0,NA,2102,0,1,0,0,1,1,0,0,0,0,0,1,0,0,0,0
"GA",1,2103,833046,1,0,NA,2103,0,1,0,0,0,0,0,1,0,0,1,1,0,0,0,0
"GA",1,2104,754873,1,0,NA,2104,0,0,0,0,1,0,0,1,0,1,0,1,0,0,0,0
"GA",1,2105,725454,1,0,NA,2105,0,0,0,0,1,1,0,0,0,0,0,1,0,0,1,0
"GA",1,2106,570074,1,0,NA,2106,0,0,0,0,0,0,1,0,0,0,0,1,0,0,0,0
"GA",1,2107,697968,1,0,NA,2107,0,1,0,0,0,0,1,0,0,0,0,1,0,0,0,0
"GA",1,2108,725454,1,0,NA,2108,0,0,0,0,1,1,0,0,0,0,0,1,0,0,0,0
"GA",1,2109,729143,1,0,NA,2109,0,0,0,0,0,0,1,0,0,0,1,1,0,0,0,0
"GA",1,2110,863515,0,2,NA,2110,0,1,0,0,1,1,1,0,0,1,0,1,0,0,0,0
"GA",1,2111,823448,0,2,NA,2111,0,1,0,0,1,1,0,0,0,1,0,1,0,1,0,0
"GA",1,2112,812132,1,0,NA,2112,0,1,0,0,1,1,0,0,0,0,0,1,0,0,0,0
"GA",1,2113,671125,1,0,NA,2113,0,0,0,0,1,0,0,0,0,1,0,1,0,0,0,0
"GA",1,2114,785222,1,0,NA,2114,0,1,0,0,1,0,0,0,0,0,1,1,0,0,0,0
"GA",1,2115,861124,0,2,NA,2115,0,1,0,0,1,1,0,0,1,0,0,1,0,1,0,0
"GA",1,2116,894914,0,2,NA,2116,0,1,0,0,1,1,1,0,0,0,1,1,0,0,0,0
"GA",1,2117,812132,1,0,NA,2117,0,1,0,0,1,1,0,0,0,0,0,1,0,0,0,0
"GA",1,2118,812132,1,0,NA,2118,0,1,0,0,1,1,0,0,0,0,0,1,0,0,0,0
"GA",1,2119,727688,1,0,NA,2119,0,0,0,0,1,1,0,0,0,0,0,1,0,1,0,0
"GA",1,2120,833046,0,1,NA,2120,0,1,0,0,0,0,0,1,0,1,1,1,0,0,0,0
"GA",1,2121,812132,1,0,NA,2121,0,1,0,0,1,1,0,0,0,0,0,1,0,0,0,0
"GA",1,2122,698544,1,0,NA,2122,0,0,0,0,1,0,0,0,0,0,1,1,0,0,0,0
"GA",1,2123,804804,0,1,NA,2123,0,1,0,0,0,0,1,0,0,1,0,1,0,1,0,0
"GA",1,2124,858890,1,0,NA,2124,0,1,0,0,0,1,0,0,1,0,0,1,0,0,0,0
"GA",1,2125,894914,0,2,NA,2125,0,1,0,0,1,1,1,0,0,0,1,1,0,0,0,0
"GA",1,2126,561300,1,0,NA,2126,0,1,0,0,0,0,0,0,0,0,0,1,0,0,0,0
"GA",1,2127,812132,1,0,NA,2127,0,1,0,0,1,1,0,0,0,0,0,1,0,0,0,0
"GA",1,2128,851943,0,1,NA,2128,0,1,0,0,1,0,1,0,0,0,1,1,0,0,0,0
"GA",1,2129,812132,1,0,NA,2129,0,1,0,0,1,1,0,0,0,0,0,1,0,0,0,0
"GA",1,2130,867972,0,1,NA,2130,0,1,0,0,0,1,0,0,1,1,0,1,0,0,0,0
"GA",1,2131,798268,0,1,NA,2131,0,0,1,0,1,1,0,0,0,0,0,1,0,0,0,1
"GA",1,2132,738516,1,0,NA,2132,0,0,0,0,1,1,0,0,0,1,0,1,0,0,0,0
"GA",1,2133,785222,0,1,NA,2133,0,1,0,0,1,0,0,0,0,0,1,1,0,0,0,1
"GA",1,2134,671125,1,0,NA,2134,0,0,0,0,1,0,0,0,0,1,0,1,0,0,0,0
"GA",1,2135,816817,0,2,NA,2135,0,1,1,0,1,1,0,0,0,0,0,1,0,1,0,0
"GA",1,2136,727688,1,0,NA,2136,0,0,0,0,1,1,0,0,0,0,0,1,0,1,0,0
"GA",1,2137,845885,1,0,NA,2137,0,1,0,0,0,0,1,0,0,0,1,1,0,0,0,0
"GA",1,2138,697968,1,0,NA,2138,0,1,0,0,0,0,1,0,0,0,0,1,0,0,0,0
"GA",1,2139,697968,1,0,NA,2139,0,1,0,0,0,0,1,0,0,0,0,1,0,0,0,0
"GA",1,2140,812978,0,1,NA,2140,0,1,0,0,1,1,0,0,0,0,0,1,0,0,0,1
"GA",1,2141,572308,1,0,NA,2141,0,0,0,0,0,0,1,0,0,0,0,1,0,1,0,0
"GA",1,2142,812132,0,1,NA,2142,0,1,0,0,1,1,0,0,0,0,0,1,0,0,1,0
"GA",1,2143,785222,1,0,NA,2143,0,1,0,0,1,0,0,0,0,0,1,1,0,0,0,0
"GA",1,2144,804074,0,1,NA,2144,0,0,0,0,0,1,0,0,1,1,1,1,0,0,0,0
"GA",1,2145,884116,0,2,NA,2145,0,1,0,0,0,1,1,0,1,1,0,1,0,0,0,0
"GA",1,2146,727688,1,0,NA,2146,0,0,0,0,1,1,0,0,0,0,0,1,0,1,0,0
"GA",1,2147,867972,0,1,NA,2147,0,1,0,0,0,1,0,0,1,1,0,1,0,0,0,0
"GA",1,2148,744741,1,0,NA,2148,0,1,0,0,1,0,0,0,0,0,0,1,0,0,1,0
"GA",1,2149,701048,0,1,NA,2149,0,1,0,0,0,0,1,0,0,0,0,1,0,1,0,1
"GA",1,2150,765935,0,1,NA,2150,0,0,0,0,1,1,0,0,0,0,1,1,0,0,0,1
"GA",1,2151,740750,0,1,NA,2151,0,0,0,0,1,1,0,0,0,1,0,1,0,1,0,0
"GA",1,2152,725454,1,0,NA,2152,0,0,0,0,1,1,0,0,0,0,0,1,0,0,1,0
"GA",1,2153,845885,1,0,NA,2153,0,1,0,0,0,0,1,0,0,0,1,1,0,0,0,0
"GA",1,2154,697968,1,0,NA,2154,0,1,0,0,0,0,1,0,0,0,0,1,0,0,0,0
"GA",1,2155,814366,0,1,NA,2155,0,1,0,0,1,1,0,0,0,0,0,1,0,1,0,0
"GA",1,2156,858890,1,0,NA,2156,0,1,0,0,0,1,0,0,1,0,0,1,0,0,0,0
"GA",1,2157,894914,0,2,NA,2157,0,1,0,0,1,1,1,0,0,0,1,1,0,0,0,0
"GA",1,2158,812132,1,0,NA,2158,0,1,0,0,1,1,0,0,0,0,0,1,0,0,0,0
"GA",1,2159,702653,1,0,NA,2159,0,1,1,0,0,0,1,0,0,0,0,1,0,0,0,0
"GA",1,2160,725454,1,0,NA,2160,0,0,0,0,1,1,0,0,0,0,0,1,0,0,0,0
"GA",1,2161,753823,1,0,NA,2161,0,1,0,0,1,0,0,0,0,1,0,1,0,0,0,0
"GA",1,2162,740750,0,1,NA,2162,0,0,0,0,1,1,0,0,0,1,0,1,0,1,0,0
"GA",1,2163,753823,1,0,NA,2163,0,1,0,0,1,0,0,0,0,1,0,1,0,0,0,0
"GA",1,2164,863515,0,2,NA,2164,0,1,0,0,1,1,1,0,0,1,0,1,0,0,0,0
"GA",1,2165,870206,0,3,NA,2165,0,1,0,0,1,1,0,0,1,1,0,1,0,1,0,0
"GA",1,2166,851943,0,1,NA,2166,0,1,0,0,1,0,1,0,0,0,1,1,0,0,0,0
"GA",1,2167,697968,1,0,NA,2167,0,1,0,0,0,0,1,0,0,0,0,1,0,0,0,0
"GA",1,2168,725454,1,0,NA,2168,0,0,0,0,1,1,0,0,0,0,0,1,0,0,0,0
"GA",1,2169,729143,1,0,NA,2169,0,0,0,0,0,0,1,0,0,0,1,1,0,0,0,0
"GA",1,2170,749298,1,0,NA,2170,0,1,0,0,0,0,0,0,0,0,1,1,0,0,0,0
"GA",1,2171,845885,1,0,NA,2171,0,1,0,0,0,0,1,0,0,0,1,1,0,0,0,0
"GA",1,2172,821214,0,1,NA,2172,0,1,0,0,1,1,0,0,0,1,0,1,0,0,0,0
"GA",1,2173,701048,0,1,NA,2173,0,1,0,0,0,0,1,0,0,0,0,1,0,1,0,1
"GA",1,2174,744045,1,0,NA,2174,0,0,0,0,1,0,0,1,0,0,0,1,0,1,0,0
"GA",1,2175,697968,1,0,NA,2175,0,1,0,0,0,0,1,0,0,0,0,1,0,0,0,0
"GA",1,2176,727688,1,0,NA,2176,0,0,0,0,1,1,0,0,0,0,0,1,0,1,0,0
"GA",1,2177,772212,1,0,NA,2177,0,0,0,0,1,1,0,0,1,0,0,1,0,0,0,0
"GA",1,2178,858890,1,0,NA,2178,0,1,0,0,0,1,0,0,1,0,0,1,0,0,0,0
"GA",1,2179,822778,0,2,NA,2179,0,1,0,0,1,0,1,0,0,1,0,1,0,1,0,0
"GA",1,2180,745587,1,0,NA,2180,0,1,0,0,1,0,0,0,0,0,0,1,0,0,0,1
"GA",1,2181,725454,1,0,NA,2181,0,0,0,0,1,1,0,0,0,0,0,1,0,0,0,0
"GA",1,2182,741811,1,0,NA,2182,0,0,0,0,1,0,0,1,0,0,0,1,0,0,0,0
"GA",1,2183,870206,0,3,NA,2183,0,1,0,0,1,1,0,0,1,1,0,1,0,1,0,0
"GA",1,2184,813696,0,1,NA,2184,0,1,0,0,1,0,1,0,0,0,0,1,0,1,0,0
"GA",1,2185,702653,0,1,NA,2185,0,1,1,0,0,0,1,0,0,0,0,1,0,1,0,0
"GA",1,2186,845885,1,0,NA,2186,0,1,0,0,0,0,1,0,0,0,1,1,0,0,0,0
"GA",1,2187,727688,1,0,NA,2187,0,0,0,0,1,1,0,0,0,0,0,1,0,1,0,0
"GA",1,2188,740750,0,1,NA,2188,0,0,0,0,1,1,0,0,0,1,0,1,0,1,0,0
"GA",1,2189,412563,1,0,NA,2189,0,0,0,0,0,0,0,0,0,0,0,1,0,0,0,0
"GA",1,2190,858890,1,0,NA,2190,0,1,0,0,0,1,0,0,1,0,0,1,0,0,0,0
"GA",1,2191,821214,0,1,NA,2191,0,1,0,0,1,1,0,0,0,1,0,1,0,0,0,0
"GA",1,2192,894914,0,2,NA,2192,0,1,0,0,1,1,1,0,0,0,1,1,0,0,0,0
"GA",1,2193,629537,1,0,NA,2193,0,1,0,0,0,1,0,0,0,0,0,1,0,0,0,1
"GA",1,2194,785222,1,0,NA,2194,0,1,0,0,1,0,0,0,0,0,1,1,0,0,0,0
"GA",1,2195,749298,1,0,NA,2195,0,1,0,0,0,0,0,0,0,0,1,1,0,0,0,0
"GA",1,2196,697968,1,0,NA,2196,0,1,0,0,0,0,1,0,0,0,0,1,0,0,0,0
"GA",1,2197,697968,1,0,NA,2197,0,1,0,0,0,0,1,0,0,0,0,1,0,0,0,0
"GA",1,2198,572308,1,0,NA,2198,0,0,0,0,0,0,1,0,0,0,0,1,0,1,0,0
"GA",1,2199,858890,1,0,NA,2199,0,1,0,0,0,1,0,0,1,0,0,1,0,0,0,0
"GA",1,2200,681301,1,0,NA,2200,0,0,0,0,0,0,0,1,0,1,0,1,0,1,0,0
"GA",1,2201,858890,1,0,NA,2201,0,1,0,0,0,1,0,0,1,0,0,1,0,0,0,0
"GA",1,2202,628691,1,0,NA,2202,0,1,0,0,0,1,0,0,0,0,0,1,0,0,0,0
"GA",1,2203,744045,1,0,NA,2203,0,0,0,0,1,0,0,1,0,0,0,1,0,1,0,0
"GA",1,2204,753823,1,0,NA,2204,0,1,0,0,1,0,0,0,0,1,0,1,0,0,0,0
"GA",1,2205,886321,0,2,NA,2205,0,1,0,0,0,0,1,1,0,1,0,1,0,1,0,0
"GA",1,2206,814366,0,2,NA,2206,0,1,0,1,1,1,0,0,0,0,0,1,0,1,0,0
"GA",1,2207,785222,1,0,NA,2207,0,1,0,0,1,0,0,0,0,0,1,1,0,0,0,0
"GA",1,2208,864361,0,3,NA,2208,0,1,0,0,1,1,1,0,0,1,0,1,0,0,0,1
"GA",1,2209,852613,0,1,NA,2209,0,1,0,0,1,1,0,0,0,0,1,1,0,0,0,0
"GA",1,2210,700202,1,0,NA,2210,0,1,0,0,0,0,1,0,0,0,0,1,0,1,0,0
"GA",1,2211,697968,1,0,NA,2211,0,1,0,0,0,0,1,0,0,0,0,1,0,0,0,0
"GA",1,2212,845885,1,0,NA,2212,0,1,0,0,0,0,1,0,0,0,1,1,0,0,0,0
"GA",1,2213,561300,1,0,NA,2213,0,1,0,0,0,0,0,0,0,0,0,1,0,0,0,0
"GA",1,2214,570074,1,0,NA,2214,0,0,0,0,0,0,1,0,0,0,0,1,0,0,0,0
"GA",1,2215,697968,1,0,NA,2215,0,1,0,0,0,0,1,0,0,0,0,1,0,0,0,0
"GA",1,2216,897148,0,3,NA,2216,0,1,0,0,1,1,1,0,0,0,1,1,0,1,0,0
"GA",1,2217,828489,1,0,NA,2217,0,1,0,0,1,0,0,1,0,0,0,1,0,0,0,0
"GA",1,2218,893053,0,2,NA,2218,0,1,0,0,0,1,1,1,0,1,0,1,0,0,0,0
"GA",1,2219,841991,0,3,NA,2219,0,1,0,0,1,0,1,0,1,1,0,1,0,0,0,1
"GA",1,2220,412563,1,0,NA,2220,0,0,0,0,0,0,0,0,0,0,0,1,0,0,0,0
"GA",1,2221,744045,1,0,NA,2221,0,0,0,0,1,0,0,1,0,0,0,1,0,1,0,0
"GA",1,2222,698814,1,0,NA,2222,0,1,0,0,0,0,1,0,0,0,0,1,0,0,0,1
"GA",1,2223,886772,0,1,NA,2223,0,1,0,0,0,1,0,0,1,0,1,1,0,0,0,0
"GA",1,2224,875247,1,0,NA,2224,0,1,0,0,0,0,0,1,1,0,0,1,0,0,0,0
"GA",1,2225,744045,1,0,NA,2225,0,0,0,0,1,0,0,1,0,0,0,1,0,1,0,0
"GA",1,2226,845885,1,0,NA,2226,0,1,0,0,0,0,1,0,0,0,1,1,0,0,0,0
"GA",1,2227,725454,1,0,NA,2227,0,0,0,0,1,1,0,0,0,0,0,1,0,0,0,0
"GA",1,2228,826306,1,0,NA,2228,1,0,0,0,0,0,1,0,0,0,1,1,0,0,0,0
"GA",1,2229,875247,1,0,NA,2229,0,1,0,0,0,0,0,1,1,0,0,1,0,0,0,0
"GA",1,2230,814366,0,2,NA,2230,0,1,0,1,1,1,0,0,0,0,0,1,0,1,0,0
"GA",1,2231,697968,1,0,NA,2231,0,1,0,0,0,0,1,0,0,0,0,1,0,0,0,0
"GA",1,2232,702653,0,1,NA,2232,0,1,1,0,0,0,1,0,0,0,0,1,0,1,0,0
"GA",1,2233,858890,1,0,NA,2233,0,1,0,0,0,1,0,0,1,0,0,1,0,0,0,0
"GA",1,2234,816689,1,0,NA,2234,0,1,0,0,0,1,0,0,0,0,1,1,0,0,0,0
"GA",1,2235,630925,1,0,NA,2235,0,1,0,0,0,1,0,0,0,0,0,1,0,1,0,0
"GA",1,2236,742657,1,0,NA,2236,0,0,0,0,1,0,0,1,0,0,0,1,0,0,0,1
"GA",1,2237,628691,1,0,NA,2237,0,1,0,0,0,1,0,0,0,0,0,1,0,0,0,0
"GA",1,2238,894914,0,2,NA,2238,0,1,0,0,1,1,1,0,0,0,1,1,0,0,0,0
"GA",1,2239,854847,0,2,NA,2239,0,1,0,0,1,1,0,0,0,0,1,1,0,1,0,0
"GA",1,2240,727688,1,0,NA,2240,0,0,0,0,1,1,0,0,0,0,0,1,0,1,0,0
"GA",1,2241,812308,0,1,NA,2241,0,1,0,0,1,0,1,0,0,0,0,1,0,0,0,1
"GA",1,2242,851943,0,1,NA,2242,0,1,0,0,1,0,1,0,0,0,1,1,0,0,0,0
"GA",1,2243,746975,1,0,NA,2243,0,1,0,0,1,0,0,0,0,0,0,1,0,1,0,0
"GA",1,2244,753823,1,0,NA,2244,0,1,0,0,1,0,0,0,0,1,0,1,0,0,0,0
"GA",1,2245,702653,0,1,NA,2245,0,1,1,0,0,0,1,0,0,0,0,1,0,1,0,0
"GA",1,2246,744045,1,0,NA,2246,0,0,0,0,1,0,0,1,0,0,0,1,0,1,0,0
"GA",1,2247,744045,1,0,NA,2247,0,0,0,0,1,0,0,1,0,0,0,1,0,1,0,0
"GA",1,2248,785222,1,0,NA,2248,0,1,0,0,1,0,0,0,0,0,1,1,0,0,0,0
"GA",1,2249,875247,0,1,NA,2249,0,1,0,0,1,0,0,1,1,0,0,1,0,0,0,0
"GA",1,2250,861124,0,1,NA,2250,0,1,0,0,0,1,0,0,1,0,0,1,0,1,0,0
"GA",1,2251,563534,1,0,NA,2251,0,1,0,0,0,0,0,0,0,0,0,1,0,1,0,0
"GA",1,2252,848119,0,1,NA,2252,0,1,0,0,0,0,1,0,0,0,1,1,0,1,0,0
"GA",1,2253,630925,1,0,NA,2253,0,1,0,0,0,1,0,0,0,0,0,1,0,1,0,0
"GA",1,2254,561300,1,0,NA,2254,0,1,0,0,0,0,0,0,0,0,0,1,0,0,0,0
"GA",1,2255,852613,0,1,NA,2255,0,1,0,0,1,1,0,0,0,0,1,1,0,0,0,0
"GA",1,2256,727688,1,0,NA,2256,0,0,0,0,1,1,0,0,0,0,0,1,0,1,0,0
"GA",1,2257,561300,1,0,NA,2257,0,1,0,0,0,0,0,0,0,0,0,1,0,0,0,0
"GA",1,2258,688350,1,0,NA,2258,0,1,0,0,0,0,0,0,0,1,0,1,0,0,0,0
"GA",1,2259,744045,1,0,NA,2259,0,0,0,0,1,0,0,1,0,0,0,1,0,1,0,0
"GA",1,2260,563534,1,0,NA,2260,0,1,0,0,0,0,0,0,0,0,0,1,0,1,0,0
"GA",1,2261,741811,1,0,NA,2261,0,0,0,0,1,0,0,1,0,0,0,1,0,0,0,0
"GA",1,2262,744045,1,0,NA,2262,0,0,0,0,1,0,0,1,0,0,0,1,0,1,0,0
"GA",1,2263,753823,1,0,NA,2263,0,1,0,0,1,0,0,0,0,1,0,1,0,0,0,0
"GA",1,2264,628691,1,0,NA,2264,0,1,0,0,0,1,0,0,0,0,0,1,0,0,0,0
"GA",1,2265,744045,1,0,NA,2265,0,0,0,0,1,0,0,1,0,0,0,1,0,1,0,0
"GA",1,2266,875247,0,1,NA,2266,0,1,0,0,1,0,0,1,1,0,0,1,0,0,0,0
"GA",1,2267,858890,1,0,NA,2267,0,1,0,0,0,1,0,0,1,0,0,1,0,0,0,0
"GA",1,2268,633376,1,0,NA,2268,0,1,1,0,0,1,0,0,0,0,0,1,0,0,0,0
"GA",1,2269,727688,1,0,NA,2269,0,0,0,0,1,1,0,0,0,0,0,1,0,1,0,0
"GA",1,2270,744045,1,0,NA,2270,0,0,0,0,1,0,0,1,0,0,0,1,0,1,0,0
"GA",1,2271,744045,1,0,NA,2271,0,0,0,0,1,0,0,1,0,0,0,1,0,1,0,0
"GA",1,2272,812308,0,1,NA,2272,0,1,0,0,1,0,1,0,0,0,0,1,0,0,0,1
"GA",1,2273,749298,1,0,NA,2273,0,1,0,0,0,0,0,0,0,0,1,1,0,0,0,0
"GA",1,2274,482188,1,0,NA,2274,0,0,0,0,0,1,0,0,0,0,0,1,0,1,0,0
"GA",1,2275,826306,1,0,NA,2275,1,0,0,0,0,0,1,0,0,0,1,1,0,0,0,0
"GA",1,2276,812308,0,1,NA,2276,0,1,0,0,1,0,1,0,0,0,0,1,0,0,0,1
"GA",1,2277,749298,1,0,NA,2277,0,1,0,0,0,0,0,0,0,0,1,1,0,0,0,0
"GA",1,2278,886772,0,1,NA,2278,0,1,0,0,0,1,0,0,1,0,1,1,0,0,0,0
"GA",1,2279,702653,1,0,NA,2279,0,1,1,0,0,0,1,0,0,0,0,1,0,0,0,0
"GA",1,2280,412563,1,0,NA,2280,0,0,0,0,0,0,0,0,0,0,0,1,0,0,0,0
"GA",1,2281,744045,1,0,NA,2281,0,0,0,0,1,0,0,1,0,0,0,1,0,1,0,0
"GA",1,2282,702653,1,0,NA,2282,0,1,1,0,0,0,1,0,0,0,0,1,0,0,0,0
"GA",1,2283,858890,1,0,NA,2283,0,1,0,0,0,1,0,0,1,0,0,1,0,0,0,0
"GA",1,2284,650928,1,0,NA,2284,0,0,0,0,1,0,0,1,0,0,0,0,0,0,0,1
"GA",1,2285,858890,1,0,NA,2285,0,1,0,0,0,1,0,0,1,0,0,1,0,0,0,0
"GA",1,2286,412563,1,0,NA,2286,0,0,0,0,0,0,0,0,0,0,0,1,0,0,0,0
"GA",1,2287,828489,1,0,NA,2287,0,1,0,0,1,0,0,1,0,0,0,1,0,0,0,0
"GA",1,2288,749298,1,0,NA,2288,0,1,0,0,0,0,0,0,0,0,1,1,0,0,0,1
"GA",1,2289,875247,0,1,NA,2289,0,1,0,0,0,0,0,1,1,0,0,1,0,0,1,0
"GA",1,2290,412563,1,0,NA,2290,0,0,0,0,0,0,0,0,0,0,0,1,0,0,0,0
"GA",1,2291,702653,1,0,NA,2291,0,1,1,0,0,0,1,0,0,0,0,1,0,0,0,0
"GA",1,2292,744045,1,0,NA,2292,0,0,0,0,1,0,0,1,0,0,0,1,0,1,0,0
"GA",1,2293,861124,0,1,NA,2293,0,1,0,0,0,1,0,0,1,0,0,1,0,1,0,0
"GA",1,2294,412563,1,0,NA,2294,0,0,0,0,0,0,0,0,0,0,0,1,0,0,0,0
"GA",1,2295,811462,1,0,NA,2295,0,1,0,0,1,0,1,0,0,0,0,1,0,0,0,0
"GA",1,2296,875247,1,0,NA,2296,0,1,0,0,0,0,0,1,1,0,0,1,0,0,0,0
"GA",1,2297,788522,1,0,NA,2297,0,0,0,1,1,1,0,0,0,0,0,1,0,0,0,0
"GA",1,2298,754873,1,0,NA,2298,0,0,0,0,1,0,0,1,0,1,0,1,0,0,0,0
"GA",1,2299,886772,0,1,NA,2299,0,1,0,0,0,1,0,0,1,0,1,1,0,0,0,0
"GA",1,2300,863575,0,1,NA,2300,0,1,1,0,0,1,0,0,1,0,0,1,0,0,0,0
"GA",1,2301,861124,0,1,NA,2301,0,1,0,0,0,1,0,0,1,0,0,1,0,1,0,0
"GA",1,2302,702653,0,1,NA,2302,0,1,1,0,0,0,1,0,0,0,0,1,0,1,0,0
"GA",1,2303,628579,1,0,NA,2303,0,0,0,0,1,0,0,1,0,0,0,0,0,0,1,0
"GA",1,2304,875247,0,1,NA,2304,0,1,0,0,1,0,0,1,1,0,0,1,0,0,0,0
"GA",1,2305,702653,1,0,NA,2305,0,1,1,0,0,0,1,0,0,0,0,1,0,0,0,0
"GA",1,2306,859736,0,1,NA,2306,0,1,0,0,0,1,0,0,1,0,0,1,0,0,0,1
"GA",1,2307,647282,1,0,NA,2307,0,1,0,0,0,0,0,1,0,0,0,1,0,1,0,0
"GA",1,2308,861124,0,1,NA,2308,0,1,0,0,0,1,0,0,1,0,0,1,0,1,0,0
"GA",1,2309,831569,0,2,NA,2309,0,1,0,0,1,0,0,1,0,0,0,1,0,1,0,1
"GA",1,2310,482188,1,0,NA,2310,0,0,0,0,0,1,0,0,0,0,0,1,0,1,0,0
"GA",1,2311,785222,1,0,NA,2311,0,1,0,0,1,0,0,0,0,0,1,1,0,0,0,0
"GA",1,2312,479954,1,0,NA,2312,0,0,0,0,0,1,0,0,0,0,0,1,0,0,0,0
"GA",1,2313,845885,1,0,NA,2313,0,1,0,0,0,0,1,0,0,0,1,1,0,0,0,0
"GA",1,2314,746470,0,2,NA,2314,0,1,1,0,0,1,1,0,0,0,0,1,0,0,0,1
"GA",1,2315,698814,1,0,NA,2315,0,1,0,0,0,0,1,0,0,0,0,1,0,0,0,1
"GA",1,2316,858890,1,0,NA,2316,0,1,0,0,0,1,0,0,1,0,0,1,0,0,0,0
"GA",1,2317,863575,0,2,NA,2317,1,1,0,0,0,1,0,0,1,0,0,1,0,1,0,0
"GA",1,2318,744741,1,0,NA,2318,0,1,0,0,1,0,0,0,0,0,0,1,0,0,0,0
"GA",1,2319,724784,1,0,NA,2319,0,0,0,0,1,0,1,0,0,0,0,1,0,0,0,0
"GA",1,2320,628691,1,0,NA,2320,0,1,0,0,0,1,0,0,0,0,0,1,0,0,0,0
"GA",1,2321,807113,0,1,NA,2321,0,0,0,1,1,0,0,1,0,0,0,1,0,1,0,0
"GA",1,2322,870206,0,2,NA,2322,0,1,0,0,0,1,0,0,1,1,0,1,0,1,0,0
"GA",1,2323,690215,0,1,NA,2323,0,1,0,0,0,0,0,1,0,0,0,1,1,1,0,0
"GA",1,2324,863575,0,2,NA,2324,1,1,0,0,0,1,0,0,1,0,0,1,0,1,0,0
"GA",1,2325,749298,1,0,NA,2325,0,1,0,0,0,0,0,0,0,0,1,1,0,0,0,0
"GA",1,2326,858890,1,0,NA,2326,0,1,0,0,0,1,0,0,1,0,0,1,0,0,0,0
"GA",1,2327,702653,0,1,NA,2327,0,1,1,0,0,0,1,0,0,0,0,1,0,1,0,0
"GA",1,2328,565985,1,0,NA,2328,0,1,1,0,0,0,0,0,0,0,0,1,0,1,0,0
"GA",1,2329,724784,1,0,NA,2329,0,0,0,0,1,0,1,0,0,0,0,1,0,0,0,0
"GA",1,2330,628691,1,0,NA,2330,0,1,0,0,0,1,0,0,0,0,0,1,0,0,0,0
"GA",1,2331,858890,1,0,NA,2331,0,1,0,0,0,1,0,0,1,0,0,1,0,0,0,0
"GA",1,2332,837571,0,1,NA,2332,0,1,0,0,1,0,0,1,0,1,0,1,0,0,0,0
"GA",1,2333,828489,1,0,NA,2333,0,1,0,0,1,0,0,1,0,0,0,1,0,0,0,0
"GA",1,2334,415643,1,0,NA,2334,0,0,0,0,0,0,0,0,0,0,0,1,0,1,0,1
"GA",1,2335,790756,0,1,NA,2335,0,0,0,1,1,1,0,0,0,0,0,1,0,1,0,0
"GA",1,2336,744891,0,1,NA,2336,0,0,0,0,1,0,0,1,0,0,0,1,0,1,0,1
"GA",1,2337,770030,0,1,NA,2337,0,0,0,0,0,1,0,0,1,0,1,1,0,0,1,0
"GA",1,2338,861124,0,1,NA,2338,0,1,0,0,0,1,0,0,1,0,0,1,0,1,0,0
"GA",1,2339,858890,1,0,NA,2339,0,1,0,0,0,1,0,0,1,0,0,1,0,0,0,0
"GA",1,2340,851072,0,3,NA,2340,0,1,1,0,0,1,1,0,0,1,0,1,0,0,0,1
"GA",1,2341,863575,0,1,NA,2341,0,1,1,0,0,1,0,0,1,0,0,1,0,0,0,0
"GA",1,2342,412563,1,0,NA,2342,0,0,0,0,0,0,0,0,0,0,0,1,0,0,0,0
"GA",1,2343,782565,0,2,NA,2343,0,1,0,0,0,0,1,1,0,0,0,1,0,1,0,1
"GA",1,2344,702653,1,0,NA,2344,0,1,1,0,0,0,1,0,0,0,0,1,0,0,0,0
"GA",1,2345,697968,1,0,NA,2345,0,1,0,0,0,0,1,0,0,0,0,1,0,0,0,0
"GA",1,2346,562146,1,0,NA,2346,0,1,0,0,0,0,0,0,0,0,0,1,0,0,0,1
"GA",1,2347,563534,1,0,NA,2347,0,1,0,0,0,0,0,0,0,0,0,1,0,1,0,0
"GA",1,2348,647282,1,0,NA,2348,0,1,0,0,0,0,0,1,0,0,0,1,0,1,0,0
"GA",1,2349,697968,1,0,NA,2349,0,1,0,0,0,0,1,0,0,0,0,1,0,0,0,0
"GA",1,2350,879932,0,2,NA,2350,0,1,1,0,0,0,0,1,1,0,0,1,0,0,1,0
"GA",1,2351,408919,1,0,NA,2351,0,0,0,0,1,0,0,1,0,0,0,0,0,0,0,0
"GA",1,2352,724784,1,0,NA,2352,0,0,0,0,1,0,1,0,0,0,0,1,0,0,0,0
"GA",1,2353,744741,1,0,NA,2353,0,1,0,0,1,0,0,0,0,0,0,1,0,0,0,0
"GA",1,2354,587029,1,0,NA,2354,0,1,1,0,0,0,0,1,0,0,0,0,0,0,1,0
"GA",1,2355,757107,0,1,NA,2355,0,0,0,0,1,0,0,1,0,1,0,1,0,1,0,0
"GA",1,2356,828489,1,0,NA,2356,0,1,0,0,1,0,0,1,0,0,0,1,0,0,0,0
"GA",1,2357,561300,1,0,NA,2357,0,1,0,0,0,0,0,0,0,0,0,1,0,0,0,0
"GA",1,2358,859736,0,1,NA,2358,0,1,0,0,0,1,0,0,1,0,0,1,0,0,0,1
"GA",1,2359,811462,1,0,NA,2359,0,1,0,0,1,0,1,0,0,0,0,1,0,0,0,0
"GA",1,2360,886772,0,2,NA,2360,0,1,0,0,0,1,0,0,1,0,1,1,0,0,1,0
"GA",1,2361,782565,0,2,NA,2361,0,1,0,0,0,0,1,1,0,0,0,1,0,1,0,1
"GA",1,2362,744891,0,1,NA,2362,0,0,0,0,1,0,0,1,0,0,0,1,0,1,0,1
"GA",1,2363,561300,1,0,NA,2363,0,1,0,0,0,0,0,0,0,0,0,1,0,0,0,0
"GA",1,2364,645048,1,0,NA,2364,0,1,0,0,0,0,0,1,0,0,0,1,0,0,0,0
"GA",1,2365,647282,1,0,NA,2365,0,1,0,0,0,0,0,1,0,0,0,1,0,1,0,0
"GA",1,2366,690215,0,1,NA,2366,0,1,0,0,0,0,0,1,0,0,0,1,1,1,0,0
"GA",1,2367,702653,0,1,NA,2367,0,1,1,0,0,0,1,0,0,0,0,1,0,1,0,0
"GA",1,2368,749298,1,0,NA,2368,0,1,0,0,0,0,0,0,0,0,1,1,0,0,0,1
"GA",1,2369,561300,1,0,NA,2369,0,1,0,0,0,0,0,0,0,0,0,1,0,0,0,0
"GA",1,2370,858890,1,0,NA,2370,0,1,0,0,0,1,0,0,1,0,0,1,0,0,0,0
"GA",1,2371,618484,1,0,NA,2371,0,0,0,0,0,0,0,0,0,0,1,1,0,0,0,1
"GA",1,2372,749298,1,0,NA,2372,0,1,0,0,0,0,0,0,0,0,1,1,0,0,0,1
"GA",1,2373,647282,1,0,NA,2373,0,1,0,0,0,0,0,1,0,0,0,1,0,1,0,0
"GA",1,2374,858890,1,0,NA,2374,0,1,0,0,0,1,0,0,1,0,0,1,0,0,0,0
"GA",1,2375,861124,0,1,NA,2375,0,1,0,0,0,1,0,0,1,0,0,1,0,1,0,0
"GA",1,2376,561300,1,0,NA,2376,0,1,0,0,0,0,0,0,0,0,0,1,0,0,0,0
"GA",1,2377,811462,1,0,NA,2377,0,1,0,0,1,0,1,0,0,0,0,1,0,0,0,0
"GA",1,2378,859736,0,1,NA,2378,0,1,0,0,0,1,0,0,1,0,0,1,0,0,0,1
"GA",1,2379,852613,0,2,NA,2379,0,1,0,0,1,1,0,0,0,0,1,1,0,0,0,1
"GA",1,2380,861124,0,1,NA,2380,0,1,0,0,0,1,0,0,1,0,0,1,0,1,0,0
"GA",1,2381,561300,1,0,NA,2381,0,1,0,0,0,0,0,0,0,0,0,1,0,0,0,0
"GA",1,2382,482188,1,0,NA,2382,0,0,0,0,0,1,0,0,0,0,0,1,0,1,0,0
"GA",1,2383,496311,1,0,NA,2383,0,0,0,0,0,0,0,1,0,0,0,1,0,0,0,0
"GA",1,2384,858890,1,0,NA,2384,0,1,0,0,0,1,0,0,1,0,0,1,0,0,0,0
"GA",1,2385,727018,1,0,NA,2385,0,0,0,0,1,0,1,0,0,0,0,1,0,1,0,0
"GA",1,2386,861124,0,1,NA,2386,0,1,0,0,0,1,0,0,1,0,0,1,0,1,0,0
"GA",1,2387,0,1,0,NA,2387,0,0,0,0,0,0,0,0,0,0,0,0,0,0,0,0
"GA",1,2388,863575,0,2,NA,2388,1,1,0,0,0,1,0,0,1,0,0,1,0,1,0,0
"GA",1,2389,562146,1,0,NA,2389,0,1,0,0,0,0,0,0,0,0,0,1,0,0,0,1
"GA",1,2390,791499,1,0,NA,2390,0,1,0,0,0,0,0,0,1,0,0,1,0,0,0,0
"GA",1,2391,744741,1,0,NA,2391,0,1,0,0,1,0,0,0,0,0,0,1,0,0,0,0
"GA",1,2392,863575,0,2,NA,2392,1,1,0,0,0,1,0,0,1,0,0,1,0,1,0,0
"GA",1,2393,840651,0,2,NA,2393,0,1,0,0,1,0,0,1,0,0,0,1,1,1,0,0
"GA",1,2394,741811,1,0,NA,2394,0,0,0,0,1,0,0,1,0,0,0,1,0,0,0,0
"GA",1,2395,658063,1,0,NA,2395,0,0,0,0,1,0,0,0,0,0,0,1,0,0,0,0
"GA",1,2396,875247,1,0,NA,2396,0,1,0,0,0,0,0,1,1,0,0,1,0,0,0,0
"GA",1,2397,861124,0,1,NA,2397,0,1,0,0,0,1,0,0,1,0,0,1,0,1,0,0
"GA",1,2398,606467,1,0,NA,2398,0,1,0,0,0,0,0,0,0,0,0,1,1,1,0,0
"GA",1,2399,791499,1,0,NA,2399,0,1,0,0,0,0,0,0,1,0,0,1,0,0,0,0
"GA",1,2400,724784,1,0,NA,2400,0,0,0,0,1,0,1,0,0,0,0,1,0,0,0,0
"GA",1,2401,497157,1,0,NA,2401,0,0,0,0,0,0,0,1,0,0,0,1,0,0,0,1
"GA",1,2402,563534,1,0,NA,2402,0,1,0,0,0,0,0,0,0,0,0,1,0,1,0,0
"GA",1,2403,274115,1,0,NA,2403,1,1,0,0,0,1,0,0,0,0,0,0,0,0,0,0
"GA",1,2404,191709,1,0,NA,2404,0,1,0,0,0,0,0,0,0,0,0,0,0,0,0,0
"GA",1,2405,618484,1,0,NA,2405,0,0,0,0,0,0,0,0,0,0,1,1,0,0,0,1
"GA",1,2406,628691,1,0,NA,2406,0,1,0,0,0,1,0,0,0,0,0,1,0,0,0,0
"GA",1,2407,645048,1,0,NA,2407,0,1,0,0,0,0,0,1,0,0,0,1,0,0,0,0
"GA",1,2408,741811,1,0,NA,2408,0,0,0,0,1,0,0,1,0,0,0,1,0,0,0,0
"GA",1,2409,852613,0,2,NA,2409,0,1,0,0,1,1,0,0,0,0,1,1,0,0,0,1
"GA",1,2410,562146,1,0,NA,2410,0,1,0,0,0,0,0,0,0,0,0,1,0,0,0,1
"GA",1,2411,858890,1,0,NA,2411,0,1,0,0,0,1,0,0,1,0,0,1,0,0,0,0
"GA",1,2412,749298,1,0,NA,2412,0,1,0,0,0,0,0,0,0,0,1,1,0,0,0,1
"GA",1,2413,561300,1,0,NA,2413,0,1,0,0,0,0,0,0,0,0,0,1,0,0,0,0
"GA",1,2414,564380,1,0,NA,2414,0,1,0,0,0,0,0,0,0,0,0,1,0,1,0,1
"GA",1,2415,780331,0,1,NA,2415,0,1,0,0,0,0,1,1,0,0,0,1,0,0,0,1
"GA",1,2416,673617,1,0,NA,2416,0,0,0,0,0,0,0,0,1,0,0,1,0,1,0,0
"GA",1,2417,741811,1,0,NA,2417,0,0,0,0,1,0,0,1,0,0,0,1,0,0,0,0
"GA",1,2418,690215,0,1,NA,2418,0,1,0,0,0,0,0,1,0,0,0,1,1,1,0,0
"GA",1,2419,746975,1,0,NA,2419,0,1,0,0,1,0,0,0,0,0,0,1,0,1,0,0
"GA",1,2420,647282,1,0,NA,2420,0,1,0,0,0,0,0,1,0,0,0,1,0,1,0,0
"GA",1,2421,858890,1,0,NA,2421,0,1,0,0,0,1,0,0,1,0,0,1,0,0,0,0
"GA",1,2422,724784,1,0,NA,2422,0,0,0,0,1,0,1,0,0,0,0,1,0,0,0,0
"GA",1,2423,858890,1,0,NA,2423,0,1,0,0,0,1,0,0,1,0,0,1,0,0,0,0
"GA",1,2424,858890,1,0,NA,2424,0,1,0,0,0,1,0,0,1,0,0,1,0,0,0,0
"GA",1,2425,630925,1,0,NA,2425,0,1,0,0,0,1,0,0,0,0,0,1,0,1,0,0
"GA",1,2426,852613,0,1,NA,2426,0,1,0,0,1,1,0,0,0,0,1,1,0,0,0,0
"GA",1,2427,858890,1,0,NA,2427,0,1,0,0,0,1,0,0,1,0,0,1,0,0,0,0
"GA",1,2428,745587,1,0,NA,2428,0,1,0,0,1,0,0,0,0,0,0,1,0,0,0,1
"GA",1,2429,858890,1,0,NA,2429,0,1,0,0,0,1,0,0,1,0,0,1,0,0,0,0
"GA",1,2430,749298,1,0,NA,2430,0,1,0,0,0,0,0,0,0,0,1,1,0,0,0,1
"GA",1,2431,564380,1,0,NA,2431,0,1,0,0,0,0,0,0,0,0,0,1,0,1,0,1
"GA",1,2432,858890,1,0,NA,2432,0,1,0,0,0,1,0,0,1,0,0,1,0,0,0,0
"GA",1,2433,859736,0,1,NA,2433,0,1,0,0,0,1,0,0,1,0,0,1,0,0,0,1
"GA",1,2434,861124,0,1,NA,2434,0,1,0,0,0,1,0,0,1,0,0,1,0,1,0,0
"GA",1,2435,645048,1,0,NA,2435,0,1,0,0,0,0,0,1,0,0,0,1,0,0,0,0
"GA",1,2436,753983,1,0,NA,2436,0,1,1,0,0,0,0,0,0,0,1,1,0,0,0,0
"GA",1,2437,812132,1,0,NA,2437,0,1,0,0,1,1,0,0,0,0,0,1,0,0,0,0
"GA",1,2438,497157,1,0,NA,2438,0,0,0,0,0,0,0,1,0,0,0,1,0,0,0,1
"GA",1,2439,852613,0,1,NA,2439,0,1,0,0,1,1,0,0,0,0,1,1,0,0,0,0
"GA",1,2440,782292,0,1,NA,2440,0,0,0,0,1,0,0,1,0,0,1,1,0,0,0,1
"GA",1,2441,563534,1,0,NA,2441,0,1,0,0,0,0,0,0,0,0,0,1,0,1,0,0
"GA",1,2442,858890,1,0,NA,2442,0,1,0,0,0,1,0,0,1,0,0,1,0,0,0,0
"GA",1,2443,749298,1,0,NA,2443,0,1,0,0,0,0,0,0,0,0,1,1,0,0,0,1
"GA",1,2444,618484,1,0,NA,2444,0,0,0,0,0,0,0,0,0,0,1,1,0,0,0,0
"GA",1,2445,630925,1,0,NA,2445,0,1,0,0,0,1,0,0,0,0,0,1,0,1,0,0
"GA",1,2446,698544,1,0,NA,2446,0,0,0,0,1,0,0,0,0,0,1,1,0,0,0,1
"GA",1,2447,534070,1,0,NA,2447,1,1,0,0,0,1,0,0,0,0,0,0,0,1,0,0
"GA",1,2448,563534,1,0,NA,2448,0,1,0,0,0,0,0,0,0,0,0,1,0,1,0,0
"GA",1,2449,791499,1,0,NA,2449,0,1,0,0,0,0,0,0,1,0,0,1,0,0,0,0
"GA",1,2450,714841,0,1,NA,2450,0,1,0,1,0,0,0,1,0,0,0,1,0,1,0,0
"GA",1,2451,606467,1,0,NA,2451,0,1,0,0,0,0,0,0,0,0,0,1,1,1,0,0
"GA",1,2452,562146,1,0,NA,2452,0,1,0,0,0,0,0,0,0,0,0,1,0,0,0,1
"GA",1,2453,858890,1,0,NA,2453,0,1,0,0,0,1,0,0,1,0,0,1,0,0,0,0
"GA",1,2454,645048,1,0,NA,2454,0,1,0,0,0,0,0,1,0,0,0,1,0,0,0,0
"GA",1,2455,858890,1,0,NA,2455,0,1,0,0,0,1,0,0,1,0,0,1,0,0,0,0
"GA",1,2456,859736,0,1,NA,2456,0,1,0,0,0,1,0,0,1,0,0,1,0,0,0,1
"GA",1,2457,563534,1,0,NA,2457,0,1,0,0,0,0,0,0,0,0,0,1,0,1,0,0
"GA",1,2458,645048,1,0,NA,2458,0,1,0,0,0,0,0,1,0,0,0,1,0,0,0,0
"GA",1,2459,741008,1,0,NA,2459,0,0,0,0,0,1,0,0,1,0,0,1,0,1,0,0
"GA",1,2460,858890,1,0,NA,2460,0,1,0,0,0,1,0,0,1,0,0,1,0,0,0,0
"GA",1,2461,738774,1,0,NA,2461,0,0,0,0,0,1,0,0,1,0,0,1,0,0,0,0
"GA",1,2462,791499,1,0,NA,2462,0,1,0,0,0,0,0,0,1,0,0,1,0,0,0,0
"GA",1,2463,858890,1,0,NA,2463,0,1,0,0,0,1,0,0,1,0,0,1,0,0,0,0
"GA",1,2464,861124,0,1,NA,2464,0,1,0,0,0,1,0,0,1,0,0,1,0,1,0,0
"GA",1,2465,858890,1,0,NA,2465,0,1,0,0,0,1,0,0,1,0,0,1,0,0,0,0
"GA",1,2466,861124,0,1,NA,2466,0,1,0,0,0,1,0,0,1,0,0,1,0,1,0,0
"GA",1,2467,691430,0,1,NA,2467,0,1,0,0,0,0,0,0,0,1,0,1,0,1,0,1
"GA",1,2468,629537,1,0,NA,2468,0,1,0,0,0,1,0,0,0,0,0,1,0,0,0,1
"GA",1,2469,749298,1,0,NA,2469,0,1,0,0,0,0,0,0,0,0,1,1,1,0,0,0
"GA",1,2470,630925,1,0,NA,2470,0,1,0,0,0,1,0,0,0,0,0,1,0,1,0,0
"GA",1,2471,645048,1,0,NA,2471,0,1,0,0,0,0,0,1,0,0,0,1,0,0,0,0
"GA",1,2472,861124,0,1,NA,2472,0,1,0,0,0,1,0,0,1,0,0,1,0,1,0,0
"GA",1,2473,630925,1,0,NA,2473,0,1,0,0,0,1,0,0,0,0,0,1,0,1,0,0
"GA",1,2474,852613,0,2,NA,2474,0,1,0,0,1,1,0,0,0,0,1,1,0,0,0,1
"GA",1,2475,858890,1,0,NA,2475,0,1,0,0,0,1,0,0,1,0,0,1,0,0,0,0
"GA",1,2476,618484,1,0,NA,2476,0,0,0,0,0,0,0,0,0,0,1,1,0,0,0,0
"GA",1,2477,749298,1,0,NA,2477,0,1,0,0,0,0,0,0,0,0,1,1,0,0,0,1
"GA",1,2478,697096,0,1,NA,2478,0,1,0,1,0,1,0,0,0,0,0,1,0,0,0,1
"GA",1,2479,858890,0,1,NA,2479,0,1,0,1,0,1,0,0,1,0,0,1,0,0,0,0
"GA",1,2480,690215,0,1,NA,2480,0,1,0,0,0,0,0,1,0,0,0,1,1,1,0,0
"GA",1,2481,782292,0,1,NA,2481,0,0,0,0,1,0,0,1,0,0,1,1,0,0,0,1
"GA",1,2482,858890,0,1,NA,2482,0,1,0,1,0,1,0,0,1,0,0,1,0,0,0,0
"GA",1,2483,702524,0,1,NA,2483,0,0,0,0,1,0,0,0,0,0,1,1,1,0,0,1
"GA",1,2484,858890,1,0,NA,2484,0,1,0,0,0,1,0,0,1,0,0,1,0,0,0,0
"GA",1,2485,645048,1,0,NA,2485,0,1,0,0,0,0,0,1,0,0,0,1,0,0,0,0
"GA",1,2486,858890,1,0,NA,2486,0,1,0,0,0,1,0,0,1,0,0,1,0,0,0,0
"GA",1,2487,497157,1,0,NA,2487,0,0,0,0,0,0,0,1,0,0,0,1,0,0,0,1
"GA",1,2488,858890,1,0,NA,2488,0,1,0,0,0,1,0,0,1,0,0,1,0,0,0,0
"GA",1,2489,751532,1,0,NA,2489,0,1,0,0,0,0,0,0,0,0,1,1,0,1,0,0
"GA",1,2490,791499,1,0,NA,2490,0,1,0,0,0,0,0,0,1,0,0,1,0,0,0,0
"GA",1,2491,741008,1,0,NA,2491,0,0,0,0,0,1,0,0,1,0,0,1,0,1,0,0
"GA",1,2492,879932,0,1,NA,2492,0,1,1,0,0,0,0,1,1,0,0,1,0,0,0,0
"GA",1,2493,859736,0,1,NA,2493,0,1,0,0,0,1,0,0,1,0,0,1,0,0,0,1
"GA",1,2494,812132,1,0,NA,2494,0,1,0,0,1,1,0,0,0,0,0,1,0,0,0,0
"GA",1,2495,561300,1,0,NA,2495,0,1,0,0,0,0,0,0,0,0,0,1,0,0,0,0
"GA",1,2496,629537,1,0,NA,2496,0,1,0,0,0,1,0,0,0,0,0,1,0,0,0,1
"GA",1,2497,812132,1,0,NA,2497,0,1,0,0,1,1,0,0,0,0,0,1,0,0,0,0
"GA",1,2498,812132,1,0,NA,2498,0,1,0,0,1,1,0,0,0,0,0,1,0,0,0,0
"GA",1,2499,793733,1,0,NA,2499,0,1,0,0,0,0,0,0,1,0,0,1,0,1,0,0
"GA",1,2500,497157,1,0,NA,2500,0,0,0,0,0,0,0,1,0,0,0,1,0,0,0,1
"GA",1,2501,875247,1,0,NA,2501,0,1,0,0,0,0,0,1,1,0,0,1,0,0,0,0
"GA",1,2502,741811,1,0,NA,2502,0,0,0,0,1,0,0,1,0,0,0,1,0,0,0,0
"GA",1,2503,629537,1,0,NA,2503,0,1,0,0,0,1,0,0,0,0,0,1,0,0,0,1
"GA",1,2504,858890,1,0,NA,2504,0,1,0,0,0,1,0,0,1,0,0,1,0,0,0,0
"GA",1,2505,861124,0,2,NA,2505,0,1,0,1,0,1,0,0,1,0,0,1,0,1,0,0
"GA",1,2506,782292,0,1,NA,2506,0,0,0,0,1,0,0,1,0,0,1,1,0,0,0,1
"GA",1,2507,741811,1,0,NA,2507,0,0,0,0,1,0,0,1,0,0,0,1,0,0,0,0
"GA",1,2508,606467,1,0,NA,2508,0,1,0,0,0,0,0,0,0,0,0,1,1,1,0,0
"GA",1,2509,858890,1,0,NA,2509,0,1,0,0,0,1,0,0,1,0,0,1,0,0,0,0
"GA",1,2510,858890,1,0,NA,2510,0,1,0,0,0,1,0,0,1,0,0,1,0,0,0,0
"GA",1,2511,861124,0,1,NA,2511,0,1,0,0,0,1,0,0,1,0,0,1,0,1,0,0
"GA",1,2512,772098,1,0,NA,2512,0,1,0,0,0,0,0,1,0,1,0,1,0,0,0,0
"GA",1,2513,858890,1,0,NA,2513,0,1,0,0,0,1,0,0,1,0,0,1,0,0,0,0
"GA",1,2514,725454,1,0,NA,2514,0,0,0,0,1,1,0,0,0,0,0,1,0,0,0,0
"GA",1,2515,861124,0,1,NA,2515,0,1,0,0,0,1,0,0,1,0,0,1,0,1,0,0
"GA",1,2516,858890,0,1,NA,2516,0,1,0,1,0,1,0,0,1,0,0,1,0,0,0,0
"GA",1,2517,858890,1,0,NA,2517,0,1,0,0,0,1,0,0,1,0,0,1,0,0,0,0
"GA",1,2518,812978,0,1,NA,2518,0,1,0,0,1,1,0,0,0,0,0,1,0,0,0,1
"GA",1,2519,741811,1,0,NA,2519,0,0,0,0,1,0,0,1,0,0,0,1,0,0,0,0
"GA",1,2520,751532,1,0,NA,2520,0,1,0,0,0,0,0,0,0,0,1,1,0,1,0,0
"GA",1,2521,875247,1,0,NA,2521,0,1,0,0,0,0,0,1,1,0,0,1,0,0,0,0
"GA",1,2522,697096,0,1,NA,2522,0,1,0,1,0,1,0,0,0,0,0,1,0,0,0,1
"GA",1,2523,751749,0,1,NA,2523,1,1,0,0,0,0,0,0,0,0,1,1,0,0,0,1
"GA",1,2524,852613,0,2,NA,2524,0,1,0,0,1,1,0,0,0,0,1,1,0,0,0,1
"GA",1,2525,679067,1,0,NA,2525,0,0,0,0,0,0,0,1,0,1,0,1,0,0,0,0
"GA",1,2526,858890,1,0,NA,2526,0,1,0,0,0,1,0,0,1,0,0,1,0,0,0,0
"GA",1,2527,793733,1,0,NA,2527,0,1,0,0,0,0,0,0,1,0,0,1,0,1,0,0
"GA",1,2528,858890,1,0,NA,2528,0,1,0,0,0,1,0,0,1,0,0,1,0,0,0,0
"GA",1,2529,858890,1,0,NA,2529,0,1,0,0,0,1,0,0,1,0,0,1,0,0,0,0
"GA",1,2530,749298,1,0,NA,2530,0,1,0,0,0,0,0,0,0,0,1,1,0,0,0,0
"GA",1,2531,751532,1,0,NA,2531,0,1,0,0,0,0,0,0,0,0,1,1,0,1,0,0
"GA",1,2532,782292,1,0,NA,2532,0,0,0,0,1,0,0,1,0,0,1,1,0,0,0,0
"GA",1,2533,858890,0,1,NA,2533,0,1,0,1,0,1,0,0,1,0,0,1,0,0,0,0
"GA",1,2534,749298,1,0,NA,2534,0,1,0,0,0,0,0,0,0,0,1,1,0,0,0,0
"GA",1,2535,858890,1,0,NA,2535,0,1,0,0,0,1,0,0,1,0,0,1,0,0,0,0
"GA",1,2536,812132,1,0,NA,2536,0,1,0,0,1,1,0,0,0,0,0,1,0,0,0,0
"GA",1,2537,739620,1,0,NA,2537,0,0,0,0,0,1,0,0,1,0,0,1,0,0,0,1
"GA",1,2538,793733,0,1,NA,2538,0,1,0,1,0,0,0,0,1,0,0,1,0,1,0,0
"GA",1,2539,751532,1,0,NA,2539,0,1,0,0,0,0,0,0,0,0,1,1,0,1,0,0
"GA",1,2540,879932,0,1,NA,2540,0,1,1,0,0,0,0,1,1,0,0,1,0,0,0,0
"GA",1,2541,828489,1,0,NA,2541,0,1,0,0,1,0,0,1,0,0,0,1,0,0,0,0
"GA",1,2542,837571,0,1,NA,2542,0,1,0,0,1,0,0,1,0,1,0,1,0,0,0,0
"GA",1,2543,858890,1,0,NA,2543,0,1,0,0,0,1,0,0,1,0,0,1,0,0,0,0
"GA",1,2544,791499,1,0,NA,2544,0,1,0,0,0,0,0,0,1,0,0,1,0,0,0,0
"GA",1,2545,741811,1,0,NA,2545,0,0,0,0,1,0,0,1,0,0,0,1,0,0,0,0
"GA",1,2546,647282,1,0,NA,2546,0,1,0,0,0,0,0,1,0,0,0,1,0,1,0,0
"GA",1,2547,861124,0,2,NA,2547,0,1,0,1,0,1,0,0,1,0,0,1,0,1,0,0
"GA",1,2548,725454,1,0,NA,2548,0,0,0,0,1,1,0,0,0,0,0,1,0,0,0,0
"GA",1,2549,861124,0,1,NA,2549,0,1,0,0,0,1,0,0,1,0,0,1,0,1,0,0
"GA",1,2550,870206,0,2,NA,2550,0,1,0,0,0,1,0,0,1,1,0,1,0,1,0,0
"GA",1,2551,875247,0,1,NA,2551,0,1,0,1,0,0,0,1,1,0,0,1,0,0,0,0
"GA",1,2552,772098,1,0,NA,2552,0,1,0,0,0,0,0,1,0,1,0,1,0,0,0,0
"GA",1,2553,739620,1,0,NA,2553,0,0,0,0,0,1,0,0,1,0,0,1,0,0,0,1
"GA",1,2554,678434,1,0,NA,2554,0,1,0,0,0,1,0,1,0,0,0,1,0,0,0,0
"GA",1,2555,751532,0,1,NA,2555,0,1,0,0,0,0,0,0,0,0,1,1,0,1,1,0
"GA",1,2556,696250,1,0,NA,2556,0,1,0,1,0,1,0,0,0,0,0,1,0,0,0,0
"GA",1,2557,875034,0,1,NA,2557,0,1,0,0,0,1,1,0,1,0,0,1,0,0,0,0
"GA",1,2558,859736,0,1,NA,2558,0,1,0,0,0,1,0,0,1,0,0,1,0,0,0,1
"GA",1,2559,751532,1,0,NA,2559,0,1,0,0,0,0,0,0,0,0,1,1,0,1,0,0
"GA",1,2560,772098,1,0,NA,2560,0,1,0,0,0,0,0,1,0,1,0,1,0,0,0,0
"GA",1,2561,828489,1,0,NA,2561,0,1,0,0,1,0,0,1,0,0,0,1,0,0,0,0
"GA",1,2562,858890,1,0,NA,2562,0,1,0,0,0,1,0,0,1,0,0,1,0,0,0,0
"GA",1,2563,645048,1,0,NA,2563,0,1,0,0,0,0,0,1,0,0,0,1,0,0,0,0
"GA",1,2564,858890,1,0,NA,2564,0,1,0,0,0,1,0,0,1,0,0,1,0,0,0,0
"GA",1,2565,863575,0,1,NA,2565,0,1,1,0,0,1,0,0,1,0,0,1,0,0,0,0
"GA",1,2566,859736,0,1,NA,2566,0,1,0,0,0,1,0,0,1,0,0,1,0,0,0,1
"GA",1,2567,785222,1,0,NA,2567,0,1,0,0,1,0,0,0,0,0,1,1,0,0,0,0
"GA",1,2568,739620,1,0,NA,2568,0,0,0,0,0,1,0,0,1,0,0,1,0,0,0,1
"GA",1,2569,645048,1,0,NA,2569,0,1,0,0,0,0,0,1,0,0,0,1,0,0,0,0
"GA",1,2570,696250,1,0,NA,2570,0,1,0,1,0,1,0,0,0,0,0,1,0,0,0,0
"GA",1,2571,755131,1,0,NA,2571,0,0,0,0,0,0,0,1,1,0,0,1,0,0,0,0
"GA",1,2572,712607,1,0,NA,2572,0,1,0,1,0,0,0,1,0,0,0,1,0,0,0,0
"GA",1,2573,858890,1,0,NA,2573,0,1,0,0,0,1,0,0,1,0,0,1,0,0,0,0
"GA",1,2574,876093,0,1,NA,2574,0,1,0,0,0,0,0,1,1,0,0,1,0,0,0,1
"GA",1,2575,858890,1,0,NA,2575,0,1,0,0,0,1,0,0,1,0,0,1,0,0,0,0
"GA",1,2576,858890,1,0,NA,2576,0,1,0,0,0,1,0,0,1,0,0,1,0,0,0,0
"GA",1,2577,629537,1,0,NA,2577,0,1,0,0,0,1,0,0,0,0,0,1,0,0,0,1
"GA",1,2578,858890,1,0,NA,2578,0,1,0,0,0,1,0,0,1,0,0,1,0,0,0,0
"GA",1,2579,858890,1,0,NA,2579,0,1,0,0,0,1,0,0,1,0,0,1,0,0,0,0
"GA",1,2580,704821,1,0,NA,2580,0,0,0,0,1,0,0,0,1,0,0,1,0,0,0,0
"GA",1,2581,838171,0,1,NA,2581,1,0,0,0,0,1,0,0,1,0,0,1,0,1,0,0
"GA",1,2582,792345,1,0,NA,2582,0,1,0,0,0,0,0,0,1,0,0,1,0,0,0,1
"GA",1,2583,738774,1,0,NA,2583,0,0,0,0,0,1,0,0,1,0,0,1,0,0,0,0
"GA",1,2584,793733,1,0,NA,2584,0,1,0,0,0,0,0,0,1,0,0,1,0,1,0,0
"GA",1,2585,645048,1,0,NA,2585,0,1,0,0,0,0,0,1,0,0,0,1,0,0,0,0
"GA",1,2586,859736,0,1,NA,2586,0,1,0,0,0,1,0,0,1,0,0,1,0,0,0,1
"GA",1,2587,867972,0,1,NA,2587,0,1,0,0,0,1,0,0,1,1,0,1,0,0,0,0
"GA",1,2588,772098,1,0,NA,2588,0,1,0,0,0,0,0,1,0,1,0,1,0,0,0,0
"GA",1,2589,858890,1,0,NA,2589,0,1,0,0,0,1,0,0,1,0,0,1,0,0,0,0
"GA",1,2590,876093,0,1,NA,2590,0,1,0,0,0,0,0,1,1,0,0,1,0,0,0,1
"GA",1,2591,704821,1,0,NA,2591,0,0,0,0,1,0,0,0,1,0,0,1,0,0,0,0
"GA",1,2592,770030,0,1,NA,2592,0,0,0,0,0,1,0,0,1,0,1,1,0,0,0,1
"GA",1,2593,759733,0,1,NA,2593,0,1,0,1,0,0,0,0,0,0,1,1,0,1,0,0
"GA",1,2594,563534,1,0,NA,2594,0,1,0,0,0,0,0,0,0,0,0,1,0,1,0,0
"GA",1,2595,861124,0,1,NA,2595,0,1,0,0,0,1,0,0,1,0,0,1,0,1,0,0
"GA",1,2596,787456,0,1,NA,2596,0,1,0,0,1,0,0,0,0,0,1,1,0,1,0,0
"GA",1,2597,870206,0,2,NA,2597,0,1,0,0,0,1,0,0,1,1,0,1,0,1,0,0
"GA",1,2598,875034,0,2,NA,2598,0,1,0,1,0,1,1,0,1,0,0,1,0,0,0,0
"GA",1,2599,859736,0,1,NA,2599,0,1,0,0,0,1,0,0,1,0,0,1,0,0,0,1
"GA",1,2600,886772,0,1,NA,2600,0,1,0,0,0,1,0,0,1,0,1,1,0,0,0,0
"GA",1,2601,858890,1,0,NA,2601,0,1,0,0,0,1,0,0,1,0,0,1,0,0,0,0
"GA",1,2602,772098,1,0,NA,2602,0,1,0,0,0,0,0,1,0,1,0,1,0,0,0,0
"GA",1,2603,696250,1,0,NA,2603,0,1,0,1,0,1,0,0,0,0,0,1,0,0,0,0
"GA",1,2604,797602,0,1,NA,2604,1,0,0,0,0,1,0,1,0,1,0,1,0,0,0,0
"GA",1,2605,869427,0,2,NA,2605,1,0,0,0,0,1,0,0,1,0,1,1,0,1,0,0
"GA",1,2606,858890,1,0,NA,2606,0,1,0,0,0,1,0,0,1,0,0,1,0,0,0,0
"GA",1,2607,753983,0,2,NA,2607,0,1,1,0,0,0,0,0,0,0,1,1,0,1,1,0
"GA",1,2608,845885,1,0,NA,2608,0,1,0,0,0,0,1,0,0,0,1,1,0,0,0,0
"GA",1,2609,793733,1,0,NA,2609,0,1,0,0,0,0,0,0,1,0,0,1,0,1,0,0
"GA",1,2610,875247,1,0,NA,2610,0,1,0,0,0,0,0,1,1,0,0,1,0,0,0,0
"GA",1,2611,645048,1,0,NA,2611,0,1,0,0,0,0,0,1,0,0,0,1,0,0,0,0
"GA",1,2612,828489,1,0,NA,2612,0,1,0,0,1,0,0,1,0,0,0,1,0,0,0,0
"GA",1,2613,791499,1,0,NA,2613,0,1,0,0,0,0,0,0,1,0,0,1,0,0,0,0
"GA",1,2614,875247,1,0,NA,2614,0,1,0,0,0,0,0,1,1,0,0,1,0,0,0,0
"GA",1,2615,864421,0,2,NA,2615,0,1,1,0,0,1,0,0,1,0,0,1,0,0,0,1
"GA",1,2616,629537,1,0,NA,2616,0,1,0,0,0,1,0,0,0,0,0,1,0,0,0,1
"GA",1,2617,863575,0,1,NA,2617,0,1,1,0,0,1,0,0,1,0,0,1,0,0,0,0
"GA",1,2618,861124,0,1,NA,2618,0,1,0,0,0,1,0,0,1,0,0,1,0,1,0,0
"GA",1,2619,793733,1,0,NA,2619,0,1,0,0,0,0,0,0,1,0,0,1,0,1,0,0
"GA",1,2620,858890,1,0,NA,2620,0,1,0,0,0,1,0,0,1,0,0,1,0,0,0,0
"GA",1,2621,858890,1,0,NA,2621,0,1,0,0,0,1,0,0,1,0,0,1,0,0,0,0
"GA",1,2622,859736,0,1,NA,2622,0,1,0,0,0,1,0,0,1,0,0,1,0,0,0,1
"GA",1,2623,645048,1,0,NA,2623,0,1,0,0,0,0,0,1,0,0,0,1,0,0,0,0
"GA",1,2624,875247,0,1,NA,2624,0,1,0,1,0,0,0,1,1,0,0,1,0,0,0,0
"GA",1,2625,875034,0,2,NA,2625,0,1,0,1,0,1,1,0,1,0,0,1,0,0,0,0
"GA",1,2626,867972,0,1,NA,2626,0,1,0,0,0,1,0,0,1,1,0,1,0,0,0,0
"GA",1,2627,858890,0,1,NA,2627,0,1,0,0,1,1,0,0,1,0,0,1,0,0,0,0
"GA",1,2628,749298,1,0,NA,2628,0,1,0,0,0,0,0,0,0,0,1,1,0,0,0,0
"GA",1,2629,793733,1,0,NA,2629,0,1,0,0,0,0,0,0,1,0,0,1,0,1,0,0
"GA",1,2630,858890,1,0,NA,2630,0,1,0,0,0,1,0,0,1,0,0,1,0,0,0,0
"GA",1,2631,628691,1,0,NA,2631,0,1,0,0,0,1,0,0,0,0,0,1,0,0,0,0
"GA",1,2632,818923,0,1,NA,2632,0,1,0,0,0,1,0,0,0,0,1,1,0,1,0,0
"GA",1,2633,867972,0,1,NA,2633,0,1,0,0,0,1,0,0,1,1,0,1,0,0,0,0
"GA",1,2634,835280,0,1,NA,2634,0,1,0,0,0,0,0,1,0,0,1,1,0,1,0,0
"GA",1,2635,772264,0,1,NA,2635,0,0,0,0,0,1,0,0,1,0,1,1,0,1,0,0
"GA",1,2636,772098,1,0,NA,2636,0,1,0,0,0,0,0,1,0,1,0,1,0,0,0,0
"GA",1,2637,785222,1,0,NA,2637,0,1,0,0,1,0,0,0,0,0,1,1,0,0,0,0
"GA",1,2638,858890,1,0,NA,2638,0,1,0,0,0,1,0,0,1,0,0,1,0,0,0,0
"GA",1,2639,563534,1,0,NA,2639,0,1,0,0,0,0,0,0,0,0,0,1,0,1,0,0
"GA",1,2640,791499,1,0,NA,2640,0,1,0,0,1,0,0,0,1,0,0,1,0,0,0,0
"GA",1,2641,792345,0,1,NA,2641,0,1,0,0,1,0,0,0,1,0,0,1,0,0,0,1
"GA",1,2642,561300,1,0,NA,2642,0,1,0,0,0,0,0,0,0,0,0,1,0,0,0,0
"GA",1,2643,876093,0,2,NA,2643,0,1,0,1,0,0,0,1,1,0,0,1,0,0,0,1
"GA",1,2644,647282,1,0,NA,2644,0,1,0,0,0,0,0,1,0,0,0,1,0,1,0,0
"GA",1,2645,787456,0,1,NA,2645,0,1,0,0,1,0,0,0,0,0,1,1,0,1,0,0
"GA",1,2646,858890,1,0,NA,2646,0,1,0,0,0,1,0,0,1,0,0,1,0,0,0,0
"GA",1,2647,816689,0,1,NA,2647,0,1,0,0,0,1,0,0,0,0,1,1,1,0,0,0
"GA",1,2648,861124,0,1,NA,2648,0,1,0,0,0,1,0,0,1,0,0,1,0,1,0,0
"GA",1,2649,791499,1,0,NA,2649,0,1,0,0,0,0,0,0,1,0,0,1,0,0,0,0
"GA",1,2650,792345,1,0,NA,2650,0,1,0,0,0,0,0,0,1,0,0,1,0,0,0,1
"GA",1,2651,875247,0,1,NA,2651,0,1,0,1,0,0,0,1,1,0,0,1,0,0,0,0
"GA",1,2652,858890,0,1,NA,2652,0,1,0,0,0,1,0,0,1,0,0,1,0,0,1,0
"GA",1,2653,877698,0,2,NA,2653,1,1,0,1,0,0,0,1,1,0,0,1,0,0,0,0
"GA",1,2654,788522,1,0,NA,2654,0,0,0,1,1,1,0,0,0,0,0,1,0,0,0,0
"GA",1,2655,858890,0,1,NA,2655,0,1,0,0,0,1,0,0,1,0,0,1,0,0,1,0
"GA",1,2656,859736,0,1,NA,2656,0,1,0,0,0,1,0,0,1,0,0,1,0,0,0,1
"GA",1,2657,864421,0,2,NA,2657,0,1,1,0,0,1,0,0,1,0,0,1,0,0,0,1
"GA",1,2658,886772,0,1,NA,2658,0,1,0,0,0,1,0,0,1,0,1,1,0,0,0,0
"GA",1,2659,835280,0,1,NA,2659,0,1,0,0,0,0,0,1,0,0,1,1,0,1,0,0
"GA",1,2660,741811,1,0,NA,2660,0,0,0,0,1,0,0,1,0,0,0,1,0,0,0,0
"GA",1,2661,628691,1,0,NA,2661,0,1,0,0,0,1,0,0,0,0,0,1,0,0,0,0
"GA",1,2662,812132,0,1,NA,2662,0,1,0,1,1,1,0,0,0,0,0,1,0,0,0,0
"GA",1,2663,793733,1,0,NA,2663,0,1,0,0,0,0,0,0,1,0,0,1,0,1,0,0
"GA",1,2664,858890,1,0,NA,2664,0,1,0,0,0,1,0,0,1,0,0,1,0,0,0,0
"GA",1,2665,772264,0,1,NA,2665,0,0,0,0,0,1,0,0,1,0,1,1,0,1,0,0
"GA",1,2666,700778,0,1,NA,2666,0,0,0,0,1,0,0,0,0,0,1,1,0,1,1,0
"GA",1,2667,886772,0,1,NA,2667,0,1,0,0,0,1,0,0,1,0,1,1,0,0,0,0
"GA",1,2668,875247,1,0,NA,2668,0,1,0,0,0,0,0,1,1,0,0,1,0,0,0,0
"GA",1,2669,875247,1,0,NA,2669,0,1,0,0,0,0,0,1,1,0,0,1,0,0,0,0
"GA",1,2670,818923,0,1,NA,2670,0,1,0,0,0,1,0,0,0,0,1,1,0,1,0,0
"GA",1,2671,875247,1,0,NA,2671,0,1,0,0,0,0,0,1,1,0,0,1,0,0,0,0
"GA",1,2672,793733,1,0,NA,2672,0,1,0,0,0,0,0,0,1,0,0,1,0,1,0,0
"GA",1,2673,876093,0,2,NA,2673,0,1,0,0,1,0,0,1,1,0,0,1,0,0,0,1
"GA",1,2674,633544,0,1,NA,2674,1,1,0,1,0,0,0,0,0,0,0,1,0,1,0,0
"GA",1,2675,861124,0,1,NA,2675,0,1,0,0,0,1,0,0,1,0,0,1,0,1,0,0
"GA",1,2676,875247,0,1,NA,2676,0,1,0,1,0,0,0,1,1,0,0,1,0,0,0,0
"GA",1,2677,741811,1,0,NA,2677,0,0,0,0,1,0,0,1,0,0,0,1,0,0,0,0
"GA",1,2678,836126,0,2,NA,2678,0,0,0,1,1,1,0,0,1,0,0,1,0,0,0,1
"GA",1,2679,858890,0,1,NA,2679,0,1,0,0,0,1,0,0,1,0,0,1,0,0,1,0
"GA",1,2680,867972,0,1,NA,2680,0,1,0,0,0,1,0,0,1,1,0,1,0,0,0,0
"GA",1,2681,858890,1,0,NA,2681,0,1,0,0,0,1,0,0,1,0,0,1,0,0,0,0
"GA",1,2682,902916,0,3,NA,2682,0,1,0,1,0,1,1,0,1,0,1,1,0,0,0,0
"GA",1,2683,792345,0,1,NA,2683,0,1,0,1,0,0,0,0,1,0,0,1,0,0,0,1
"GA",1,2684,917715,0,2,NA,2684,0,1,0,0,0,1,0,1,1,1,0,1,0,0,0,0
"GA",1,2685,561300,1,0,NA,2685,0,1,0,0,0,0,0,0,0,0,0,1,0,0,0,0
"GA",1,2686,877481,0,2,NA,2686,0,1,0,0,1,0,0,1,1,0,0,1,0,1,0,0
"GA",1,2687,785222,1,0,NA,2687,0,1,0,0,1,0,0,0,0,0,1,1,0,0,0,0
"GA",1,2688,816689,0,1,NA,2688,0,1,0,0,0,1,0,0,0,0,1,1,1,0,0,0
"GA",1,2689,700778,0,1,NA,2689,0,0,0,0,1,0,0,0,0,0,1,1,0,1,1,0
"GA",1,2690,562146,1,0,NA,2690,0,1,0,0,0,0,0,0,0,0,0,1,0,0,0,1
"GA",1,2691,791499,1,0,NA,2691,0,1,0,0,0,0,0,0,1,0,0,1,0,0,0,0
"GA",1,2692,787456,0,2,NA,2692,0,1,0,1,1,0,0,0,0,0,1,1,0,1,0,0
"GA",1,2693,628691,1,0,NA,2693,0,1,0,0,0,1,0,0,0,0,0,1,0,0,0,0
"GA",1,2694,875247,1,0,NA,2694,0,1,0,0,0,0,0,1,1,0,0,1,0,0,0,0
"GA",1,2695,712607,1,0,NA,2695,0,1,0,1,0,0,0,1,0,0,0,1,0,0,0,0
"GA",1,2696,741811,1,0,NA,2696,0,0,0,0,1,0,0,1,0,0,0,1,0,0,0,0
"GA",1,2697,561300,1,0,NA,2697,0,1,0,0,0,0,0,0,0,0,0,1,0,0,0,0
"GA",1,2698,858890,1,0,NA,2698,0,1,0,0,0,1,0,0,1,0,0,1,0,0,0,0
"GA",1,2699,793733,1,0,NA,2699,0,1,0,0,0,0,0,0,1,0,0,1,0,1,0,0
"GA",1,2700,903129,0,3,NA,2700,0,1,0,1,0,0,0,1,1,0,1,1,1,0,0,0
"GA",1,2701,858890,0,1,NA,2701,0,1,0,0,0,1,0,0,1,0,0,1,0,0,1,0
"GA",1,2702,858890,1,0,NA,2702,0,1,0,0,0,1,0,0,1,0,0,1,0,0,0,0
"GA",1,2703,875247,1,0,NA,2703,0,1,0,0,0,0,0,1,1,0,0,1,0,0,0,0
"GA",1,2704,561300,1,0,NA,2704,0,1,0,0,0,0,0,0,0,0,0,1,0,0,0,0
"GA",1,2705,738774,1,0,NA,2705,0,0,0,0,0,1,0,0,1,0,0,1,0,0,0,0
"GA",1,2706,785222,1,0,NA,2706,0,1,0,0,1,0,0,0,0,0,1,1,0,0,0,0
"GA",1,2707,785222,1,0,NA,2707,0,1,0,0,1,0,0,0,0,0,1,1,0,0,0,0
"GA",1,2708,793733,1,0,NA,2708,0,1,0,0,0,0,0,0,1,0,0,1,0,1,0,0
"GA",1,2709,858890,1,0,NA,2709,0,1,0,0,0,1,0,0,1,0,0,1,0,0,0,0
"GA",1,2710,858890,0,1,NA,2710,0,1,0,1,0,1,0,0,1,0,0,1,0,0,0,0
"GA",1,2711,695741,1,0,NA,2711,0,0,0,0,0,1,0,0,0,0,1,1,1,0,0,0
"GA",1,2712,858890,1,0,NA,2712,0,1,0,0,0,1,0,0,1,0,0,1,0,0,0,0
"GA",1,2713,875247,1,0,NA,2713,0,1,0,0,0,0,0,1,1,0,0,1,0,0,0,0
"GA",1,2714,859736,0,3,NA,2714,0,1,0,1,1,1,0,0,1,0,0,1,0,0,0,1
"GA",1,2715,875247,1,0,NA,2715,0,1,0,0,0,0,0,1,1,0,0,1,0,0,0,0
"GA",1,2716,877698,0,2,NA,2716,1,1,0,1,0,0,0,1,1,0,0,1,0,0,0,0
"GA",1,2717,613938,1,0,NA,2717,0,0,0,0,1,0,0,0,1,0,0,0,0,0,0,1
"GA",1,2718,861124,0,1,NA,2718,0,1,0,0,0,1,0,0,1,0,0,1,0,1,0,0
"GA",1,2719,861124,0,1,NA,2719,0,1,0,0,0,1,0,0,1,0,0,1,0,1,0,0
"GA",1,2720,858890,1,0,NA,2720,0,1,0,0,0,1,0,0,1,0,0,1,0,0,0,0
"GA",1,2721,700778,0,1,NA,2721,0,0,0,0,1,0,0,0,0,0,1,1,0,1,1,0
"GA",1,2722,858890,1,0,NA,2722,0,1,0,0,0,1,0,0,1,0,0,1,0,0,0,0
"GA",1,2723,738774,1,0,NA,2723,0,0,0,0,0,1,0,0,1,0,0,1,0,0,0,0
"GA",1,2724,501109,1,0,NA,2724,0,1,0,0,0,1,0,0,0,0,0,0,0,0,0,1
"GA",1,2725,561300,1,0,NA,2725,0,1,0,0,0,0,0,0,0,0,0,1,0,0,0,0
"GA",1,2726,858890,1,0,NA,2726,0,1,0,0,0,1,0,0,1,0,0,1,0,0,0,0
"GA",1,2727,875247,1,0,NA,2727,0,1,0,0,0,0,0,1,1,0,0,1,0,0,0,0
"GA",1,2728,700778,0,1,NA,2728,0,0,0,0,1,0,0,0,0,0,1,1,0,1,1,0
"GA",1,2729,712607,1,0,NA,2729,0,1,0,1,0,0,0,1,0,0,0,1,0,0,0,0
"GA",1,2730,628691,1,0,NA,2730,0,1,0,0,0,1,0,0,0,0,0,1,0,0,0,0
"GA",1,2731,879932,0,3,NA,2731,1,1,1,1,0,0,0,1,1,0,0,1,0,0,0,0
"GA",1,2732,563534,1,0,NA,2732,0,1,0,0,0,0,0,0,0,0,0,1,0,1,1,0
"GA",1,2733,877481,0,2,NA,2733,0,1,0,0,1,0,0,1,1,0,0,1,0,1,0,0
"GA",1,2734,793733,1,0,NA,2734,0,1,0,0,0,0,0,0,1,0,0,1,0,1,0,0
"GA",1,2735,751532,1,0,NA,2735,0,1,0,0,0,0,0,0,0,0,1,1,0,1,0,0
"GA",1,2736,858890,1,0,NA,2736,0,1,0,0,0,1,0,0,1,0,0,1,0,0,0,0
"GA",1,2737,561300,1,0,NA,2737,0,1,0,0,0,0,0,0,0,0,0,1,0,0,0,0
"GA",1,2738,875247,1,0,NA,2738,0,1,0,0,0,0,0,1,1,0,0,1,0,0,0,0
"GA",1,2739,875247,1,0,NA,2739,0,1,0,0,0,0,0,1,1,0,0,1,0,0,0,0
"GA",1,2740,889006,0,2,NA,2740,0,1,0,0,0,1,0,0,1,0,1,1,0,1,0,0
"GA",1,2741,628691,1,0,NA,2741,0,1,0,0,0,1,0,0,0,0,0,1,0,0,0,0
"GA",1,2742,755741,1,0,NA,2742,0,1,0,0,0,1,0,0,0,1,0,1,0,0,0,0
"GA",1,2743,858890,1,0,NA,2743,0,1,0,0,0,1,0,0,1,0,0,1,0,0,0,0
"GA",1,2744,875247,1,0,NA,2744,0,1,0,0,0,0,0,1,1,0,0,1,0,0,0,0
"GA",1,2745,673617,1,0,NA,2745,0,0,0,0,0,0,0,0,1,0,0,1,0,1,0,0
"GA",1,2746,746975,0,1,NA,2746,0,1,0,1,1,0,0,0,0,0,0,1,0,1,0,0
"GA",1,2747,858890,1,0,NA,2747,0,1,0,0,0,1,0,0,1,0,0,1,0,0,0,0
"GA",1,2748,858890,1,0,NA,2748,0,1,0,0,0,1,0,0,1,0,0,1,0,0,0,0
"GA",1,2749,875247,1,0,NA,2749,0,1,0,0,0,0,0,1,1,0,0,1,0,0,0,0
"GA",1,2750,812978,0,2,NA,2750,0,1,0,1,1,1,0,0,0,0,0,1,0,0,0,1
"GA",1,2751,875247,1,0,NA,2751,0,1,0,0,0,0,0,1,1,0,0,1,0,0,0,0
"GA",1,2752,858890,1,0,NA,2752,0,1,0,0,0,1,0,0,1,0,0,1,0,0,0,0
"GA",1,2753,698544,1,0,NA,2753,0,0,0,0,1,0,0,0,0,0,1,1,0,0,0,0
"GA",1,2754,695741,1,0,NA,2754,0,0,0,0,0,1,0,0,0,0,1,1,1,0,0,0
"GA",1,2755,704821,1,0,NA,2755,0,0,0,0,1,0,0,0,1,0,0,1,0,0,0,0
"GA",1,2756,875247,1,0,NA,2756,0,1,0,0,0,0,0,1,1,0,0,1,0,0,0,0
"GA",1,2757,628859,1,0,NA,2757,0,1,0,1,0,0,0,0,0,0,0,1,0,0,0,0
"GA",1,2758,561300,1,0,NA,2758,0,1,0,0,0,0,0,0,0,0,0,1,0,0,0,0
"GA",1,2759,858890,1,0,NA,2759,0,1,0,0,0,1,0,0,1,0,0,1,0,0,0,0
"GA",1,2760,746975,1,0,NA,2760,0,1,0,0,1,0,0,0,0,0,0,1,0,1,0,0
"GA",1,2761,755741,1,0,NA,2761,0,1,0,0,0,1,0,0,0,1,0,1,0,0,0,0
"GA",1,2762,698544,1,0,NA,2762,0,0,0,0,1,0,0,0,0,0,1,1,0,0,0,0
"GA",1,2763,858890,1,0,NA,2763,0,1,0,0,0,1,0,0,1,0,0,1,0,0,0,0
"GA",1,2764,563534,1,0,NA,2764,0,1,0,0,0,0,0,0,0,0,0,1,0,1,0,0
"GA",1,2765,875247,1,0,NA,2765,0,1,0,0,0,0,0,1,1,0,0,1,0,0,0,0
"GA",1,2766,889006,0,2,NA,2766,0,1,0,0,0,1,0,0,1,0,1,1,0,1,0,0
"GA",1,2767,698544,1,0,NA,2767,0,0,0,0,1,0,0,0,0,0,1,1,0,0,0,0
"GA",1,2768,688997,1,0,NA,2768,0,0,0,1,0,0,0,1,0,0,0,1,0,0,0,0
"GA",1,2769,698544,1,0,NA,2769,0,0,0,0,1,0,0,0,0,0,1,1,0,0,0,0
"GA",1,2770,875247,1,0,NA,2770,0,1,0,0,0,0,0,1,1,0,0,1,0,0,0,0
"GA",1,2771,787456,0,2,NA,2771,0,1,0,0,1,0,0,0,0,0,1,1,0,1,1,0
"GA",1,2772,629537,1,0,NA,2772,0,1,0,0,0,1,0,0,0,0,0,1,0,0,0,1
"GA",1,2773,861124,0,2,NA,2773,0,1,0,0,0,1,0,0,1,0,0,1,0,1,1,0
"GA",1,2774,787456,0,2,NA,2774,0,1,0,0,1,0,0,0,0,0,1,1,0,1,1,0
"GA",1,2775,563751,1,0,NA,2775,1,1,0,0,0,0,0,0,0,0,0,1,0,0,0,0
"GA",1,2776,858890,1,0,NA,2776,0,1,0,0,0,1,0,0,1,0,0,1,0,0,0,0
"GA",1,2777,858890,1,0,NA,2777,0,1,0,0,0,1,0,0,1,0,0,1,0,0,0,0
"GA",1,2778,812132,0,1,NA,2778,0,1,0,1,1,1,0,0,0,0,0,1,0,0,0,0
"GA",1,2779,889006,0,2,NA,2779,0,1,0,0,0,1,0,0,1,0,1,1,0,1,0,0
"GA",1,2780,700778,0,1,NA,2780,0,0,0,0,1,0,0,0,0,0,1,1,0,1,1,0
"GA",1,2781,561300,1,0,NA,2781,0,1,0,0,0,0,0,0,0,0,0,1,0,0,0,0
"GA",1,2782,712607,1,0,NA,2782,0,1,0,1,0,0,0,1,0,0,0,1,0,0,0,0
"GA",1,2783,858890,1,0,NA,2783,0,1,0,0,0,1,0,0,1,0,0,1,0,0,0,0
"GA",1,2784,695741,1,0,NA,2784,0,0,0,0,0,1,0,0,0,0,1,1,1,0,0,0
"GA",1,2785,791499,1,0,NA,2785,0,1,0,0,0,0,0,0,1,0,0,1,0,0,0,0
"GA",1,2786,858890,1,0,NA,2786,0,1,0,0,0,1,0,0,1,0,0,1,0,0,0,0
"GA",1,2787,875247,1,0,NA,2787,0,1,0,0,0,0,0,1,1,0,0,1,0,0,0,0
"GA",1,2788,875247,1,0,NA,2788,0,1,0,0,0,0,0,1,1,0,0,1,0,0,0,0
"GA",1,2789,755741,1,0,NA,2789,0,1,0,0,0,1,0,0,0,1,0,1,0,0,0,0
"GA",1,2790,561300,1,0,NA,2790,0,1,0,0,0,0,0,0,0,0,0,1,0,0,0,0
"GA",1,2791,858890,0,1,NA,2791,0,1,0,0,0,1,0,0,1,0,0,1,0,0,1,0
"GA",1,2792,875247,0,1,NA,2792,0,1,0,1,0,0,0,1,1,0,0,1,0,0,0,0
"GA",1,2793,889006,0,2,NA,2793,0,1,0,0,0,1,0,0,1,0,1,1,0,1,0,0
"GA",1,2794,875247,1,0,NA,2794,0,1,0,0,0,0,0,1,1,0,0,1,0,0,0,0
"GA",1,2795,698544,1,0,NA,2795,0,0,0,0,1,0,0,0,0,0,1,1,0,0,0,0
"GA",1,2796,712607,1,0,NA,2796,0,1,0,1,0,0,0,1,0,0,0,1,0,0,0,0
"GA",1,2797,858890,1,0,NA,2797,0,1,0,0,0,1,0,0,1,0,0,1,0,0,0,0
"GA",1,2798,712607,1,0,NA,2798,0,1,0,1,0,0,0,1,0,0,0,1,0,0,0,0
"GA",1,2799,712607,1,0,NA,2799,0,1,0,1,0,0,0,1,0,0,0,1,0,0,0,0
"GA",1,2800,678434,1,0,NA,2800,0,1,0,0,0,1,0,1,0,0,0,1,0,0,0,0
"GA",1,2801,793733,0,1,NA,2801,0,1,0,1,0,0,0,0,1,0,0,1,0,1,0,0
"GA",1,2802,877481,0,1,NA,2802,0,1,0,0,0,0,0,1,1,0,0,1,0,1,0,0
"GA",1,2803,561300,1,0,NA,2803,0,1,0,0,0,0,0,0,0,0,0,1,0,0,0,0
"GA",1,2804,685875,1,0,NA,2804,0,0,0,0,0,1,0,0,0,0,1,1,0,0,0,0
"GA",1,2805,791499,1,0,NA,2805,0,1,0,0,0,0,0,0,1,0,0,1,0,0,0,0
"GA",1,2806,712607,1,0,NA,2806,0,1,0,1,0,0,0,1,0,0,0,1,0,0,0,0
"GA",1,2807,863575,0,2,NA,2807,1,1,0,0,0,1,0,0,1,0,0,1,0,1,0,0
"GA",1,2808,889223,0,2,NA,2808,1,1,0,0,0,1,0,0,1,0,1,1,0,0,0,0
"GA",1,2809,660297,1,0,NA,2809,0,0,0,0,1,0,0,0,0,0,0,1,0,1,0,0
"GA",1,2810,785222,1,0,NA,2810,0,1,0,0,1,0,0,0,0,0,1,1,0,0,0,0
"GA",1,2811,889006,0,2,NA,2811,0,1,0,0,0,1,0,0,1,0,1,1,0,1,0,0
"GA",1,2812,791499,1,0,NA,2812,0,1,0,0,0,0,0,0,1,0,0,1,0,0,0,0
"GA",1,2813,688997,1,0,NA,2813,0,0,0,1,0,0,0,1,0,0,0,1,0,0,0,0
"GA",1,2814,712607,1,0,NA,2814,0,1,0,1,0,0,0,1,0,0,0,1,0,0,0,0
"GA",1,2815,712607,1,0,NA,2815,0,1,0,1,0,0,0,1,0,0,0,1,0,0,0,0
"GA",1,2816,858890,1,0,NA,2816,0,1,0,0,0,1,0,0,1,0,0,1,0,0,0,0
"GA",1,2817,858890,1,0,NA,2817,0,1,0,0,0,1,0,0,1,0,0,1,0,0,0,0
"GA",1,2818,788924,0,1,NA,2818,1,0,0,0,0,1,0,0,0,0,1,1,1,0,0,0
"GA",1,2819,875247,1,0,NA,2819,0,1,0,0,0,0,0,1,1,0,0,1,0,0,0,0
"GA",1,2820,791499,1,0,NA,2820,0,1,0,0,0,0,0,0,1,0,0,1,0,0,0,0
"GA",1,2821,858890,1,0,NA,2821,0,1,0,0,0,1,0,0,1,0,0,1,0,0,0,0
"GA",1,2822,561300,1,0,NA,2822,0,1,0,0,0,0,0,0,0,0,0,1,0,0,0,0
"GA",1,2823,841247,0,1,NA,2823,0,1,0,1,0,0,0,1,0,0,1,1,0,0,0,0
"GA",1,2824,885175,0,1,NA,2824,0,1,0,0,0,0,0,1,1,0,0,1,1,0,0,0
"GA",1,2825,793733,1,0,NA,2825,0,1,0,0,0,0,0,0,1,0,0,1,0,1,0,0
"GA",1,2826,858890,1,0,NA,2826,0,1,0,0,0,1,0,0,1,0,0,1,0,0,0,0
"GA",1,2827,858890,0,1,NA,2827,0,1,0,0,1,1,0,0,1,0,0,1,0,0,0,0
"GA",1,2828,885175,0,1,NA,2828,0,1,0,0,0,0,0,1,1,0,0,1,1,0,0,0
"GA",1,2829,885175,0,1,NA,2829,0,1,0,0,0,0,0,1,1,0,0,1,1,0,0,0
"GA",1,2830,875247,1,0,NA,2830,0,1,0,0,0,0,0,1,1,0,0,1,0,0,0,0
"GA",1,2831,905363,0,2,NA,2831,0,1,0,0,0,0,0,1,1,0,1,1,0,1,0,0
"GA",1,2832,739376,1,0,NA,2832,0,1,0,1,0,0,0,0,1,0,0,0,0,1,0,0
"GA",1,2833,787456,0,1,NA,2833,0,1,0,0,1,0,0,0,0,0,1,1,0,1,0,0
"GA",1,2834,875247,1,0,NA,2834,0,1,0,0,0,0,0,1,1,0,0,1,0,0,0,0
"GA",1,2835,561300,1,0,NA,2835,0,1,0,0,0,0,0,0,0,0,0,1,0,0,0,0
"GA",1,2836,861124,0,1,NA,2836,0,1,0,0,0,1,0,0,1,0,0,1,0,1,0,0
"GA",1,2837,867972,0,1,NA,2837,0,1,0,0,0,1,0,0,1,1,0,1,0,0,0,0
"GA",1,2838,793950,1,0,NA,2838,1,1,0,0,0,0,0,0,1,0,0,1,0,0,0,0
"GA",1,2839,712607,1,0,NA,2839,0,1,0,1,0,0,0,1,0,0,0,1,0,0,0,0
"GA",1,2840,861124,0,1,NA,2840,0,1,0,0,0,1,0,0,1,0,0,1,0,1,0,0
"GA",1,2841,875247,0,1,NA,2841,0,1,0,1,0,0,0,1,1,0,0,1,0,0,0,0
"GA",1,2842,785222,1,0,NA,2842,0,1,0,0,1,0,0,0,0,0,1,1,0,0,0,0
"GA",1,2843,712607,1,0,NA,2843,0,1,0,1,0,0,0,1,0,0,0,1,0,0,0,0
"GA",1,2844,861124,0,1,NA,2844,0,1,0,0,0,1,0,0,1,0,0,1,0,1,0,0
"GA",1,2845,712607,1,0,NA,2845,0,1,0,1,0,0,0,1,0,0,0,1,0,0,0,0
"GA",1,2846,645048,1,0,NA,2846,0,1,0,0,0,0,0,1,0,0,0,1,0,0,0,0
"GA",1,2847,886772,0,1,NA,2847,0,1,0,0,0,1,0,0,1,0,1,1,0,0,0,0
"GA",1,2848,875247,1,0,NA,2848,0,1,0,0,0,0,0,1,1,0,0,1,0,0,0,0
"GA",1,2849,821615,0,1,NA,2849,0,1,0,0,0,0,0,0,1,0,1,1,0,1,0,0
"GA",1,2850,791499,1,0,NA,2850,0,1,0,0,0,0,0,0,1,0,0,1,0,0,0,0
"GA",1,2851,793733,0,1,NA,2851,0,1,0,1,0,0,0,0,1,0,0,1,0,1,0,0
"GA",1,2852,875247,0,1,NA,2852,0,1,0,1,0,0,0,1,1,0,0,1,0,0,0,0
"GA",1,2853,658063,1,0,NA,2853,0,0,0,0,1,0,0,0,0,0,0,1,0,0,0,0
"GA",1,2854,793733,0,1,NA,2854,0,1,0,1,0,0,0,0,1,0,0,1,0,1,0,0
"GA",1,2855,858890,1,0,NA,2855,0,1,0,0,0,1,0,0,1,0,0,1,0,0,0,0
"GA",1,2856,877481,0,1,NA,2856,0,1,0,0,0,0,0,1,1,0,0,1,0,1,0,0
"GA",1,2857,767889,1,0,NA,2857,0,0,0,1,0,0,0,0,1,0,0,1,0,0,0,0
"GA",1,2858,700778,1,0,NA,2858,0,0,0,0,1,0,0,0,0,0,1,1,0,1,0,0
"GA",1,2859,529697,1,0,NA,2859,0,0,0,0,0,1,0,1,0,0,0,1,0,0,0,0
"GA",1,2860,858890,1,0,NA,2860,0,1,0,0,0,1,0,0,1,0,0,1,0,0,0,0
"GA",1,2861,791499,1,0,NA,2861,0,1,0,0,0,0,0,0,1,0,0,1,0,0,0,0
"GA",1,2862,858890,1,0,NA,2862,0,1,0,0,0,1,0,0,1,0,0,1,0,0,0,0
"GA",1,2863,905363,0,2,NA,2863,0,1,0,0,0,0,0,1,1,0,1,1,0,1,0,0
"GA",1,2864,561300,1,0,NA,2864,0,1,0,0,0,0,0,0,0,0,0,1,0,0,0,0
"GA",1,2865,751532,1,0,NA,2865,0,1,0,0,0,0,0,0,0,0,1,1,0,1,0,0
"GA",1,2866,885175,0,2,NA,2866,0,1,0,0,0,0,0,1,1,0,0,1,1,0,1,0
"GA",1,2867,886772,0,1,NA,2867,0,1,0,0,0,1,0,0,1,0,1,1,0,0,0,0
"GA",1,2868,877481,0,1,NA,2868,0,1,0,0,0,0,0,1,1,0,0,1,0,1,0,0
"GA",1,2869,875247,1,0,NA,2869,0,1,0,0,0,0,0,1,1,0,0,1,0,0,0,0
"GA",1,2870,821615,0,1,NA,2870,0,1,0,0,0,0,0,0,1,0,1,1,0,1,0,0
"GA",1,2871,712607,1,0,NA,2871,0,1,0,1,0,0,0,1,0,0,0,1,0,0,0,0
"GA",1,2872,867972,0,1,NA,2872,0,1,0,0,0,1,0,0,1,1,0,1,0,0,0,0
"GA",1,2873,821615,0,2,NA,2873,0,1,0,1,0,0,0,0,1,0,1,1,0,1,0,0
"GA",1,2874,660297,1,0,NA,2874,0,0,0,0,1,0,0,0,0,0,0,1,0,1,0,0
"GA",1,2875,858890,1,0,NA,2875,0,1,0,0,0,1,0,0,1,0,0,1,0,0,0,0
"GA",1,2876,886772,0,1,NA,2876,0,1,0,0,0,1,0,0,1,0,1,1,0,0,0,0
"GA",1,2877,877698,0,1,NA,2877,1,1,0,0,0,0,0,1,1,0,0,1,0,0,0,0
"GA",1,2878,858890,1,0,NA,2878,0,1,0,0,0,1,0,0,1,0,0,1,0,0,0,0
"GA",1,2879,861124,0,1,NA,2879,0,1,0,0,0,1,0,0,1,0,0,1,0,1,0,0
"GA",1,2880,800581,1,0,NA,2880,0,1,0,0,0,0,0,0,1,1,0,1,0,0,0,0
"GA",1,2881,791499,1,0,NA,2881,0,1,0,0,0,0,0,0,1,0,0,1,0,0,0,0
"GA",1,2882,784526,0,1,NA,2882,0,0,0,0,1,0,0,1,0,0,1,1,0,1,0,0
"GA",1,2883,688997,1,0,NA,2883,0,0,0,1,0,0,0,1,0,0,0,1,0,0,0,0
"GA",1,2884,908633,0,1,NA,2884,0,1,0,0,0,1,0,1,1,0,0,1,0,0,0,0
"GA",1,2885,698544,1,0,NA,2885,0,0,0,0,1,0,0,0,0,0,1,1,0,0,0,0
"GA",1,2886,858890,1,0,NA,2886,0,1,0,0,0,1,0,0,1,0,0,1,0,0,0,0
"GA",1,2887,751532,1,0,NA,2887,0,1,0,0,0,0,0,0,0,0,1,1,0,1,0,0
"GA",1,2888,793733,1,0,NA,2888,0,1,0,0,0,0,0,0,1,0,0,1,0,1,0,0
"GA",1,2889,861124,0,1,NA,2889,0,1,0,0,0,1,0,0,1,0,0,1,0,1,0,0
"GA",1,2890,858890,1,0,NA,2890,0,1,0,0,0,1,0,0,1,0,0,1,0,0,0,0
"GA",1,2891,707055,1,0,NA,2891,0,0,0,0,1,0,0,0,1,0,0,1,0,1,0,0
"GA",1,2892,738774,1,0,NA,2892,0,0,0,0,0,1,0,0,1,0,0,1,0,0,0,0
"GA",1,2893,858890,1,0,NA,2893,0,1,0,0,0,1,0,0,1,0,0,1,0,0,0,0
"GA",1,2894,561300,1,0,NA,2894,0,1,0,0,0,0,0,0,0,0,0,1,0,0,0,0
"GA",1,2895,858890,1,0,NA,2895,0,1,0,0,0,1,0,0,1,0,0,1,0,0,0,0
"GA",1,2896,875247,0,1,NA,2896,0,1,0,1,0,0,0,1,1,0,0,1,0,0,0,0
"GA",1,2897,858890,1,0,NA,2897,0,1,0,0,0,1,0,0,1,0,0,1,0,0,0,0
"GA",1,2898,712607,0,1,NA,2898,0,1,0,1,0,0,0,1,0,0,0,1,0,0,1,0
"GA",1,2899,791499,1,0,NA,2899,0,1,0,0,0,0,0,0,1,0,0,1,0,0,0,0
"GA",1,2900,875247,0,1,NA,2900,0,1,0,1,0,0,0,1,1,0,0,1,0,0,0,0
"GA",1,2901,772212,1,0,NA,2901,0,0,0,0,1,1,0,0,1,0,0,1,0,0,0,0
"GA",1,2902,791499,1,0,NA,2902,0,1,0,0,0,0,0,0,1,0,0,1,0,0,0,0
"GA",1,2903,858890,1,0,NA,2903,0,1,0,0,0,1,0,0,1,0,0,1,0,0,0,0
"GA",1,2904,791499,1,0,NA,2904,0,1,0,0,0,0,0,0,1,0,0,1,0,0,0,0
"GA",1,2905,908633,0,1,NA,2905,0,1,0,0,0,1,0,1,1,0,0,1,0,0,0,0
"GA",1,2906,791499,1,0,NA,2906,0,1,0,0,0,0,0,0,1,0,0,1,0,0,0,0
"GA",1,2907,793699,1,0,NA,2907,0,1,0,0,0,1,0,0,1,0,0,0,0,1,0,0
"GA",1,2908,861970,0,2,NA,2908,0,1,0,0,0,1,0,0,1,0,0,1,0,1,0,1
"GA",1,2909,875247,0,2,NA,2909,0,1,0,1,0,0,0,1,1,0,0,1,0,0,1,0
"GA",1,2910,875247,1,0,NA,2910,0,1,0,0,0,0,0,1,1,0,0,1,0,0,0,0
"GA",1,2911,858890,1,0,NA,2911,0,1,0,0,0,1,0,0,1,0,0,1,0,0,0,0
"GA",1,2912,858890,1,0,NA,2912,0,1,0,0,0,1,0,0,1,0,0,1,0,0,0,0
"GA",1,2913,800581,1,0,NA,2913,0,1,0,0,0,0,0,0,1,1,0,1,0,0,0,0
"GA",1,2914,712607,1,0,NA,2914,0,1,0,1,0,0,0,1,0,0,0,1,0,0,0,0
"GA",1,2915,858890,1,0,NA,2915,0,1,0,0,0,1,0,0,1,0,0,1,0,0,0,0
"GA",1,2916,867972,0,1,NA,2916,0,1,0,0,0,1,0,0,1,1,0,1,0,0,0,0
"GA",1,2917,800581,1,0,NA,2917,0,1,0,0,0,0,0,0,1,1,0,1,0,0,0,0
"GA",1,2918,751532,1,0,NA,2918,0,1,0,0,0,0,0,0,0,0,1,1,0,1,0,0
"GA",1,2919,858890,1,0,NA,2919,0,1,0,0,0,1,0,0,1,0,0,1,0,0,0,0
"GA",1,2920,563534,1,0,NA,2920,0,1,0,0,0,0,0,0,0,0,0,1,0,1,0,0
"GA",1,2921,791499,1,0,NA,2921,0,1,0,0,0,0,0,0,1,0,0,1,0,0,0,0
"GA",1,2922,875247,1,0,NA,2922,0,1,0,0,0,0,0,1,1,0,0,1,0,0,0,0
"GA",1,2923,858890,1,0,NA,2923,0,1,0,0,0,1,0,0,1,0,0,1,0,0,0,0
"GA",1,2924,870206,0,2,NA,2924,0,1,0,0,0,1,0,0,1,1,0,1,0,1,0,0
"GA",1,2925,875247,0,1,NA,2925,0,1,0,1,0,0,0,1,1,0,0,1,0,0,0,0
"GA",1,2926,858890,1,0,NA,2926,0,1,0,0,0,1,0,0,1,0,0,1,0,0,0,0
"GA",1,2927,858890,1,0,NA,2927,0,1,0,0,0,1,0,0,1,0,0,1,0,0,0,0
"GA",1,2928,660297,1,0,NA,2928,0,0,0,0,1,0,0,0,0,0,0,1,0,1,0,0
"GA",1,2929,753983,0,1,NA,2929,1,1,0,0,0,0,0,0,0,0,1,1,0,1,0,0
"GA",1,2930,875247,1,0,NA,2930,0,1,0,0,0,0,0,1,1,0,0,1,0,0,0,0
"GA",1,2931,875247,0,1,NA,2931,0,1,0,1,0,0,0,1,1,0,0,1,0,0,0,0
"GA",1,2932,858890,1,0,NA,2932,0,1,0,0,0,1,0,0,1,0,0,1,0,0,0,0
"GA",1,2933,858890,1,0,NA,2933,0,1,0,0,0,1,0,0,1,0,0,1,0,0,0,0
"GA",1,2934,877698,0,1,NA,2934,1,1,0,0,0,0,0,1,1,0,0,1,0,0,0,0
"GA",1,2935,741008,1,0,NA,2935,0,0,0,0,0,1,0,0,1,0,0,1,0,1,0,0
"GA",1,2936,712607,1,0,NA,2936,0,1,0,1,0,0,0,1,0,0,0,1,0,0,0,0
"GA",1,2937,889006,0,2,NA,2937,0,1,0,0,0,1,0,0,1,0,1,1,0,1,0,0
"GA",1,2938,791499,1,0,NA,2938,0,1,0,0,0,0,0,0,1,0,0,1,0,0,0,0
"GA",1,2939,858890,1,0,NA,2939,0,1,0,0,0,1,0,0,1,0,0,1,0,0,0,0
"GA",1,2940,741811,1,0,NA,2940,0,0,0,0,1,0,0,1,0,0,0,1,0,0,0,0
"GA",1,2941,875247,1,0,NA,2941,0,1,0,0,0,0,0,1,1,0,0,1,0,0,0,0
"GA",1,2942,821615,0,2,NA,2942,0,1,0,0,1,0,0,0,1,0,1,1,0,1,0,0
"GA",1,2943,877481,0,2,NA,2943,0,1,0,1,0,0,0,1,1,0,0,1,0,1,0,0
"GA",1,2944,908633,0,1,NA,2944,0,1,0,0,0,1,0,1,1,0,0,1,0,0,0,0
"GA",1,2945,858890,1,0,NA,2945,0,1,0,0,0,1,0,0,1,0,0,1,0,0,0,0
"GA",1,2946,875247,1,0,NA,2946,0,1,0,0,0,0,0,1,1,0,0,1,0,0,0,0
"GA",1,2947,671383,1,0,NA,2947,0,0,0,0,0,0,0,0,1,0,0,1,0,0,0,0
"GA",1,2948,791499,1,0,NA,2948,0,1,0,0,0,0,0,0,1,0,0,1,0,0,0,0
"GA",1,2949,875247,0,1,NA,2949,0,1,0,1,0,0,0,1,1,0,0,1,0,0,0,0
"GA",1,2950,741811,1,0,NA,2950,0,0,0,0,1,0,0,1,0,0,0,1,0,0,0,0
"GA",1,2951,738774,1,0,NA,2951,0,0,0,0,0,1,0,0,1,0,0,1,0,0,0,0
"GA",1,2952,793950,1,0,NA,2952,1,1,0,0,0,0,0,0,1,0,0,1,0,0,0,0
"GA",1,2953,871204,0,2,NA,2953,0,1,0,0,1,0,0,1,0,0,1,1,0,1,0,0
"GA",1,2954,479954,1,0,NA,2954,0,0,0,0,0,1,0,0,0,0,0,1,0,0,0,0
"GA",1,2955,861341,0,1,NA,2955,1,1,0,0,0,1,0,0,1,0,0,1,0,0,0,0
"GA",1,2956,561300,1,0,NA,2956,0,1,0,0,0,0,0,0,0,0,0,1,0,0,0,0
"GA",1,2957,712607,1,0,NA,2957,0,1,0,1,0,0,0,1,0,0,0,1,0,0,0,0
"GA",1,2958,772212,1,0,NA,2958,0,0,0,0,1,1,0,0,1,0,0,1,0,0,0,0
"GA",1,2959,861124,0,1,NA,2959,0,1,0,0,0,1,0,0,1,0,0,1,0,1,0,0
"GA",1,2960,886563,0,2,NA,2960,0,1,0,0,0,0,0,1,1,1,0,1,0,1,0,0
"GA",1,2961,712607,1,0,NA,2961,0,1,0,1,0,0,0,1,0,0,0,1,0,0,0,0
"GA",1,2962,858890,1,0,NA,2962,0,1,0,0,0,1,0,0,1,0,0,1,0,0,0,0
"GA",1,2963,858890,1,0,NA,2963,0,1,0,0,0,1,0,0,1,0,0,1,0,0,0,0
"GA",1,2964,791499,1,0,NA,2964,0,1,0,0,0,0,0,0,1,0,0,1,0,0,0,0
"GA",1,2965,791499,1,0,NA,2965,0,1,0,0,0,0,0,0,1,0,0,1,0,0,0,0
"GA",1,2966,875247,0,1,NA,2966,0,1,0,1,0,0,0,1,1,0,0,1,0,0,0,0
"GA",1,2967,843481,0,2,NA,2967,0,1,0,1,0,0,0,1,0,0,1,1,0,1,0,0
"GA",1,2968,875247,1,0,NA,2968,0,1,0,0,0,0,0,1,1,0,0,1,0,0,0,0
"GA",1,2969,712607,1,0,NA,2969,0,1,0,1,0,0,0,1,0,0,0,1,0,0,0,0
"GA",1,2970,875247,1,0,NA,2970,0,1,0,0,0,0,0,1,1,0,0,1,0,0,0,0
"GA",1,2971,791499,1,0,NA,2971,0,1,0,0,0,0,0,0,1,0,0,1,0,0,0,0
"GA",1,2972,713453,0,1,NA,2972,0,1,0,1,0,0,0,1,0,0,0,1,0,0,0,1
"GA",1,2973,824066,0,2,NA,2973,1,1,0,0,0,0,0,0,1,0,1,1,0,1,0,0
"GA",1,2974,769293,1,0,NA,2974,0,0,1,0,0,0,0,0,1,0,0,1,0,0,0,0
"GA",1,2975,886772,0,1,NA,2975,0,1,0,0,0,1,0,0,1,0,1,1,0,0,0,0
"GA",1,2976,908633,0,1,NA,2976,0,1,0,0,0,1,0,1,1,0,0,1,0,0,0,0
"GA",1,2977,791499,1,0,NA,2977,0,1,0,0,1,0,0,0,1,0,0,1,0,0,0,0
"GA",1,2978,793950,1,0,NA,2978,1,1,0,0,0,0,0,0,1,0,0,1,0,0,0,0
"GA",1,2979,875247,0,1,NA,2979,0,1,0,1,0,0,0,1,1,0,0,1,0,0,0,0
"GA",1,2980,828489,1,0,NA,2980,0,1,0,0,1,0,0,1,0,0,0,1,0,0,0,0
"GA",1,2981,738774,1,0,NA,2981,0,0,0,0,0,1,0,0,1,0,0,1,0,0,0,0
"GA",1,2982,886563,0,2,NA,2982,0,1,0,0,0,0,0,1,1,1,0,1,0,1,0,0
"GA",1,2983,791499,1,0,NA,2983,0,1,0,0,0,0,0,0,1,0,0,1,0,0,0,0
"GA",1,2984,886772,0,1,NA,2984,0,1,0,0,0,1,0,0,1,0,1,1,0,0,0,0
"GA",1,2985,828489,1,0,NA,2985,0,1,0,0,1,0,0,1,0,0,0,1,0,0,0,0
"GA",1,2986,877481,0,1,NA,2986,0,1,0,0,0,0,0,1,1,0,0,1,0,1,0,0
"GA",1,2987,858890,1,0,NA,2987,0,1,0,0,0,1,0,0,1,0,0,1,0,0,0,0
"GA",1,2988,828489,1,0,NA,2988,0,1,0,0,1,0,0,1,0,0,0,1,0,0,0,0
"GA",1,2989,791499,1,0,NA,2989,0,1,0,0,1,0,0,0,1,0,0,1,0,0,0,0
"GA",1,2990,772212,1,0,NA,2990,0,0,0,0,1,1,0,0,1,0,0,1,0,0,0,0
"GA",1,2991,772212,1,0,NA,2991,0,0,0,0,1,1,0,0,1,0,0,1,0,0,0,0
"GA",1,2992,858890,1,0,NA,2992,0,1,0,0,0,1,0,0,1,0,0,1,0,0,0,0
"GA",1,2993,791499,1,0,NA,2993,0,1,0,0,0,0,0,0,1,0,0,1,0,0,0,0
"GA",1,2994,875247,1,0,NA,2994,0,1,0,0,0,0,0,1,1,0,0,1,0,0,0,0
"GA",1,2995,858890,1,0,NA,2995,0,1,0,0,0,1,0,0,1,0,0,1,0,0,0,0
"GA",1,2996,714841,0,1,NA,2996,0,1,0,1,0,0,0,1,0,0,0,1,0,1,0,0
"GA",1,2997,889006,0,2,NA,2997,0,1,0,0,0,1,0,0,1,0,1,1,0,1,0,0
"GA",1,2998,858890,1,0,NA,2998,0,1,0,0,0,1,0,0,1,0,0,1,0,0,0,0
"GA",1,2999,533744,1,0,NA,2999,0,1,0,0,0,1,0,0,1,0,0,0,0,0,0,0
"GA",1,3000,858890,1,0,NA,3000,0,1,0,0,0,1,0,0,1,0,0,1,0,0,0,0
"GA",1,3001,751532,1,0,NA,3001,0,1,0,0,0,0,0,0,0,0,1,1,0,1,0,0
"GA",1,3002,841247,0,1,NA,3002,0,1,0,1,0,0,0,1,0,0,1,1,0,0,0,0
"GA",1,3003,738774,1,0,NA,3003,0,0,0,0,0,1,0,0,1,0,0,1,0,0,0,0
"GA",1,3004,821615,0,1,NA,3004,0,1,0,0,0,0,0,0,1,0,1,1,0,1,0,0
"GA",1,3005,858890,1,0,NA,3005,0,1,0,0,0,1,0,0,1,0,0,1,0,0,0,0
"GA",1,3006,821615,0,2,NA,3006,0,1,0,1,0,0,0,0,1,0,1,1,0,1,0,0
"GA",1,3007,875247,1,0,NA,3007,0,1,0,0,0,0,0,1,1,0,0,1,0,0,0,0
"GA",1,3008,868818,0,1,NA,3008,0,1,0,0,0,1,0,0,1,0,0,1,1,0,0,0
"GA",1,3009,628859,1,0,NA,3009,0,1,0,1,0,0,0,0,0,0,0,1,0,0,0,0
"GA",1,3010,858890,1,0,NA,3010,0,1,0,0,0,1,0,0,1,0,0,1,0,0,0,0
"GA",1,3011,791499,1,0,NA,3011,0,1,0,0,0,0,0,0,1,0,0,1,0,0,0,0
"GA",1,3012,713453,0,1,NA,3012,0,1,0,1,0,0,0,1,0,0,0,1,0,0,0,1
"GA",1,3013,892979,0,1,NA,3013,0,1,0,0,1,0,1,1,0,0,0,1,0,0,0,0
"GA",1,3014,858890,1,0,NA,3014,0,1,0,0,0,1,0,0,1,0,0,1,0,0,0,0
"GA",1,3015,741811,1,0,NA,3015,0,0,0,0,1,0,0,1,0,0,0,1,0,0,0,0
"GA",1,3016,886772,0,1,NA,3016,0,1,0,0,0,1,0,0,1,0,1,1,0,0,0,0
"GA",1,3017,712607,1,0,NA,3017,0,1,0,1,0,0,0,1,0,0,0,1,0,0,0,0
"GA",1,3018,793950,1,0,NA,3018,1,1,0,0,0,0,0,0,1,0,0,1,0,0,0,0
"GA",1,3019,791499,1,0,NA,3019,0,1,0,0,1,0,0,0,1,0,0,1,0,0,0,0
"GA",1,3020,877481,0,1,NA,3020,0,1,0,0,0,0,0,1,1,0,0,1,0,1,0,0
"GA",1,3021,821615,0,1,NA,3021,0,1,0,0,0,0,0,0,1,0,1,1,0,1,0,0
"GA",1,3022,824066,0,2,NA,3022,1,1,0,0,0,0,0,0,1,0,1,1,0,1,0,0
"GA",1,3023,875247,0,1,NA,3023,0,1,0,1,0,0,0,1,1,0,0,1,0,0,0,0
"GA",1,3024,886772,0,1,NA,3024,0,1,0,0,0,1,0,0,1,0,1,1,0,0,0,0
"GA",1,3025,791499,1,0,NA,3025,0,1,0,0,0,0,0,0,1,0,0,1,0,0,0,0
"GA",1,3026,858890,1,0,NA,3026,0,1,0,0,0,1,0,0,1,0,0,1,0,0,0,0
"GA",1,3027,738774,1,0,NA,3027,0,0,0,0,0,1,0,0,1,0,0,1,0,0,0,0
"GA",1,3028,828489,1,0,NA,3028,0,1,0,0,1,0,0,1,0,0,0,1,0,0,0,0
"GA",1,3029,858890,1,0,NA,3029,0,1,0,0,0,1,0,0,1,0,0,1,0,0,0,0
"GA",1,3030,773058,0,1,NA,3030,0,0,0,0,1,1,0,0,1,0,0,1,0,0,0,1
"GA",1,3031,713453,0,1,NA,3031,0,1,0,1,0,0,0,1,0,0,0,1,0,0,0,1
"GA",1,3032,905363,0,3,NA,3032,0,1,0,1,0,0,0,1,1,0,1,1,0,1,0,0
"GA",1,3033,793950,1,0,NA,3033,1,1,0,0,0,0,0,0,1,0,0,1,0,0,0,0
"GA",1,3034,791499,1,0,NA,3034,0,1,0,0,1,0,0,0,1,0,0,1,0,0,0,0
"GA",1,3035,858890,1,0,NA,3035,0,1,0,0,0,1,0,0,1,0,0,1,0,0,0,0
"GA",1,3036,631093,1,0,NA,3036,0,1,0,1,0,0,0,0,0,0,0,1,0,1,0,0
"GA",1,3037,793950,1,0,NA,3037,1,1,0,0,0,0,0,0,1,0,0,1,0,0,0,0
"GA",1,3038,858890,1,0,NA,3038,0,1,0,0,0,1,0,0,1,0,0,1,0,0,0,0
"GA",1,3039,628859,1,0,NA,3039,0,1,0,1,0,0,0,0,0,0,0,1,0,0,0,0
"GA",1,3040,858890,1,0,NA,3040,0,1,0,0,0,1,0,0,1,0,0,1,0,0,0,0
"GA",1,3041,908633,0,1,NA,3041,0,1,0,0,0,1,0,1,1,0,0,1,0,0,0,0
"GA",1,3042,791499,1,0,NA,3042,0,1,0,0,1,0,0,0,1,0,0,1,0,0,0,0
"GA",1,3043,858890,1,0,NA,3043,0,1,0,0,0,1,0,0,1,0,0,1,0,0,0,0
"GA",1,3044,628691,1,0,NA,3044,0,1,0,0,0,1,0,0,0,0,0,1,0,0,0,0
"GA",1,3045,858890,1,0,NA,3045,0,1,0,0,0,1,0,0,1,0,0,1,0,0,0,0
"GA",1,3046,689237,1,0,NA,3046,0,1,0,0,0,1,0,0,1,0,1,0,0,0,0,0
"GA",1,3047,791499,1,0,NA,3047,0,1,0,0,0,0,0,0,1,0,0,1,0,0,0,0
"GA",1,3048,875247,1,0,NA,3048,0,1,0,0,0,0,0,1,1,0,0,1,0,0,0,0
"GA",1,3049,903129,0,2,NA,3049,0,1,0,1,0,0,0,1,1,0,1,1,0,0,0,0
"GA",1,3050,858890,1,0,NA,3050,0,1,0,0,0,1,0,0,1,0,0,1,0,0,0,0
"GA",1,3051,913580,0,2,NA,3051,0,1,0,0,1,0,1,1,1,0,0,1,0,0,0,0
"GA",1,3052,563751,1,0,NA,3052,1,1,0,0,0,0,0,0,0,0,0,1,0,0,0,0
"GA",1,3053,791499,1,0,NA,3053,0,1,0,0,0,0,0,0,1,0,0,1,0,0,0,0
"GA",1,3054,712607,1,0,NA,3054,0,1,0,1,0,0,0,1,0,0,0,1,0,0,0,0
"GA",1,3055,741811,1,0,NA,3055,0,0,0,0,1,0,0,1,0,0,0,1,0,0,0,0
"GA",1,3056,908633,0,1,NA,3056,0,1,0,0,0,1,0,1,1,0,0,1,0,0,0,0
"GA",1,3057,408919,1,0,NA,3057,0,0,0,0,1,0,0,1,0,0,0,0,0,0,0,0
"GA",1,3058,791499,1,0,NA,3058,0,1,0,0,0,0,0,0,1,0,0,1,0,0,0,0
"GA",1,3059,563751,1,0,NA,3059,1,1,0,0,0,0,0,0,0,0,0,1,0,0,0,0
"GA",1,3060,791499,1,0,NA,3060,0,1,0,1,0,0,0,0,1,0,0,1,0,0,0,0
"GA",1,3061,628859,1,0,NA,3061,0,1,0,1,0,0,0,0,0,0,0,1,0,0,0,0
"GA",1,3062,791499,1,0,NA,3062,0,1,0,1,0,0,0,0,1,0,0,1,0,0,0,0
"GA",1,3063,858890,1,0,NA,3063,0,1,0,0,0,1,0,0,1,0,0,1,0,0,0,0
"GA",1,3064,631093,1,0,NA,3064,0,1,0,1,0,0,0,0,0,0,0,1,0,1,0,0
"GA",1,3065,563751,1,0,NA,3065,1,1,0,0,0,0,0,0,0,0,0,1,0,0,0,0
"GA",1,3066,628859,1,0,NA,3066,0,1,0,1,0,0,0,0,0,0,0,1,0,0,0,0
"GA",1,3067,794796,0,1,NA,3067,1,1,0,0,0,0,0,0,1,0,0,1,0,0,0,1
"GA",1,3068,645048,1,0,NA,3068,0,1,0,0,0,0,0,1,0,0,0,1,0,0,0,0
"GA",1,3069,858890,1,0,NA,3069,0,1,0,0,0,1,0,0,1,0,0,1,0,0,0,0
"GA",1,3070,858890,1,0,NA,3070,0,1,0,0,0,1,0,0,1,0,0,1,0,0,0,0
"GA",1,3071,628691,1,0,NA,3071,0,1,0,0,0,1,0,0,0,0,0,1,0,0,0,0
"GA",1,3072,791499,1,0,NA,3072,0,1,0,0,1,0,0,0,1,0,0,1,0,0,0,0
"GA",1,3073,791499,1,0,NA,3073,0,1,0,0,1,0,0,0,1,0,0,1,0,0,0,0
"GA",1,3074,788569,1,0,NA,3074,0,0,0,0,1,0,0,1,1,0,0,1,0,0,0,0
"GA",1,3075,628691,1,0,NA,3075,0,1,0,0,0,1,0,0,0,0,0,1,0,0,0,0
"GA",1,3076,455677,1,0,NA,3076,0,0,0,0,1,0,0,1,1,0,0,0,0,0,0,0
"GA",1,3077,858890,1,0,NA,3077,0,1,0,0,0,1,0,0,1,0,0,1,0,0,0,0
"GA",1,3078,877481,0,1,NA,3078,0,1,0,0,0,0,0,1,1,0,0,1,0,1,0,0
"GA",1,3079,772212,1,0,NA,3079,0,0,0,0,1,1,0,0,1,0,0,1,0,0,0,0
"GA",1,3080,712607,1,0,NA,3080,0,1,0,1,0,0,0,1,0,0,0,1,0,0,0,0
"GA",1,3081,791499,1,0,NA,3081,0,1,0,0,0,0,0,0,1,0,0,1,0,0,0,0
"GA",1,3082,908633,0,1,NA,3082,0,1,0,0,0,1,0,1,1,0,0,1,0,0,0,0
"GA",1,3083,714841,0,1,NA,3083,0,1,0,1,0,0,0,1,0,0,0,1,0,1,0,0
"GA",1,3084,858890,1,0,NA,3084,0,1,0,0,0,1,0,0,1,0,0,1,0,0,0,0
"GA",1,3085,913580,0,2,NA,3085,0,1,0,0,1,0,1,1,1,0,0,1,0,0,0,0
"GA",1,3086,858890,1,0,NA,3086,0,1,0,0,0,1,0,0,1,0,0,1,0,0,0,0
"GA",1,3087,875247,1,0,NA,3087,0,1,0,0,0,0,0,1,1,0,0,1,0,0,0,0
"GA",1,3088,875247,1,0,NA,3088,0,1,0,0,0,0,0,1,1,0,0,1,0,0,0,0
"GA",1,3089,903129,0,2,NA,3089,0,1,0,1,0,0,0,1,1,0,1,1,0,0,0,0
"GA",1,3090,741811,1,0,NA,3090,0,0,0,0,1,0,0,1,0,0,0,1,0,0,0,0
"GA",1,3091,791499,1,0,NA,3091,0,1,0,0,1,0,0,0,1,0,0,1,0,0,0,0
"GA",1,3092,908633,0,1,NA,3092,0,1,0,0,0,1,0,1,1,0,0,1,0,0,0,0
"GA",1,3093,858890,1,0,NA,3093,0,1,0,0,0,1,0,0,1,0,0,1,0,0,0,0
"GA",1,3094,858890,1,0,NA,3094,0,1,0,0,0,1,0,0,1,0,0,1,0,0,0,0
"GA",1,3095,791499,1,0,NA,3095,0,1,0,0,0,0,0,0,1,0,0,1,0,0,0,0
"GA",1,3096,858890,1,0,NA,3096,0,1,0,0,0,1,0,0,1,0,0,1,0,0,0,0
"GA",1,3097,858890,1,0,NA,3097,0,1,0,0,0,1,0,0,1,0,0,1,0,0,0,0
"GA",1,3098,712607,1,0,NA,3098,0,1,0,1,0,0,0,1,0,0,0,1,0,0,0,0
"GA",1,3099,628859,1,0,NA,3099,0,1,0,1,0,0,0,0,0,0,0,1,0,0,0,0
"GA",1,3100,821955,0,1,NA,3100,0,0,0,0,1,1,0,1,1,0,0,1,0,0,0,0
"GA",1,3101,876093,0,1,NA,3101,0,1,0,0,0,0,0,1,1,0,0,1,0,0,0,1
"GA",1,3102,792345,0,1,NA,3102,0,1,0,0,1,0,0,0,1,0,0,1,0,0,0,1
"GA",1,3103,628691,1,0,NA,3103,0,1,0,0,0,1,0,0,0,0,0,1,0,0,0,0
"GA",1,3104,791499,1,0,NA,3104,0,1,0,0,0,0,0,0,1,0,0,1,0,0,0,0
"GA",1,3105,819381,0,1,NA,3105,0,1,0,0,1,0,0,0,1,0,1,1,0,0,0,0
"GA",1,3106,790803,0,1,NA,3106,0,0,0,0,1,0,0,1,1,0,0,1,0,1,0,0
"GA",1,3107,796184,0,1,NA,3107,0,1,1,0,1,0,0,0,1,0,0,1,0,0,0,0
"GA",1,3108,851637,0,1,NA,3108,0,0,0,1,1,0,0,1,1,0,0,1,0,0,0,0
"GA",1,3109,565985,1,0,NA,3109,1,1,0,0,0,0,0,0,0,0,0,1,0,1,0,0
"GA",1,3110,858890,1,0,NA,3110,0,1,0,0,0,1,0,0,1,0,0,1,0,0,0,0
"GA",1,3111,645048,1,0,NA,3111,0,1,0,0,0,0,0,1,0,0,0,1,0,0,0,0
"GA",1,3112,628859,1,0,NA,3112,0,1,0,1,0,0,0,0,0,0,0,1,0,0,0,0
"GA",1,3113,802430,0,1,NA,3113,0,0,0,0,0,1,1,1,1,0,0,1,0,0,0,0
"GA",1,3114,712607,1,0,NA,3114,0,1,0,1,0,0,0,1,0,0,0,1,0,0,0,0
"GA",1,3115,791499,1,0,NA,3115,0,1,0,0,1,0,0,0,1,0,0,1,0,0,0,0
"GA",1,3116,875247,0,1,NA,3116,0,1,0,1,0,0,0,1,1,0,0,1,0,0,0,0
"GA",1,3117,796184,1,0,NA,3117,0,1,1,0,0,0,0,0,1,0,0,1,0,0,0,0
"GA",1,3118,629705,1,0,NA,3118,0,1,0,1,0,0,0,0,0,0,0,1,0,0,0,1
"GA",1,3119,819381,0,1,NA,3119,0,1,0,0,1,0,0,0,1,0,1,1,0,0,0,0
"GA",1,3120,738774,1,0,NA,3120,0,0,0,0,0,1,0,0,1,0,0,1,0,0,0,0
"GA",1,3121,875247,1,0,NA,3121,0,1,0,0,0,0,0,1,1,0,0,1,0,0,0,0
"GA",1,3122,628859,1,0,NA,3122,0,1,0,1,0,0,0,0,0,0,0,1,0,0,0,0
"GA",1,3123,875247,1,0,NA,3123,0,1,0,0,0,0,0,1,1,0,0,1,0,0,0,0
"GA",1,3124,793733,0,1,NA,3124,0,1,0,0,1,0,0,0,1,0,0,1,0,1,0,0
"GA",1,3125,913580,0,1,NA,3125,0,1,0,0,0,0,1,1,1,0,0,1,0,0,0,0
"GA",1,3126,858890,1,0,NA,3126,0,1,0,0,0,1,0,0,1,0,0,1,0,0,0,0
"GA",1,3127,791499,1,0,NA,3127,0,1,0,0,1,0,0,0,1,0,0,1,0,0,0,0
"GA",1,3128,791499,1,0,NA,3128,0,1,0,0,1,0,0,0,1,0,0,1,0,0,0,0
"GA",1,3129,561300,1,0,NA,3129,0,1,0,0,0,0,0,0,0,0,0,1,0,0,0,0
"GA",1,3130,796184,0,1,NA,3130,0,1,1,0,1,0,0,0,1,0,0,1,0,0,0,0
"GA",1,3131,712607,1,0,NA,3131,0,1,0,1,0,0,0,1,0,0,0,1,0,0,0,0
"GA",1,3132,875247,1,0,NA,3132,0,1,0,0,0,0,0,1,1,0,0,1,0,0,0,0
"GA",1,3133,908633,0,1,NA,3133,0,1,0,0,0,1,0,1,1,0,0,1,0,0,0,0
"GA",1,3134,769293,1,0,NA,3134,0,0,1,0,0,0,0,0,1,0,0,1,0,0,0,0
"GA",1,3135,792345,0,1,NA,3135,0,1,0,0,1,0,0,0,1,0,0,1,0,0,0,1
"GA",1,3136,875247,1,0,NA,3136,0,1,0,0,0,0,0,1,1,0,0,1,0,0,0,0
"GA",1,3137,741811,1,0,NA,3137,0,0,0,0,1,0,0,1,0,0,0,1,0,0,0,0
"GA",1,3138,791499,1,0,NA,3138,0,1,0,0,0,0,0,0,1,0,0,1,0,0,0,0
"GA",1,3139,791499,1,0,NA,3139,0,1,0,0,0,0,0,0,1,0,0,1,0,0,0,0
"GA",1,3140,628691,1,0,NA,3140,0,1,0,0,0,1,0,0,0,0,0,1,0,0,0,0
"GA",1,3141,836684,1,0,NA,3141,0,0,1,0,0,1,0,0,1,0,0,1,0,0,0,0
"GA",1,3142,712607,1,0,NA,3142,0,1,0,1,0,0,0,1,0,0,0,1,0,0,0,0
"GA",1,3143,824066,0,2,NA,3143,0,1,1,0,1,0,0,0,1,0,1,1,0,0,0,0
"GA",1,3144,628691,1,0,NA,3144,0,1,0,0,0,1,0,0,0,0,0,1,0,0,0,0
"GA",1,3145,791499,1,0,NA,3145,0,1,0,0,1,0,0,0,1,0,0,1,0,0,0,0
"GA",1,3146,908633,0,2,NA,3146,0,1,0,0,1,1,0,1,1,0,0,1,0,0,0,0
"GA",1,3147,772212,1,0,NA,3147,0,0,0,0,1,1,0,0,1,0,0,1,0,0,0,0
"GA",1,3148,821955,0,1,NA,3148,0,0,0,0,1,1,0,1,1,0,0,1,0,0,0,0
"GA",1,3149,853041,1,0,NA,3149,0,0,1,0,0,0,0,1,1,0,0,1,0,0,0,0
"GA",1,3150,875247,1,0,NA,3150,0,1,0,0,0,0,0,1,1,0,0,1,0,0,0,0
"GA",1,3151,858890,1,0,NA,3151,0,1,0,0,0,1,0,0,1,0,0,1,0,0,0,0
"GA",1,3152,908633,0,2,NA,3152,0,1,0,0,0,1,0,1,1,0,0,1,0,0,1,0
"GA",1,3153,824066,0,2,NA,3153,0,1,1,0,1,0,0,0,1,0,1,1,0,0,0,0
"GA",1,3154,791499,1,0,NA,3154,0,1,0,0,1,0,0,0,1,0,0,1,0,0,0,0
"GA",1,3155,788569,1,0,NA,3155,0,0,0,0,1,0,0,1,1,0,0,1,0,0,0,0
"GA",1,3156,859736,0,1,NA,3156,0,1,0,0,0,1,0,0,1,0,0,1,0,0,0,1
"GA",1,3157,628691,1,0,NA,3157,0,1,0,0,0,1,0,0,0,0,0,1,0,0,0,0
"GA",1,3158,858890,1,0,NA,3158,0,1,0,0,0,1,0,0,1,0,0,1,0,0,0,0
"GA",1,3159,879932,0,1,NA,3159,0,1,1,0,0,0,0,1,1,0,0,1,0,0,0,0
"GA",1,3160,875247,1,0,NA,3160,0,1,0,0,0,0,0,1,1,0,0,1,0,0,0,0
"GA",1,3161,796184,0,1,NA,3161,0,1,1,0,1,0,0,0,1,0,0,1,0,0,0,0
"GA",1,3162,909479,0,3,NA,3162,0,1,0,0,1,1,0,1,1,0,0,1,0,0,0,1
"GA",1,3163,628691,1,0,NA,3163,0,1,0,0,0,1,0,0,0,0,0,1,0,0,0,0
"GA",1,3164,875247,0,1,NA,3164,0,1,0,0,1,0,0,1,1,0,0,1,0,0,0,0
"GA",1,3165,791499,1,0,NA,3165,0,1,0,0,0,0,0,0,1,0,0,1,0,0,0,0
"GA",1,3166,858890,1,0,NA,3166,0,1,0,0,0,1,0,0,1,0,0,1,0,0,0,0
"GA",1,3167,908633,0,1,NA,3167,0,1,0,0,0,1,0,1,1,0,0,1,0,0,0,0
"GA",1,3168,791499,1,0,NA,3168,0,1,0,0,1,0,0,0,1,0,0,1,0,0,0,0
"GA",1,3169,858890,1,0,NA,3169,0,1,0,0,0,1,0,0,1,0,0,1,0,0,0,0
"GA",1,3170,828489,1,0,NA,3170,0,1,0,0,1,0,0,1,0,0,0,1,0,0,0,0
"GA",1,3171,791499,1,0,NA,3171,0,1,0,1,0,0,0,0,1,0,0,1,0,0,0,0
"GA",1,3172,875247,1,0,NA,3172,0,1,0,0,0,0,0,1,1,0,0,1,0,0,0,0
"GA",1,3173,875247,1,0,NA,3173,0,1,0,0,0,0,0,1,1,0,0,1,0,0,0,0
"GA",1,3174,791499,1,0,NA,3174,0,1,0,0,0,0,0,0,1,0,0,1,0,0,0,0
"GA",1,3175,738774,1,0,NA,3175,0,0,0,0,0,1,0,0,1,0,0,1,0,0,0,0
"GA",1,3176,628859,1,0,NA,3176,0,1,0,1,0,0,0,0,0,0,0,1,0,0,0,0
"GA",1,3177,628691,1,0,NA,3177,0,1,0,0,0,1,0,0,0,0,0,1,0,0,0,0
"GA",1,3178,824066,0,2,NA,3178,0,1,1,0,1,0,0,0,1,0,1,1,0,0,0,0
"GA",1,3179,913318,0,3,NA,3179,0,1,1,0,1,1,0,1,1,0,0,1,0,0,0,0
"GA",1,3180,645048,1,0,NA,3180,0,1,0,0,0,0,0,1,0,0,0,1,0,0,0,0
"GA",1,3181,791499,1,0,NA,3181,0,1,0,0,0,0,0,0,1,0,0,1,0,0,0,0
"GA",1,3182,791499,1,0,NA,3182,0,1,0,0,0,0,0,0,1,0,0,1,0,0,0,0
"GA",1,3183,791499,1,0,NA,3183,0,1,0,0,0,0,0,0,1,0,0,1,0,0,0,0
"GA",1,3184,875247,0,1,NA,3184,0,1,0,1,0,0,0,1,1,0,0,1,0,0,0,0
"GA",1,3185,791499,1,0,NA,3185,0,1,0,1,0,0,0,0,1,0,0,1,0,0,0,0
"GA",1,3186,875247,0,1,NA,3186,0,1,0,0,1,0,0,1,1,0,0,1,0,0,0,0
"GA",1,3187,628859,1,0,NA,3187,0,1,0,1,0,0,0,0,0,0,0,1,0,0,0,0
"GA",1,3188,712607,1,0,NA,3188,0,1,0,1,0,0,0,1,0,0,0,1,0,0,0,0
"GA",1,3189,791499,1,0,NA,3189,0,1,0,0,0,0,0,0,1,0,0,1,0,0,0,0
"GA",1,3190,738774,1,0,NA,3190,0,0,0,0,0,1,0,0,1,0,0,1,0,0,0,0
"GA",1,3191,533744,1,0,NA,3191,0,1,0,0,0,1,0,0,1,0,0,0,0,0,0,0
"GA",1,3192,791499,1,0,NA,3192,0,1,0,0,0,0,0,0,1,0,0,1,0,0,0,0
"GA",1,3193,828489,1,0,NA,3193,0,1,0,0,1,0,0,1,0,0,0,1,0,0,0,0
"GA",1,3194,712607,1,0,NA,3194,0,1,0,1,0,0,0,1,0,0,0,1,0,0,0,0
"GA",1,3195,875247,1,0,NA,3195,0,1,0,0,0,0,0,1,1,0,0,1,0,0,0,0
"GA",1,3196,788569,1,0,NA,3196,0,0,0,0,1,0,0,1,1,0,0,1,0,0,0,0
"GA",1,3197,791499,1,0,NA,3197,0,1,0,0,0,0,0,0,1,0,0,1,0,0,0,0
"GA",1,3198,824066,0,2,NA,3198,0,1,1,0,1,0,0,0,1,0,1,1,0,0,0,0
"GA",1,3199,479954,1,0,NA,3199,0,0,0,0,0,1,0,0,0,0,0,1,0,0,0,0
"GA",1,3200,628691,1,0,NA,3200,0,1,0,0,0,1,0,0,0,0,0,1,0,0,0,0
"GA",1,3201,908633,0,1,NA,3201,0,1,0,0,0,1,0,1,1,0,0,1,0,0,0,0
"GA",1,3202,791499,1,0,NA,3202,0,1,0,0,1,0,0,0,1,0,0,1,0,0,0,0
"GA",1,3203,791499,1,0,NA,3203,0,1,0,1,0,0,0,0,1,0,0,1,0,0,0,0
"GA",1,3204,796184,0,1,NA,3204,0,1,1,0,1,0,0,0,1,0,0,1,0,0,0,0
"GA",1,3205,837571,0,1,NA,3205,0,1,0,0,1,0,0,1,0,1,0,1,0,0,0,0
"GA",1,3206,875247,0,1,NA,3206,0,1,0,1,0,0,0,1,1,0,0,1,0,0,0,0
"GA",1,3207,875247,1,0,NA,3207,0,1,0,0,0,0,0,1,1,0,0,1,0,0,0,0
"GA",1,3208,645048,1,0,NA,3208,0,1,0,0,0,0,0,1,0,0,0,1,0,0,0,0
"GA",1,3209,791499,1,0,NA,3209,0,1,0,1,0,0,0,0,1,0,0,1,0,0,0,0
"GA",1,3210,908633,0,3,NA,3210,0,1,0,1,1,1,0,1,1,0,0,1,0,0,0,0
"GA",1,3211,791499,1,0,NA,3211,0,1,0,1,0,0,0,0,1,0,0,1,0,0,0,0
"GA",1,3212,828489,1,0,NA,3212,0,1,0,0,1,0,0,1,0,0,0,1,0,0,0,0
"GA",1,3213,875247,0,2,NA,3213,0,1,0,1,0,0,0,1,1,0,0,1,0,0,1,0
"GA",1,3214,796184,0,1,NA,3214,0,1,1,0,1,0,0,0,1,0,0,1,0,0,0,0
"GA",1,3215,875247,0,1,NA,3215,0,1,0,0,1,0,0,1,1,0,0,1,0,0,0,0
"GA",1,3216,913318,0,3,NA,3216,0,1,1,0,1,1,0,1,1,0,0,1,0,0,0,0
"GA",1,3217,791499,1,0,NA,3217,0,1,0,0,0,0,0,0,1,0,0,1,0,0,0,0
"GA",1,3218,875247,0,1,NA,3218,0,1,0,0,1,0,0,1,1,0,0,1,0,0,0,0
"GA",1,3219,628859,1,0,NA,3219,0,1,0,1,0,0,0,0,0,0,0,1,0,0,0,0
"GA",1,3220,822801,0,2,NA,3220,0,0,0,0,1,1,0,1,1,0,0,1,0,0,0,1
"GA",1,3221,791499,1,0,NA,3221,0,1,0,0,0,0,0,0,1,0,0,1,0,0,0,0
"GA",1,3222,875247,1,0,NA,3222,0,1,0,0,0,0,0,1,1,0,0,1,0,0,0,0
"GA",1,3223,908633,0,1,NA,3223,0,1,0,0,0,1,0,1,1,0,0,1,0,0,0,0
"GA",1,3224,628691,1,0,NA,3224,0,1,0,0,0,1,0,0,0,0,0,1,0,0,0,0
"GA",1,3225,791499,1,0,NA,3225,0,1,0,0,0,0,0,0,1,0,0,1,0,0,0,0
"GA",1,3226,755131,1,0,NA,3226,0,0,0,0,0,0,0,1,1,0,0,1,0,0,0,0
"GA",1,3227,791499,1,0,NA,3227,0,1,0,0,0,0,0,0,1,0,0,1,0,0,0,0
"GA",1,3228,791499,1,0,NA,3228,0,1,0,0,0,0,0,0,1,0,0,1,0,0,0,0
"GA",1,3229,875247,0,1,NA,3229,0,1,0,0,0,0,0,1,1,0,0,1,0,0,1,0
"GA",1,3230,875247,0,1,NA,3230,0,1,0,1,0,0,0,1,1,0,0,1,0,0,0,0
"GA",1,3231,628691,1,0,NA,3231,0,1,0,0,0,1,0,0,0,0,0,1,0,0,0,0
"GA",1,3232,875247,0,1,NA,3232,0,1,0,0,1,0,0,1,1,0,0,1,0,0,0,0
"GA",1,3233,875247,1,0,NA,3233,0,1,0,0,0,0,0,1,1,0,0,1,0,0,0,0
"GA",1,3234,875247,0,1,NA,3234,0,1,0,0,0,0,0,1,1,0,0,1,0,0,1,0
"GA",1,3235,879932,0,3,NA,3235,0,1,1,0,1,0,0,1,1,0,0,1,0,0,1,0
"GA",1,3236,877698,0,1,NA,3236,1,1,0,0,0,0,0,1,1,0,0,1,0,0,0,0
"GA",1,3237,791499,1,0,NA,3237,0,1,0,0,1,0,0,0,1,0,0,1,0,0,0,0
"GA",1,3238,913318,0,3,NA,3238,0,1,1,0,1,1,0,1,1,0,0,1,0,0,0,0
"GA",1,3239,908633,0,3,NA,3239,0,1,0,1,1,1,0,1,1,0,0,1,0,0,0,0
"GA",1,3240,741008,1,0,NA,3240,0,0,0,0,0,1,0,0,1,0,0,1,0,1,0,0
"GA",1,3241,832063,1,0,NA,3241,0,1,0,0,0,0,1,0,1,0,0,1,0,0,0,0
"GA",1,3242,791499,1,0,NA,3242,0,1,0,1,0,0,0,0,1,0,0,1,0,0,0,0
"GA",1,3243,678434,1,0,NA,3243,0,1,0,0,0,1,0,1,0,0,0,1,0,0,0,0
"GA",1,3244,908633,0,3,NA,3244,0,1,0,1,1,1,0,1,1,0,0,1,0,0,0,0
"GA",1,3245,791499,1,0,NA,3245,0,1,0,0,0,0,0,0,1,0,0,1,0,0,0,0
"GA",1,3246,875247,1,0,NA,3246,0,1,0,0,0,0,0,1,1,0,0,1,0,0,0,0
"GA",1,3247,875247,1,0,NA,3247,0,1,0,0,0,0,0,1,1,0,0,1,0,0,0,0
"GA",1,3248,791499,1,0,NA,3248,0,1,0,0,0,0,0,0,1,0,0,1,0,0,0,0
"GA",1,3249,791499,1,0,NA,3249,0,1,0,0,1,0,0,0,1,0,0,1,0,0,0,0
"GA",1,3250,866560,0,2,NA,3250,0,1,1,0,1,1,0,1,0,0,0,1,0,0,0,0
"GA",1,3251,791499,1,0,NA,3251,0,1,0,0,0,0,0,0,1,0,0,1,0,0,0,0
"GA",1,3252,791499,1,0,NA,3252,0,1,0,0,0,0,0,0,1,0,0,1,0,0,1,0
"GA",1,3253,908633,0,2,NA,3253,0,1,0,0,0,1,0,1,1,0,0,1,0,0,1,0
"GA",1,3254,755131,1,0,NA,3254,0,0,0,0,0,0,0,1,1,0,0,1,0,0,0,0
"GA",1,3255,875247,0,1,NA,3255,0,1,0,1,0,0,0,1,1,0,0,1,0,0,0,0
"GA",1,3256,791499,1,0,NA,3256,0,1,0,1,0,0,0,0,1,0,0,1,0,0,0,0
"GA",1,3257,496311,1,0,NA,3257,0,0,0,0,0,0,0,1,0,0,0,1,0,0,0,0
"GA",1,3258,791499,1,0,NA,3258,0,1,0,1,0,0,0,0,1,0,0,1,0,0,0,0
"GA",1,3259,791499,1,0,NA,3259,0,1,0,0,1,0,0,0,1,0,0,1,0,0,0,0
"GA",1,3260,628859,1,0,NA,3260,0,1,0,1,0,0,0,0,0,0,0,1,0,0,0,0
"GA",1,3261,875247,1,0,NA,3261,0,1,0,0,0,0,0,1,1,0,0,1,0,0,0,0
"GA",1,3262,908633,0,3,NA,3262,0,1,0,1,1,1,0,1,1,0,0,1,0,0,0,0
"GA",1,3263,875247,0,1,NA,3263,0,1,0,1,0,0,0,1,1,0,0,1,0,0,0,0
"GA",1,3264,908633,0,1,NA,3264,0,1,0,0,0,1,0,1,1,0,0,1,0,0,0,0
"GA",1,3265,628691,1,0,NA,3265,0,1,0,0,0,1,0,0,0,0,0,1,0,0,0,0
"GA",1,3266,583487,1,0,NA,3266,0,1,0,0,0,1,0,1,1,0,0,0,0,0,0,0
"GA",1,3267,828489,1,0,NA,3267,0,1,0,0,1,0,0,1,0,0,0,1,0,0,0,0
"GA",1,3268,671383,1,0,NA,3268,0,0,0,0,0,0,0,0,1,0,0,1,0,0,0,0
"GA",1,3269,875247,1,0,NA,3269,0,1,0,0,0,0,0,1,1,0,0,1,0,0,0,0
"GA",1,3270,791499,1,0,NA,3270,0,1,0,0,1,0,0,0,1,0,0,1,0,0,0,0
"GA",1,3271,791499,1,0,NA,3271,0,1,0,0,0,0,0,0,1,0,0,1,0,0,0,0
"GA",1,3272,886563,0,2,NA,3272,0,1,0,0,0,0,0,1,1,1,0,1,0,1,0,0
"GA",1,3273,875247,0,1,NA,3273,0,1,0,0,1,0,0,1,1,0,0,1,0,0,0,0
"GA",1,3274,908633,0,1,NA,3274,0,1,0,0,0,1,0,1,1,0,0,1,0,0,0,0
"GA",1,3275,875247,1,0,NA,3275,0,1,0,0,0,0,0,1,1,0,0,1,0,0,0,0
"GA",1,3276,791499,1,0,NA,3276,0,1,0,0,0,0,0,0,1,0,0,1,0,0,0,0
"GA",1,3277,875247,0,1,NA,3277,0,1,0,0,0,0,0,1,1,0,0,1,0,0,1,0
"GA",1,3278,875247,1,0,NA,3278,0,1,0,0,0,0,0,1,1,0,0,1,0,0,0,0
"GA",1,3279,875247,0,1,NA,3279,0,1,0,0,1,0,0,1,1,0,0,1,0,0,0,0
"GA",1,3280,628691,1,0,NA,3280,0,1,0,0,0,1,0,0,0,0,0,1,0,0,0,0
"GA",1,3281,744741,1,0,NA,3281,0,1,0,0,1,0,0,0,0,0,0,1,0,0,0,0
"GA",1,3282,755131,1,0,NA,3282,0,0,0,0,0,0,0,1,1,0,0,1,0,0,0,0
"GA",1,3283,791499,1,0,NA,3283,0,1,0,0,0,0,0,0,1,0,0,1,0,0,0,0
"GA",1,3284,875247,1,0,NA,3284,0,1,0,0,0,0,0,1,1,0,0,1,0,0,0,0
"GA",1,3285,858890,1,0,NA,3285,0,1,0,0,0,1,0,0,1,0,0,1,0,0,0,0
"GA",1,3286,875247,0,1,NA,3286,0,1,0,0,1,0,0,1,1,0,0,1,0,0,0,0
"GA",1,3287,875247,1,0,NA,3287,0,1,0,0,0,0,0,1,1,0,0,1,0,0,0,0
"GA",1,3288,791499,1,0,NA,3288,0,1,0,0,1,0,0,0,1,0,0,1,0,0,0,0
"GA",1,3289,858890,1,0,NA,3289,0,1,0,0,0,1,0,0,1,0,0,1,0,0,0,0
"GA",1,3290,917715,0,3,NA,3290,0,1,0,0,0,1,0,1,1,1,0,1,0,0,1,0
"GA",1,3291,738774,1,0,NA,3291,0,0,0,0,0,1,0,0,1,0,0,1,0,0,1,0
"GA",1,3292,910867,0,2,NA,3292,0,1,0,0,0,1,0,1,1,0,0,1,0,1,0,0
"GA",1,3293,875247,0,1,NA,3293,0,1,0,0,1,0,0,1,1,0,0,1,0,0,0,0
"GA",1,3294,908633,0,3,NA,3294,0,1,0,1,1,1,0,1,1,0,0,1,0,0,0,0
"GA",1,3295,875247,0,1,NA,3295,0,1,0,0,1,0,0,1,1,0,0,1,0,0,0,0
"GA",1,3296,738774,1,0,NA,3296,0,0,0,0,0,1,0,0,1,0,0,1,0,0,0,0
"GA",1,3297,908633,0,3,NA,3297,0,1,0,1,1,1,0,1,1,0,0,1,0,0,0,0
"GA",1,3298,832063,1,0,NA,3298,0,1,0,0,0,0,1,0,1,0,0,1,0,0,0,0
"GA",1,3299,791499,1,0,NA,3299,0,1,0,0,0,0,0,0,1,0,0,1,0,0,0,0
"GA",1,3300,791499,1,0,NA,3300,0,1,0,0,0,0,0,0,1,0,0,1,0,0,0,0
"GA",1,3301,875247,0,1,NA,3301,0,1,0,0,1,0,0,1,1,0,0,1,0,0,0,0
"GA",1,3302,876093,0,2,NA,3302,0,1,0,0,1,0,0,1,1,0,0,1,0,0,0,1
"GA",1,3303,791499,1,0,NA,3303,0,1,0,0,0,0,0,0,1,0,0,1,0,0,0,0
"GA",1,3304,671383,1,0,NA,3304,0,0,0,0,0,0,0,0,1,0,0,1,0,0,0,0
"GA",1,3305,628691,1,0,NA,3305,0,1,0,0,0,1,0,0,0,0,0,1,0,0,0,0
"GA",1,3306,917715,0,3,NA,3306,0,1,0,0,0,1,0,1,1,1,0,1,0,0,1,0
"GA",1,3307,628691,1,0,NA,3307,0,1,0,0,0,1,0,0,0,0,0,1,0,0,1,0
"GA",1,3308,791499,1,0,NA,3308,0,1,0,0,1,0,0,0,1,0,0,1,0,0,0,0
"GA",1,3309,832063,1,0,NA,3309,0,1,0,0,0,0,1,0,1,0,0,1,0,0,0,0
"GA",1,3310,496311,1,0,NA,3310,0,0,0,0,0,0,0,1,0,0,0,1,0,0,1,0
"GA",1,3311,628691,1,0,NA,3311,0,1,0,0,0,1,0,0,0,0,0,1,0,0,0,0
"GA",1,3312,917715,0,2,NA,3312,0,1,0,0,0,1,0,1,1,1,0,1,0,0,0,0
"GA",1,3313,704821,1,0,NA,3313,0,0,0,0,1,0,0,0,1,0,0,1,0,0,0,0
"GA",1,3314,738774,1,0,NA,3314,0,0,0,0,0,1,0,0,1,0,0,1,0,0,0,0
"GA",1,3315,875247,0,2,NA,3315,0,1,0,0,1,0,0,1,1,0,0,1,0,0,1,0
"GA",1,3316,791499,1,0,NA,3316,0,1,0,0,0,0,0,0,1,0,0,1,0,0,0,0
"GA",1,3317,628691,1,0,NA,3317,0,1,0,0,0,1,0,0,0,0,0,1,0,0,0,0
"GA",1,3318,791499,1,0,NA,3318,0,1,0,0,0,0,0,0,1,0,0,1,0,0,0,0
"GA",1,3319,628691,1,0,NA,3319,0,1,0,0,0,1,0,0,0,0,0,1,0,0,0,0
"GA",1,3320,875247,1,0,NA,3320,0,1,0,0,0,0,0,1,1,0,0,1,0,0,0,0
"GA",1,3321,875247,0,1,NA,3321,0,1,0,0,1,0,0,1,1,0,0,1,0,0,0,0
"GA",1,3322,791499,1,0,NA,3322,0,1,0,0,0,0,0,0,1,0,0,1,0,0,0,0
"GA",1,3323,875247,0,1,NA,3323,0,1,0,0,1,0,0,1,1,0,0,1,0,0,0,0
"GA",1,3324,908633,0,1,NA,3324,0,1,0,0,0,1,0,1,1,0,0,1,0,0,0,0
"GA",1,3325,908633,0,1,NA,3325,0,1,0,0,0,1,0,1,1,0,0,1,0,0,0,0
"GA",1,3326,875247,0,1,NA,3326,0,1,0,0,1,0,0,1,1,0,0,1,0,0,0,0
"GA",1,3327,875247,1,0,NA,3327,0,1,0,0,0,0,0,1,1,0,0,1,0,0,0,0
"GA",1,3328,884329,0,1,NA,3328,0,1,0,0,0,0,0,1,1,1,0,1,0,0,0,0
"GA",1,3329,791499,1,0,NA,3329,0,1,0,0,1,0,0,0,1,0,0,1,0,0,0,0
"GA",1,3330,819381,0,1,NA,3330,0,1,0,1,0,0,0,0,1,0,1,1,0,0,0,0
"GA",1,3331,917715,0,3,NA,3331,0,1,0,0,0,1,0,1,1,1,0,1,0,0,1,0
"GA",1,3332,908633,0,3,NA,3332,0,1,0,1,1,1,0,1,1,0,0,1,0,0,0,0
"GA",1,3333,791499,1,0,NA,3333,0,1,0,0,1,0,0,0,1,0,0,1,0,0,0,0
"GA",1,3334,791499,1,0,NA,3334,0,1,0,0,0,0,0,0,1,0,0,1,0,0,0,0
"GA",1,3335,875247,1,0,NA,3335,0,1,0,0,0,0,0,1,1,0,0,1,0,0,0,0
"GA",1,3336,832063,0,1,NA,3336,0,1,0,0,1,0,1,0,1,0,0,1,0,0,0,0
"GA",1,3337,628691,1,0,NA,3337,0,1,0,0,0,1,0,0,0,0,0,1,0,0,0,0
"GA",1,3338,791499,1,0,NA,3338,0,1,0,0,0,0,0,0,1,0,0,1,0,0,0,0
"GA",1,3339,875247,1,0,NA,3339,0,1,0,0,0,0,0,1,1,0,0,1,0,0,0,0
"GA",1,3340,628691,1,0,NA,3340,0,1,0,0,0,1,0,0,0,0,0,1,0,0,0,0
"GA",1,3341,628691,1,0,NA,3341,0,1,0,0,0,1,0,0,0,0,0,1,0,0,0,0
"GA",1,3342,875247,1,0,NA,3342,0,1,0,0,0,0,0,1,1,0,0,1,0,0,0,0
"GA",1,3343,876093,0,2,NA,3343,0,1,0,0,1,0,0,1,1,0,0,1,0,0,0,1
"GA",1,3344,791499,1,0,NA,3344,0,1,0,0,0,0,0,0,1,0,0,1,0,0,0,0
"GA",1,3345,738774,1,0,NA,3345,0,0,0,0,0,1,0,0,1,0,0,1,0,0,0,0
"GA",1,3346,908633,0,1,NA,3346,0,1,0,0,0,1,0,1,1,0,0,1,0,0,0,0
"GA",1,3347,875247,1,0,NA,3347,0,1,0,0,0,0,0,1,1,0,0,1,0,0,0,0
"GA",1,3348,791499,1,0,NA,3348,0,1,0,0,1,0,0,0,1,0,0,1,0,0,0,0
"GA",1,3349,858890,1,0,NA,3349,0,1,0,0,0,1,0,0,1,0,0,1,0,0,0,0
"GA",1,3350,678434,1,0,NA,3350,0,1,0,0,0,1,0,1,0,0,0,1,0,0,0,0
"GA",1,3351,917715,0,3,NA,3351,0,1,0,0,0,1,0,1,1,1,0,1,0,0,1,0
"GA",1,3352,628691,1,0,NA,3352,0,1,0,0,0,1,0,0,0,0,0,1,0,0,0,0
"GA",1,3353,917715,0,2,NA,3353,0,1,0,0,0,1,0,1,1,1,0,1,0,0,0,0
"GA",1,3354,628691,1,0,NA,3354,0,1,0,0,0,1,0,0,0,0,0,1,0,0,0,0
"GA",1,3355,917715,0,3,NA,3355,0,1,0,0,0,1,0,1,1,1,0,1,0,0,1,0
"GA",1,3356,875247,0,2,NA,3356,0,1,0,0,1,0,0,1,1,0,0,1,0,0,1,0
"GA",1,3357,858890,1,0,NA,3357,0,1,0,0,0,1,0,0,1,0,0,1,0,0,0,0
"GA",1,3358,877698,0,2,NA,3358,1,1,0,0,1,0,0,1,1,0,0,1,0,0,0,0
"GA",1,3359,816689,0,1,NA,3359,0,1,0,0,0,1,0,0,0,0,1,1,0,0,1,0
"GA",1,3360,908633,0,1,NA,3360,0,1,0,0,0,1,0,1,1,0,0,1,0,0,0,0
"GA",1,3361,628691,1,0,NA,3361,0,1,0,0,0,1,0,0,0,0,0,1,0,0,1,0
"GA",1,3362,908633,0,1,NA,3362,0,1,0,0,0,1,0,1,1,0,0,1,0,0,0,0
"GA",1,3363,755131,1,0,NA,3363,0,0,0,0,0,0,0,1,1,0,0,1,0,0,0,0
"GA",1,3364,875247,1,0,NA,3364,0,1,0,0,0,0,0,1,1,0,0,1,0,0,0,0
"GA",1,3365,628691,1,0,NA,3365,0,1,0,0,0,1,0,0,0,0,0,1,0,0,1,0
"GA",1,3366,633376,1,0,NA,3366,0,1,1,0,0,1,0,0,0,0,0,1,0,0,0,0
"GA",1,3367,858890,0,1,NA,3367,0,1,0,0,0,1,0,0,1,0,0,1,0,0,1,0
"GA",1,3368,755131,1,0,NA,3368,0,0,0,0,0,0,0,1,1,0,0,1,0,0,0,0
"GA",1,3369,496311,1,0,NA,3369,0,0,0,0,0,0,0,1,0,0,0,1,0,0,0,0
"GA",1,3370,875247,1,0,NA,3370,0,1,0,0,0,0,0,1,1,0,0,1,0,0,0,0
"GA",1,3371,791499,1,0,NA,3371,0,1,0,0,1,0,0,0,1,0,0,1,0,0,0,0
"GA",1,3372,908633,0,1,NA,3372,0,1,0,0,0,1,0,1,1,0,0,1,0,0,0,0
"GA",1,3373,496311,1,0,NA,3373,0,0,0,0,0,0,0,1,0,0,0,1,0,0,0,0
"GA",1,3374,791499,1,0,NA,3374,0,1,0,0,1,0,0,0,1,0,0,1,0,0,0,0
"GA",1,3375,858890,0,1,NA,3375,0,1,0,0,0,1,0,0,1,0,0,1,0,0,1,0
"GA",1,3376,875247,1,0,NA,3376,0,1,0,0,0,0,0,1,1,0,0,1,0,0,0,0
"GA",1,3377,744741,1,0,NA,3377,0,1,0,0,1,0,0,0,0,0,0,1,0,0,0,0
"GA",1,3378,908633,0,1,NA,3378,0,1,0,0,0,1,0,1,1,0,0,1,0,0,0,0
"GA",1,3379,875247,1,0,NA,3379,0,1,0,0,0,0,0,1,1,0,0,1,0,0,0,0
"GA",1,3380,830940,0,1,NA,3380,1,1,0,0,1,0,0,1,0,0,0,1,0,0,0,0
"GA",1,3381,858890,1,0,NA,3381,0,1,0,0,0,1,0,0,1,0,0,1,0,0,0,0
"GA",1,3382,903129,0,1,NA,3382,0,1,0,0,0,0,0,1,1,0,1,1,0,0,0,0
"GA",1,3383,738774,1,0,NA,3383,0,0,0,0,0,1,0,0,1,0,0,1,0,0,0,0
"GA",1,3384,738774,1,0,NA,3384,0,0,0,0,0,1,0,0,1,0,0,1,0,0,0,0
"GA",1,3385,628691,1,0,NA,3385,0,1,0,0,0,1,0,0,0,0,0,1,0,0,1,0
"GA",1,3386,791499,1,0,NA,3386,0,1,0,1,0,0,0,0,1,0,0,1,0,0,0,0
"GA",1,3387,872657,0,2,NA,3387,0,1,1,0,0,1,0,0,1,1,0,1,0,0,0,0
"GA",1,3388,917715,0,3,NA,3388,0,1,0,0,0,1,0,1,1,1,0,1,0,0,1,0
"GA",1,3389,908633,0,1,NA,3389,0,1,0,0,0,1,0,1,1,0,0,1,0,0,0,0
"GA",1,3390,645048,1,0,NA,3390,0,1,0,0,0,0,0,1,0,0,0,1,0,0,0,0
"GA",1,3391,633376,1,0,NA,3391,0,1,1,0,0,1,0,0,0,0,0,1,0,0,0,0
"GA",1,3392,832063,0,1,NA,3392,0,1,0,0,0,0,1,0,1,0,0,1,0,0,1,0
"GA",1,3393,858890,1,0,NA,3393,0,1,0,0,0,1,0,0,1,0,0,1,0,0,0,0
"GA",1,3394,875247,1,0,NA,3394,0,1,0,0,0,0,0,1,1,0,0,1,0,0,0,0
"GA",1,3395,479954,1,0,NA,3395,0,0,0,0,0,1,0,0,0,0,0,1,0,0,0,0
"GA",1,3396,875247,1,0,NA,3396,0,1,0,0,0,0,0,1,1,0,0,1,0,0,0,0
"GA",1,3397,628691,1,0,NA,3397,0,1,0,0,0,1,0,0,0,0,0,1,0,0,0,0
"GA",1,3398,858890,1,0,NA,3398,0,1,0,0,0,1,0,0,1,0,0,1,0,0,0,0
"GA",1,3399,917715,0,2,NA,3399,0,1,0,0,0,1,0,1,1,1,0,1,0,0,0,0
"GA",1,3400,908633,0,1,NA,3400,0,1,0,0,0,1,0,1,1,0,0,1,0,0,0,0
"GA",1,3401,835017,0,2,NA,3401,0,0,0,0,0,1,0,1,1,1,0,1,0,0,1,0
"GA",1,3402,678434,1,0,NA,3402,0,1,0,0,0,1,0,1,0,0,0,1,0,0,0,0
"GA",1,3403,858890,1,0,NA,3403,0,1,0,0,0,1,0,0,1,0,0,1,0,0,0,0
"GA",1,3404,908633,0,1,NA,3404,0,1,0,0,0,1,0,1,1,0,0,1,0,0,0,0
"GA",1,3405,628691,1,0,NA,3405,0,1,0,0,0,1,0,0,0,0,0,1,0,0,0,0
"GA",1,3406,466353,1,0,NA,3406,0,1,0,0,0,0,0,0,1,0,0,0,0,0,0,0
"GA",1,3407,875247,1,0,NA,3407,0,1,0,0,0,0,0,1,1,0,0,1,0,0,0,0
"GA",1,3408,441095,1,0,NA,3408,0,1,0,0,1,0,0,0,0,0,0,0,0,0,0,0
"GA",1,3409,678434,1,0,NA,3409,0,1,0,0,0,1,0,1,0,0,0,1,0,0,0,0
"GA",1,3410,858890,1,0,NA,3410,0,1,0,0,0,1,0,0,1,0,0,1,0,0,0,0
"GA",1,3411,496311,1,0,NA,3411,0,0,0,0,0,0,0,1,0,0,0,1,0,0,0,0
"GA",1,3412,903129,0,1,NA,3412,0,1,0,0,0,0,0,1,1,0,1,1,0,0,0,0
"GA",1,3413,628691,1,0,NA,3413,0,1,0,0,0,1,0,0,0,0,0,1,0,0,0,0
"GA",1,3414,788517,1,0,NA,3414,0,0,0,0,0,1,0,1,1,0,0,1,0,0,0,0
"GA",1,3415,875247,1,0,NA,3415,0,1,0,0,0,0,0,1,1,0,0,1,0,0,0,0
"GA",1,3416,908633,0,2,NA,3416,0,1,0,0,1,1,0,1,1,0,0,1,0,0,0,0
"GA",1,3417,832063,0,1,NA,3417,0,1,0,0,0,0,1,0,1,0,0,1,0,0,1,0
"GA",1,3418,628691,1,0,NA,3418,0,1,0,0,0,1,0,0,0,0,0,1,0,0,0,0
"GA",1,3419,917715,0,3,NA,3419,0,1,0,0,0,1,0,1,1,1,0,1,0,0,1,0
"GA",1,3420,479954,1,0,NA,3420,0,0,0,0,0,1,0,0,0,0,0,1,0,0,0,0
"GA",1,3421,788517,1,0,NA,3421,0,0,0,0,0,1,0,1,1,0,0,1,0,0,0,0
"GA",1,3422,917715,0,3,NA,3422,0,1,0,0,0,1,0,1,1,1,0,1,0,0,1,0
"GA",1,3423,791499,1,0,NA,3423,0,1,0,0,1,0,0,0,1,0,0,1,0,0,0,0
"GA",1,3424,879932,0,1,NA,3424,0,1,1,0,0,0,0,1,1,0,0,1,0,0,0,0
"GA",1,3425,876093,0,1,NA,3425,0,1,0,0,0,0,0,1,1,0,0,1,0,0,0,1
"GA",1,3426,875247,1,0,NA,3426,0,1,0,0,0,0,0,1,1,0,0,1,0,0,0,0
"GA",1,3427,875247,1,0,NA,3427,0,1,0,0,0,0,0,1,1,0,0,1,0,0,0,0
"GA",1,3428,645048,1,0,NA,3428,0,1,0,0,0,0,0,1,0,0,0,1,0,0,0,0
"GA",1,3429,628691,1,0,NA,3429,0,1,0,0,0,1,0,0,0,0,0,1,0,0,0,0
"GA",1,3430,628691,1,0,NA,3430,0,1,0,0,0,1,0,0,0,0,0,1,0,0,0,0
"GA",1,3431,633376,1,0,NA,3431,0,1,1,0,0,1,0,0,0,0,0,1,0,0,0,0
"GA",1,3432,678434,1,0,NA,3432,0,1,0,0,0,1,0,1,0,0,0,1,0,0,0,0
"GA",1,3433,479954,1,0,NA,3433,0,0,0,0,0,1,0,0,0,0,0,1,0,0,0,0
"GA",1,3434,875247,1,0,NA,3434,0,1,0,0,0,0,0,1,1,0,0,1,0,0,0,0
"GA",1,3435,496311,1,0,NA,3435,0,0,0,0,0,0,0,1,0,0,0,1,0,0,0,0
"GA",1,3436,628691,1,0,NA,3436,0,1,0,0,0,1,0,0,0,0,0,1,0,0,1,0
"GA",1,3437,791499,1,0,NA,3437,0,1,0,1,0,0,0,0,1,0,0,1,0,0,0,0
"GA",1,3438,628691,1,0,NA,3438,0,1,0,0,0,1,0,0,0,0,0,1,0,0,1,0
"GA",1,3439,908633,0,1,NA,3439,0,1,0,0,0,1,0,1,1,0,0,1,0,0,0,0
"GA",1,3440,791499,1,0,NA,3440,0,1,0,0,0,0,0,0,1,0,0,1,0,0,0,0
"GA",1,3441,875247,1,0,NA,3441,0,1,0,0,0,0,0,1,1,0,0,1,0,0,0,0
"GA",1,3442,858890,1,0,NA,3442,0,1,0,0,0,1,0,0,1,0,0,1,0,0,0,0
"GA",1,3443,628691,1,0,NA,3443,0,1,0,0,0,1,0,0,0,0,0,1,0,0,0,0
"GA",1,3444,791499,1,0,NA,3444,0,1,0,0,0,0,0,0,1,0,0,1,0,0,0,0
"GA",1,3445,259100,1,0,NA,3445,0,1,0,0,0,1,0,0,0,0,0,0,0,0,0,0
"GA",1,3446,680668,0,1,NA,3446,0,1,0,0,0,1,0,1,0,0,0,1,0,1,0,0
"GA",1,3447,875247,1,0,NA,3447,0,1,0,0,0,0,0,1,1,0,0,1,0,0,0,0
"GA",1,3448,875247,1,0,NA,3448,0,1,0,0,0,0,0,1,1,0,0,1,0,0,0,0
"GA",1,3449,628691,1,0,NA,3449,0,1,0,0,0,1,0,0,0,0,0,1,0,0,0,0
"GA",1,3450,593474,1,0,NA,3450,1,0,0,0,0,0,0,1,0,0,0,1,0,0,0,0
"GA",1,3451,875247,1,0,NA,3451,0,1,0,0,0,0,0,1,1,0,0,1,0,0,0,0
"GA",1,3452,788517,1,0,NA,3452,0,0,0,0,0,1,0,1,1,0,0,1,0,0,0,0
"GA",1,3453,686013,1,0,NA,3453,0,1,0,0,0,0,0,0,1,0,0,0,0,0,1,0
"GA",1,3454,858890,1,0,NA,3454,0,1,0,0,0,1,0,0,1,0,0,1,0,0,0,0
"GA",1,3455,863575,0,1,NA,3455,0,1,1,0,0,1,0,0,1,0,0,1,0,0,0,0
"GA",1,3456,466353,1,0,NA,3456,0,1,0,0,0,0,0,0,1,0,0,0,0,0,0,0
"GA",1,3457,875247,1,0,NA,3457,0,1,0,0,0,0,0,1,1,0,0,1,0,0,0,0
"GA",1,3458,821374,0,1,NA,3458,0,1,1,0,0,1,0,0,0,0,1,1,0,0,0,0
"GA",1,3459,791499,1,0,NA,3459,0,1,0,0,0,0,0,0,1,0,0,1,0,0,0,0
"GA",1,3460,628691,1,0,NA,3460,0,1,0,0,0,1,0,0,0,0,0,1,0,0,0,0
"GA",1,3461,593474,1,0,NA,3461,1,0,0,0,0,0,0,1,0,0,0,1,0,0,0,0
"GA",1,3462,628691,1,0,NA,3462,0,1,0,0,0,1,0,0,0,0,0,1,0,0,0,0
"GA",1,3463,555244,1,0,NA,3463,0,1,0,0,1,1,0,0,1,0,0,0,0,0,0,0
"GA",1,3464,908633,0,2,NA,3464,0,1,0,0,1,1,0,1,1,0,0,1,0,0,0,0
"GA",1,3465,884329,0,2,NA,3465,0,1,0,0,0,0,0,1,1,1,0,1,0,0,1,0
"GA",1,3466,755741,0,1,NA,3466,0,1,0,0,0,1,0,0,0,1,0,1,0,0,1,0
"GA",1,3467,678434,1,0,NA,3467,0,1,0,0,0,1,0,1,0,0,0,1,0,0,0,0
"GA",1,3468,630925,1,0,NA,3468,0,1,0,0,0,1,0,0,0,0,0,1,0,1,0,0
"GA",1,3469,628691,1,0,NA,3469,0,1,0,0,0,1,0,0,0,0,0,1,0,0,0,0
"GA",1,3470,908633,0,1,NA,3470,0,1,0,0,0,1,0,1,1,0,0,1,0,0,0,0
"GA",1,3471,791499,1,0,NA,3471,0,1,0,1,0,0,0,0,1,0,0,1,0,0,0,0
"GA",1,3472,875247,1,0,NA,3472,0,1,0,0,0,0,0,1,1,0,0,1,0,0,0,0
"GA",1,3473,875247,1,0,NA,3473,0,1,0,0,0,0,0,1,1,0,0,1,0,0,0,0
"GA",1,3474,633376,1,0,NA,3474,0,1,1,0,0,1,0,0,0,0,0,1,0,0,0,0
"GA",1,3475,496311,1,0,NA,3475,0,0,0,0,0,0,0,1,0,0,0,1,0,0,0,0
"GA",1,3476,791499,1,0,NA,3476,0,1,0,0,1,0,0,0,1,0,0,1,0,0,0,0
"GA",1,3477,744741,1,0,NA,3477,0,1,0,0,1,0,0,0,0,0,0,1,0,0,0,0
"GA",1,3478,645048,1,0,NA,3478,0,1,0,0,0,0,0,1,0,0,0,1,0,0,0,0
"GA",1,3479,712011,1,0,NA,3479,0,1,1,0,0,1,0,0,0,0,1,0,0,0,0,0
"GA",1,3480,875247,1,0,NA,3480,0,1,0,0,0,0,0,1,1,0,0,1,0,0,0,0
"GA",1,3481,744741,1,0,NA,3481,0,1,0,0,1,0,0,0,0,0,0,1,0,0,0,0
"GA",1,3482,800581,1,0,NA,3482,0,1,0,0,0,0,0,0,1,1,0,1,0,0,0,0
"GA",1,3483,508486,1,0,NA,3483,0,1,0,0,1,1,0,0,0,0,0,0,0,0,0,0
"GA",1,3484,744741,1,0,NA,3484,0,1,0,0,1,0,0,0,0,0,0,1,0,0,0,0
"GA",1,3485,83748,1,0,NA,3485,0,0,0,0,0,0,0,1,0,0,0,0,0,0,0,0
"GA",1,3486,628691,1,0,NA,3486,0,1,0,0,0,1,0,0,0,0,0,1,0,0,0,0
"GA",1,3487,628691,1,0,NA,3487,0,1,0,0,0,1,0,0,0,0,0,1,0,0,0,0
"GA",1,3488,861875,0,1,NA,3488,0,1,0,0,1,1,0,1,0,0,0,1,0,0,0,0
"GA",1,3489,466353,1,0,NA,3489,0,1,0,0,0,0,0,0,1,0,0,0,0,0,0,0
"GA",1,3490,875247,1,0,NA,3490,0,1,0,0,0,0,0,1,1,0,0,1,0,0,0,0
"GA",1,3491,791499,1,0,NA,3491,0,1,0,0,1,0,0,0,1,0,0,1,0,0,0,0
"GA",1,3492,628691,1,0,NA,3492,0,1,0,0,0,1,0,0,0,0,0,1,0,0,0,0
"GA",1,3493,908633,0,2,NA,3493,0,1,0,0,1,1,0,1,1,0,0,1,0,0,0,0
"GA",1,3494,744741,1,0,NA,3494,0,1,0,0,1,0,0,0,0,0,0,1,0,0,0,0
"GA",1,3495,259100,1,0,NA,3495,0,1,0,0,0,1,0,0,0,0,0,0,0,0,0,0
"GA",1,3496,858890,0,1,NA,3496,0,1,0,1,0,1,0,0,1,0,0,1,0,0,0,0
"GA",1,3497,479954,1,0,NA,3497,0,0,0,0,0,1,0,0,0,0,0,1,0,0,0,0
"GA",1,3498,908633,0,2,NA,3498,0,1,0,0,1,1,0,1,1,0,0,1,0,0,0,0
"GA",1,3499,875247,1,0,NA,3499,0,1,0,0,0,0,0,1,1,0,0,1,0,0,0,0
"GA",1,3500,550101,1,0,NA,3500,0,1,0,0,0,0,0,1,1,0,0,0,0,0,0,0
"GA",1,3501,387013,1,0,NA,3501,0,0,0,0,0,0,0,1,1,0,0,0,0,0,0,0
"GA",1,3502,875247,1,0,NA,3502,0,1,0,0,0,0,0,1,1,0,0,1,0,0,0,0
"GA",1,3503,686013,1,0,NA,3503,0,1,0,0,0,0,0,0,1,0,0,0,0,0,1,0
"GA",1,3504,875247,1,0,NA,3504,0,1,0,0,0,0,0,1,1,0,0,1,0,0,0,0
"GA",1,3505,686013,1,0,NA,3505,0,1,0,0,0,0,0,0,1,0,0,0,0,0,1,0
"GA",1,3506,875247,1,0,NA,3506,0,1,0,0,0,0,0,1,1,0,0,1,0,0,0,0
"GA",1,3507,496311,1,0,NA,3507,0,0,0,0,0,0,0,1,0,0,0,1,0,0,0,0
"GA",1,3508,645048,1,0,NA,3508,0,1,0,0,0,0,0,1,0,0,0,1,0,0,0,0
"GA",1,3509,466353,1,0,NA,3509,0,1,0,0,0,0,0,0,1,0,0,0,0,0,0,0
"GA",1,3510,861875,0,1,NA,3510,0,1,0,0,1,1,0,1,0,0,0,1,0,0,0,0
"GA",1,3511,875247,1,0,NA,3511,0,1,0,0,0,0,0,1,1,0,0,1,0,0,0,0
"GA",1,3512,466353,1,0,NA,3512,0,1,0,0,0,0,0,0,1,0,0,0,0,0,0,0
"GA",1,3513,858890,1,0,NA,3513,0,1,0,0,0,1,0,0,1,0,0,1,0,0,0,0
"GA",1,3514,680668,0,1,NA,3514,0,1,0,0,0,1,0,1,0,0,0,1,0,1,0,0
"GA",1,3515,628691,1,0,NA,3515,0,1,0,0,0,1,0,0,0,0,0,1,0,0,0,0
"GA",1,3516,791499,1,0,NA,3516,0,1,0,1,0,0,0,0,1,0,0,1,0,0,0,0
"GA",1,3517,671383,1,0,NA,3517,0,0,0,0,0,0,0,0,1,0,0,1,0,0,0,0
"GA",1,3518,875247,1,0,NA,3518,0,1,0,0,0,0,0,1,1,0,0,1,0,0,0,0
"GA",1,3519,533744,1,0,NA,3519,0,1,0,0,0,1,0,0,1,0,0,0,0,0,0,0
"GA",1,3520,875247,1,0,NA,3520,0,1,0,0,0,0,0,1,1,0,0,1,0,0,0,0
"GA",1,3521,628691,1,0,NA,3521,0,1,0,0,0,1,0,0,0,0,0,1,0,0,0,0
"GA",1,3522,791499,1,0,NA,3522,0,1,0,0,1,0,0,0,1,0,0,1,0,0,0,0
"GA",1,3523,875247,1,0,NA,3523,0,1,0,0,0,0,0,1,1,0,0,1,0,0,0,0
"GA",1,3524,466353,1,0,NA,3524,0,1,0,0,0,0,0,0,1,0,0,0,0,0,0,0
"GA",1,3525,275457,1,0,NA,3525,0,1,0,0,0,0,0,1,0,0,0,0,0,0,0,0
"GA",1,3526,680668,0,1,NA,3526,0,1,0,0,0,1,0,1,0,0,0,1,0,1,0,0
"GA",1,3527,628691,1,0,NA,3527,0,1,0,0,0,1,0,0,0,0,0,1,0,0,0,0
"GA",1,3528,875247,1,0,NA,3528,0,1,0,0,0,0,0,1,1,0,0,1,0,0,0,0
"GA",1,3529,791499,1,0,NA,3529,0,1,0,0,0,0,0,0,1,0,0,1,0,0,0,0
"GA",1,3530,875247,1,0,NA,3530,0,1,0,0,0,0,0,1,1,0,0,1,0,0,0,0
"GA",1,3531,645048,1,0,NA,3531,0,1,0,0,0,0,0,1,0,0,0,1,0,0,0,0
"GA",1,3532,744741,1,0,NA,3532,0,1,0,0,1,0,0,0,0,0,0,1,0,0,0,0
"GA",1,3533,861875,0,1,NA,3533,0,1,0,0,1,1,0,1,0,0,0,1,0,0,0,0
"GA",1,3534,875247,1,0,NA,3534,0,1,0,0,0,0,0,1,1,0,0,1,0,0,0,0
"GA",1,3535,496311,1,0,NA,3535,0,0,0,0,0,0,0,1,0,0,0,1,0,0,0,0
"GA",1,3536,791499,1,0,NA,3536,0,1,0,0,0,0,0,0,1,0,0,1,0,0,0,0
"GA",1,3537,744741,1,0,NA,3537,0,1,0,0,1,0,0,0,0,0,0,1,0,0,0,0
"GA",1,3538,858890,1,0,NA,3538,0,1,0,0,0,1,0,0,1,0,0,1,0,0,0,0
"GA",1,3539,755131,1,0,NA,3539,0,0,0,0,0,0,0,1,1,0,0,1,0,0,0,0
"GA",1,3540,680668,0,1,NA,3540,0,1,0,0,0,1,0,1,0,0,0,1,0,1,0,0
"GA",1,3541,744741,1,0,NA,3541,0,1,0,0,1,0,0,0,0,0,0,1,0,0,0,0
"GA",1,3542,704821,1,0,NA,3542,0,0,0,0,1,0,0,0,1,0,0,1,0,0,0,0
"GA",1,3543,546812,1,0,NA,3543,0,1,0,1,0,1,0,0,1,0,0,0,0,0,0,0
"GA",1,3544,885175,0,1,NA,3544,0,1,0,0,0,0,0,1,1,0,0,1,1,0,0,0
"GA",1,3545,686013,1,0,NA,3545,0,1,0,0,0,0,0,0,1,0,0,0,0,0,1,0
"GA",1,3546,755131,1,0,NA,3546,0,0,0,0,0,0,0,1,1,0,0,1,0,0,0,0
"GA",1,3547,686013,1,0,NA,3547,0,1,0,0,0,0,0,0,1,0,0,0,0,0,1,0
"GA",1,3548,628691,1,0,NA,3548,0,1,0,0,0,1,0,0,0,0,0,1,0,0,0,0
"GA",1,3549,877481,0,1,NA,3549,0,1,0,0,0,0,0,1,1,0,0,1,0,1,0,0
"GA",1,3550,259100,1,0,NA,3550,0,1,0,0,0,1,0,0,0,0,0,0,0,0,0,0
"GA",1,3551,678434,1,0,NA,3551,0,1,0,0,0,1,0,1,0,0,0,1,0,0,0,0
"GA",1,3552,392562,1,0,NA,3552,0,0,0,0,1,1,0,0,0,0,0,0,0,0,0,0
"GA",1,3553,908633,0,1,NA,3553,0,1,0,0,0,1,0,1,1,0,0,1,0,0,0,0
"GA",1,3554,791499,1,0,NA,3554,0,1,0,1,0,0,0,0,1,0,0,1,0,0,0,0
"GA",1,3555,861875,0,2,NA,3555,0,1,0,0,1,1,0,1,0,0,0,1,0,0,1,0
"GA",1,3556,645048,1,0,NA,3556,0,1,0,0,0,0,0,1,0,0,0,1,0,0,0,0
"GA",1,3557,908633,0,2,NA,3557,0,1,0,0,1,1,0,1,1,0,0,1,0,0,0,0
"GA",1,3558,875247,0,1,NA,3558,0,1,0,0,1,0,0,1,1,0,0,1,0,0,0,0
"GA",1,3559,908633,0,2,NA,3559,0,1,0,0,1,1,0,1,1,0,0,1,0,0,0,0
"GA",1,3560,755131,1,0,NA,3560,0,0,0,0,0,0,0,1,1,0,0,1,0,0,0,0
"GA",1,3561,875247,0,1,NA,3561,0,1,0,0,1,0,0,1,1,0,0,1,0,0,0,0
"GA",1,3562,800581,1,0,NA,3562,0,1,0,0,0,0,0,0,1,1,0,1,0,0,0,0
"GA",1,3563,561300,1,0,NA,3563,0,1,0,0,0,0,0,0,0,0,0,1,0,0,0,0
"GA",1,3564,705594,1,0,NA,3564,0,1,0,0,0,0,0,1,1,0,1,0,0,0,0,0
"GA",1,3565,858890,1,0,NA,3565,0,1,0,0,0,1,0,0,1,0,0,1,0,0,0,0
"GA",1,3566,875247,1,0,NA,3566,0,1,0,0,0,0,0,1,1,0,0,1,0,0,0,0
"GA",1,3567,791499,1,0,NA,3567,0,1,0,0,0,0,0,0,1,0,0,1,0,0,0,0
"GA",1,3568,800581,1,0,NA,3568,0,1,0,0,0,0,0,0,1,1,0,1,0,0,0,0
"GA",1,3569,875247,0,1,NA,3569,0,1,0,0,0,0,0,1,1,0,0,1,0,0,1,0
"GA",1,3570,755131,1,0,NA,3570,0,0,0,0,0,0,0,1,1,0,0,1,0,0,0,0
"GA",1,3571,561300,1,0,NA,3571,0,1,0,0,0,0,0,0,0,0,0,1,0,0,0,0
"GA",1,3572,791499,1,0,NA,3572,0,1,0,0,0,0,0,0,1,0,0,1,0,0,0,0
"GA",1,3573,755131,1,0,NA,3573,0,0,0,0,0,0,0,1,1,0,0,1,0,0,0,0
"GA",1,3574,392562,1,0,NA,3574,0,0,0,0,1,1,0,0,0,0,0,0,0,0,0,0
"GA",1,3575,864109,0,2,NA,3575,0,1,0,0,1,1,0,1,0,0,0,1,0,1,0,0
"GA",1,3576,875247,1,0,NA,3576,0,1,0,0,0,0,0,1,1,0,0,1,0,0,0,0
"GA",1,3577,917715,0,3,NA,3577,0,1,0,0,1,1,0,1,1,1,0,1,0,0,0,0
"GA",1,3578,791499,1,0,NA,3578,0,1,0,0,0,0,0,0,1,0,0,1,0,0,0,0
"GA",1,3579,612222,1,0,NA,3579,0,0,0,0,1,1,0,0,0,0,0,0,0,0,1,0
"GA",1,3580,672876,1,0,NA,3580,0,1,0,0,0,0,0,1,1,1,0,0,0,0,0,0
"GA",1,3581,701028,1,0,NA,3581,1,1,0,0,0,0,0,0,1,0,0,0,0,0,1,0
"GA",1,3582,275457,1,0,NA,3582,0,1,0,0,0,0,0,1,0,0,0,0,0,0,0,0
"GA",1,3583,875247,0,1,NA,3583,0,1,0,0,1,0,0,1,1,0,0,1,0,0,0,0
"GA",1,3584,686013,1,0,NA,3584,0,1,0,0,0,0,0,0,1,0,0,0,0,0,1,0
"GA",1,3585,645048,1,0,NA,3585,0,1,0,0,0,0,0,1,0,0,0,1,0,0,0,0
"GA",1,3586,875247,1,0,NA,3586,0,1,0,0,0,0,0,1,1,0,0,1,0,0,0,0
"GA",1,3587,908633,0,2,NA,3587,0,1,0,0,1,1,0,1,1,0,0,1,0,0,0,0
"GA",1,3588,875247,1,0,NA,3588,0,1,0,0,0,0,0,1,1,0,0,1,0,0,0,0
"GA",1,3589,744741,1,0,NA,3589,0,1,0,0,1,0,0,0,0,0,0,1,0,0,0,0
"GA",1,3590,686013,1,0,NA,3590,0,1,0,0,0,0,0,0,1,0,0,0,0,0,1,0
"GA",1,3591,875247,0,1,NA,3591,0,1,0,0,1,0,0,1,1,0,0,1,0,0,0,0
"GA",1,3592,875247,0,1,NA,3592,0,1,0,0,1,0,0,1,1,0,0,1,0,0,0,0
"GA",1,3593,791499,1,0,NA,3593,0,1,0,1,0,0,0,0,1,0,0,1,0,0,0,0
"GA",1,3594,645048,1,0,NA,3594,0,1,0,0,0,0,0,1,0,0,0,1,0,0,0,0
"GA",1,3595,487853,1,0,NA,3595,0,1,0,0,1,0,0,0,1,0,0,0,0,0,0,0
"GA",1,3596,496311,1,0,NA,3596,0,0,0,0,0,0,0,1,0,0,0,1,0,0,0,0
"GA",1,3597,884329,0,1,NA,3597,0,1,0,0,0,0,0,1,1,1,0,1,0,0,0,0
"GA",1,3598,628691,1,0,NA,3598,0,1,0,0,0,1,0,0,0,0,0,1,0,0,0,0
"GA",1,3599,466353,1,0,NA,3599,0,1,0,0,0,0,0,0,1,0,0,0,0,0,0,0
"GA",1,3600,696250,1,0,NA,3600,0,1,0,1,0,1,0,0,0,0,0,1,0,0,0,0
"GA",1,3601,858890,1,0,NA,3601,0,1,0,0,0,1,0,0,1,0,0,1,0,0,0,0
"GA",1,3602,791499,1,0,NA,3602,0,1,0,1,0,0,0,0,1,0,0,1,0,0,0,0
"GA",1,3603,755131,1,0,NA,3603,0,0,0,0,0,0,0,1,1,0,0,1,0,0,0,0
"GA",1,3604,561300,1,0,NA,3604,0,1,0,0,0,0,0,0,0,0,0,1,0,0,0,0
"GA",1,3605,858890,1,0,NA,3605,0,1,0,0,0,1,0,0,1,0,0,1,0,0,0,0
"GA",1,3606,791499,1,0,NA,3606,0,1,0,1,0,0,0,0,1,0,0,1,0,0,0,0
"GA",1,3607,875247,1,0,NA,3607,0,1,0,0,0,0,0,1,1,0,0,1,0,0,0,0
"GA",1,3608,791499,1,0,NA,3608,0,1,0,1,0,0,0,0,1,0,0,1,0,0,0,0
"GA",1,3609,645048,1,0,NA,3609,0,1,0,0,0,0,0,1,0,0,0,1,0,0,0,0
"GA",1,3610,412563,1,0,NA,3610,0,0,0,0,0,0,0,0,0,0,0,1,0,0,0,0
"GA",1,3611,875247,1,0,NA,3611,0,1,0,0,0,0,0,1,1,0,0,1,0,0,0,0
"GA",1,3612,744741,1,0,NA,3612,0,1,0,0,1,0,0,0,0,0,0,1,0,0,0,0
"GA",1,3613,487853,1,0,NA,3613,0,1,0,0,1,0,0,0,1,0,0,0,0,0,0,0
"GA",1,3614,744741,1,0,NA,3614,0,1,0,0,1,0,0,0,0,0,0,1,0,0,0,0
"GA",1,3615,884329,0,1,NA,3615,0,1,0,0,0,0,0,1,1,1,0,1,0,0,0,0
"GA",1,3616,875247,0,1,NA,3616,0,1,0,0,1,0,0,1,1,0,0,1,0,0,0,0
"GA",1,3617,875247,1,0,NA,3617,0,1,0,0,0,0,0,1,1,0,0,1,0,0,0,0
"GA",1,3618,604143,1,0,NA,3618,1,1,0,0,0,0,0,0,1,1,0,0,0,0,0,0
"GA",1,3619,550101,1,0,NA,3619,0,1,0,0,0,0,0,1,1,0,0,0,0,0,0,0
"GA",1,3620,496311,1,0,NA,3620,0,0,0,0,0,0,0,1,0,0,0,1,0,0,1,0
"GA",1,3621,875247,1,0,NA,3621,0,1,0,0,0,0,0,1,1,0,0,1,0,0,0,0
"GA",1,3622,791499,1,0,NA,3622,0,1,0,0,0,0,0,0,1,0,0,1,0,0,0,0
"GA",1,3623,875247,1,0,NA,3623,0,1,0,0,0,0,0,1,1,0,0,1,0,0,0,0
"GA",1,3624,875247,0,1,NA,3624,0,1,0,0,1,0,0,1,1,0,0,1,0,0,0,0
"GA",1,3625,672876,1,0,NA,3625,0,1,0,0,0,0,0,1,1,1,0,0,0,0,0,0
"GA",1,3626,858890,1,0,NA,3626,0,1,0,0,0,1,0,0,1,0,0,1,0,0,0,0
"GA",1,3627,675417,1,0,NA,3627,0,1,0,0,0,0,0,1,0,0,0,0,1,0,0,0
"GA",1,3628,728146,1,0,NA,3628,0,1,0,0,1,1,0,0,0,0,0,0,0,0,1,0
"GA",1,3629,755131,1,0,NA,3629,0,0,0,0,0,0,0,1,1,0,0,1,0,0,0,0
"GA",1,3630,744741,1,0,NA,3630,0,1,0,0,1,0,0,0,0,0,0,1,0,0,0,0
"GA",1,3631,561300,1,0,NA,3631,0,1,0,0,0,0,0,0,0,0,0,1,0,0,0,0
"GA",1,3632,791499,1,0,NA,3632,0,1,0,0,0,0,0,0,1,0,0,1,0,0,0,0
"GA",1,3633,645048,1,0,NA,3633,0,1,0,0,0,0,0,1,0,0,0,1,0,0,0,0
"GA",1,3634,672876,1,0,NA,3634,0,1,0,0,0,0,0,1,1,1,0,0,0,0,0,0
"GA",1,3635,791499,1,0,NA,3635,0,1,0,0,0,0,0,0,1,0,0,1,0,0,0,0
"GA",1,3636,755131,1,0,NA,3636,0,0,0,0,0,0,0,1,1,0,0,1,0,0,0,0
"GA",1,3637,645048,1,0,NA,3637,0,1,0,0,0,0,0,1,0,0,0,1,0,0,0,0
"GA",1,3638,755131,1,0,NA,3638,0,0,0,0,0,0,0,1,1,0,0,1,0,0,0,0
"GA",1,3639,791499,1,0,NA,3639,0,1,0,0,0,0,0,0,1,0,0,1,0,0,0,0
"GA",1,3640,791499,1,0,NA,3640,0,1,0,1,0,0,0,0,1,0,0,1,0,0,0,0
"GA",1,3641,791499,1,0,NA,3641,0,1,0,0,0,0,0,0,1,0,0,1,0,0,0,0
"GA",1,3642,791499,1,0,NA,3642,0,1,0,1,0,0,0,0,1,0,0,1,0,0,0,0
"GA",1,3643,858890,1,0,NA,3643,0,1,0,0,0,1,0,0,1,0,0,1,0,0,0,0
"GA",1,3644,550101,1,0,NA,3644,0,1,0,0,0,0,0,1,1,0,0,0,0,0,0,0
"GA",1,3645,672876,1,0,NA,3645,0,1,0,0,0,0,0,1,1,1,0,0,0,0,0,0
"GA",1,3646,755131,1,0,NA,3646,0,0,0,0,0,0,0,1,1,0,0,1,0,0,0,0
"GA",1,3647,561300,1,0,NA,3647,0,1,0,0,0,0,0,0,0,0,0,1,0,0,0,0
"GA",1,3648,791499,1,0,NA,3648,0,1,0,0,0,0,0,0,1,0,0,1,0,0,0,0
"GA",1,3649,728146,1,0,NA,3649,0,1,0,0,1,1,0,0,0,0,0,0,0,0,1,0
"GA",1,3650,604143,1,0,NA,3650,1,1,0,0,0,0,0,0,1,1,0,0,0,0,0,0
"GA",1,3651,791499,1,0,NA,3651,0,1,0,0,0,0,0,0,1,0,0,1,0,0,0,0
"GA",1,3652,275457,1,0,NA,3652,0,1,0,0,0,0,0,1,0,0,0,0,0,0,0,0
"GA",1,3653,755131,1,0,NA,3653,0,0,0,0,0,0,0,1,1,0,0,1,0,0,0,0
"GA",1,3654,550101,1,0,NA,3654,0,1,0,0,0,0,0,1,1,0,0,0,0,0,0,0
"GA",1,3655,858890,1,0,NA,3655,0,1,0,0,0,1,0,0,1,0,0,1,0,0,0,0
"GA",1,3656,858890,1,0,NA,3656,0,1,0,0,0,1,0,0,1,0,0,1,0,0,0,0
"GA",1,3657,412563,1,0,NA,3657,0,0,0,0,0,0,0,0,0,0,0,1,0,0,0,0
"GA",1,3658,744741,1,0,NA,3658,0,1,0,0,1,0,0,0,0,0,0,1,0,0,0,0
"GA",1,3659,819381,1,0,NA,3659,0,1,0,0,0,0,0,0,1,0,1,1,0,0,0,0
"GA",1,3660,858890,0,1,NA,3660,0,1,0,0,1,1,0,0,1,0,0,1,0,0,0,0
"GA",1,3661,788863,1,0,NA,3661,0,1,0,0,0,0,0,0,1,0,0,0,1,0,0,0
"GA",1,3662,675417,1,0,NA,3662,0,1,0,0,0,0,0,1,0,0,0,0,1,0,0,0
"GA",1,3663,875247,1,0,NA,3663,0,1,0,0,0,0,0,1,1,0,0,1,0,0,0,0
"GA",1,3664,791499,1,0,NA,3664,0,1,0,0,0,0,0,0,1,0,0,1,0,0,0,0
"GA",1,3665,561300,1,0,NA,3665,0,1,0,0,0,0,0,0,0,0,0,1,0,0,0,0
"GA",1,3666,606673,1,0,NA,3666,0,0,0,0,0,0,0,1,1,0,0,0,0,0,1,0
"GA",1,3667,697968,1,0,NA,3667,0,1,0,0,0,0,1,0,0,0,0,1,0,0,0,0
"GA",1,3668,875247,1,0,NA,3668,0,1,0,0,0,0,0,1,1,0,0,1,0,0,0,0
"GA",1,3669,411369,1,0,NA,3669,0,1,0,0,0,0,0,0,0,0,0,0,0,0,1,0
"GA",1,3670,656519,1,0,NA,3670,0,1,0,0,0,1,0,0,1,1,0,0,0,0,0,0
"GA",1,3671,793950,1,0,NA,3671,1,1,0,0,0,0,0,0,1,0,0,1,0,0,0,0
"GA",1,3672,875247,1,0,NA,3672,0,1,0,0,0,0,0,1,1,0,0,1,0,0,0,0
"GA",1,3673,645048,1,0,NA,3673,0,1,0,0,0,0,0,1,0,0,0,1,0,0,0,0
"GA",1,3674,875247,1,0,NA,3674,0,1,0,0,0,0,0,1,1,0,0,1,0,0,0,0
"GA",1,3675,411369,1,0,NA,3675,0,1,0,0,0,0,0,0,0,0,0,0,0,0,1,0
"GA",1,3676,561300,1,0,NA,3676,0,1,0,0,0,0,0,0,0,0,0,1,0,0,0,0
"GA",1,3677,791499,1,0,NA,3677,0,1,0,0,0,0,0,0,1,0,0,1,0,0,0,0
"GA",1,3678,791499,1,0,NA,3678,0,1,0,1,0,0,0,0,1,0,0,1,0,0,0,0
"GA",1,3679,875247,0,1,NA,3679,0,1,0,0,0,0,0,1,1,0,0,1,0,0,1,0
"GA",1,3680,875247,1,0,NA,3680,0,1,0,0,0,0,0,1,1,0,0,1,0,0,0,0
"GA",1,3681,858890,1,0,NA,3681,0,1,0,0,0,1,0,0,1,0,0,1,0,0,0,0
"GA",1,3682,788863,1,0,NA,3682,0,1,0,0,0,0,0,0,1,0,0,0,1,0,0,0
"GA",1,3683,875247,1,0,NA,3683,0,1,0,0,0,0,0,1,1,0,0,1,0,0,0,0
"GA",1,3684,875247,1,0,NA,3684,0,1,0,0,0,0,0,1,1,0,0,1,0,0,0,0
"GA",1,3685,791499,1,0,NA,3685,0,1,0,1,0,0,0,0,1,0,0,1,0,0,0,0
"GA",1,3686,875247,1,0,NA,3686,0,1,0,0,0,0,0,1,1,0,0,1,0,0,0,0
"GA",1,3687,755131,1,0,NA,3687,0,0,0,0,0,0,0,1,1,0,0,1,0,0,0,0
"GA",1,3688,744741,1,0,NA,3688,0,1,0,0,1,0,0,0,0,0,0,1,0,0,0,0
"GA",1,3689,858890,1,0,NA,3689,0,1,0,0,0,1,0,0,1,0,0,1,0,0,0,0
"GA",1,3690,558229,1,0,NA,3690,0,1,0,0,1,1,0,1,0,0,0,0,0,0,0,0
"GA",1,3691,819381,1,0,NA,3691,0,1,0,0,0,0,0,0,1,0,1,1,0,0,0,0
"GA",1,3692,275457,1,0,NA,3692,0,1,0,0,0,0,0,1,0,0,0,0,0,0,0,0
"GA",1,3693,877698,0,1,NA,3693,1,1,0,0,0,0,0,1,1,0,0,1,0,0,0,0
"GA",1,3694,875247,1,0,NA,3694,0,1,0,0,0,0,0,1,1,0,0,1,0,0,0,0
"GA",1,3695,791499,1,0,NA,3695,0,1,0,0,0,0,0,0,1,0,0,1,0,0,0,0
"GA",1,3696,484584,1,0,NA,3696,0,0,0,0,0,0,0,0,1,1,0,0,0,0,0,0
"GA",1,3697,645048,1,0,NA,3697,0,1,0,0,0,0,0,1,0,0,0,1,0,0,0,0
"GA",1,3698,875247,1,0,NA,3698,0,1,0,0,0,0,0,1,1,0,0,1,0,0,0,0
"GA",1,3699,875247,1,0,NA,3699,0,1,0,0,0,0,0,1,1,0,0,1,0,0,0,0
"GA",1,3700,791499,1,0,NA,3700,0,1,0,0,0,0,0,0,1,0,0,1,0,0,0,0
"GA",1,3701,645048,1,0,NA,3701,0,1,0,0,0,0,0,1,0,0,0,1,0,0,0,0
"GA",1,3702,561300,1,0,NA,3702,0,1,0,0,0,0,0,0,0,0,0,1,0,0,0,0
"GA",1,3703,875247,0,1,NA,3703,0,1,0,0,0,0,0,1,1,0,0,1,0,0,1,0
"GA",1,3704,819381,1,0,NA,3704,0,1,0,0,0,0,0,0,1,0,1,1,0,0,0,0
"GA",1,3705,819381,1,0,NA,3705,0,1,0,0,0,0,0,0,1,0,1,1,0,0,0,0
"GA",1,3706,791499,1,0,NA,3706,0,1,0,0,0,0,0,0,1,0,0,1,0,0,0,0
"GA",1,3707,858890,1,0,NA,3707,0,1,0,0,0,1,0,0,1,0,0,1,0,0,0,0
"GA",1,3708,791499,1,0,NA,3708,0,1,0,0,0,0,0,0,1,0,0,1,0,0,0,0
"GA",1,3709,412563,1,0,NA,3709,0,0,0,0,0,0,0,0,0,0,0,1,0,0,0,0
"GA",1,3710,466353,1,0,NA,3710,0,1,0,0,0,0,0,0,1,0,0,0,0,0,0,0
"GA",1,3711,629692,1,0,NA,3711,0,1,0,0,0,0,1,0,1,1,0,0,0,0,0,0
"GA",1,3712,675417,1,0,NA,3712,0,1,0,0,0,0,0,1,0,0,0,0,1,0,0,0
"GA",1,3713,387013,1,0,NA,3713,0,0,0,0,0,0,0,1,1,0,0,0,0,0,0,0
"GA",1,3714,645048,1,0,NA,3714,0,1,0,0,0,0,0,1,0,0,0,1,0,0,0,0
"GA",1,3715,755131,1,0,NA,3715,0,0,0,0,0,0,0,1,1,0,0,1,0,0,0,0
"GA",1,3716,791499,1,0,NA,3716,0,1,0,0,0,0,0,0,1,0,0,1,0,0,0,0
