"generation","best_feasible","penalty_weight","instance","seed"
1,12771368,0.1,1,1001
2,12771368,0.1,1,1001
3,12771368,0.1,1,1001
4,13258816,0.1,1,1001
5,13258816,0.1,1,1001
6,13258816,0.1,1,1001
7,13258816,0.1,1,1001
8,13258816,0.1,1,1001
9,13258816,0.1,1,1001
10,13258816,0.1,1,1001
11,13258816,0.1,1,1001
12,13258816,0.1,1,1001
13,13258816,0.1,1,1001
14,13258816,0.1,1,1001
15,13258816,0.1,1,1001
16,13258816,0.1,1,1001
17,13258816,0.1,1,1001
18,13258816,0.1,1,1001
19,13258816,0.1,1,1001
20,13258816,0.1,1,1001
21,13258816,0.1,1,1001
22,13274902,0.1,1,1001
23,13372328,0.1,1,1001
24,13372328,0.1,1,1001
25,13372328,0.1,1,1001
26,13372328,0.1,1,1001
27,13372328,0.1,1,1001
28,13372328,0.1,1,1001
29,13372328,0.1,1,1001
30,13372328,0.1,1,1001
31,13372328,0.1,1,1001
32,13372328,0.1,1,1001
33,13372328,0.1,1,1001
34,13372328,0.1,1,1001
35,13372328,0.1,1,1001
36,13372328,0.1,1,1001
37,13372328,0.1,1,1001
38,13372328,0.1,1,1001
39,13372328,0.1,1,1001
40,13372328,0.1,1,1001
41,13372328,0.1,1,1001
42,13372328,0.1,1,1001
43,13372328,0.1,1,1001
44,13372328,0.1,1,1001
45,13372328,0.1,1,1001
46,13372328,0.1,1,1001
47,13372328,0.1,1,1001
48,13372328,0.1,1,1001
49,13372328,0.1,1,1001
50,13372328,0.1,1,1001
51,13372328,0.1,1,1001
52,13372328,0.1,1,1001
53,13372328,0.1,1,1001
54,13372328,0.1,1,1001
55,13372328,0.1,1,1001
56,13372328,0.1,1,1001
57,13372328,0.1,1,1001
58,13372328,0.1,1,1001
59,13372328,0.1,1,1001
60,13372328,0.1,1,1001
61,13372328,0.1,1,1001
62,13372328,0.1,1,1001
63,13372328,0.1,1,1001
64,13372328,0.1,1,1001
65,13372328,0.1,1,1001
66,13372328,0.1,1,1001
67,13372328,0.1,1,1001
68,13372328,0.1,1,1001
69,13372328,0.1,1,1001
70,13372328,0.1,1,1001
71,13372328,0.1,1,1001
72,13372328,0.1,1,1001
73,13372328,0.1,1,1001
74,13372328,0.1,1,1001
75,13372328,0.1,1,1001
76,13372328,0.1,1,1001
77,13372328,0.1,1,1001
78,13372328,0.1,1,1001
79,13372328,0.1,1,1001
80,13372328,0.1,1,1001
81,13372328,0.1,1,1001
82,13372328,0.1,1,1001
83,13372328,0.1,1,1001
84,13372328,0.1,1,1001
85,13372328,0.1,1,1001
86,13372328,0.1,1,1001
87,13372328,0.1,1,1001
88,13372328,0.1,1,1001
89,13372328,0.1,1,1001
90,13372328,0.1,1,1001
91,13372328,0.1,1,1001
92,13372328,0.1,1,1001
93,13372328,0.1,1,1001
94,13372328,0.1,1,1001
95,13372328,0.1,1,1001
96,13372328,0.1,1,1001
97,13372328,0.1,1,1001
98,13372328,0.1,1,1001
99,13372328,0.1,1,1001
100,13372328,0.1,1,1001
1,12771368,1,1,1001
2,12771368,1,1,1001
3,12771368,1,1,1001
4,13258816,1,1,1001
5,13258816,1,1,1001
6,13258816,1,1,1001
7,13258816,1,1,1001
8,13258816,1,1,1001
9,13258816,1,1,1001
10,13258816,1,1,1001
11,13258816,1,1,1001
12,13258816,1,1,1001
13,13258816,1,1,1001
14,13258816,1,1,1001
15,13258816,1,1,1001
16,13258816,1,1,1001
17,13258816,1,1,1001
18,13258816,1,1,1001
19,13258816,1,1,1001
20,13258816,1,1,1001
21,13258816,1,1,1001
22,13274902,1,1,1001
23,13372328,1,1,1001
24,13372328,1,1,1001
25,13372328,1,1,1001
26,13372328,1,1,1001
27,13372328,1,1,1001
28,13372328,1,1,1001
29,13372328,1,1,1001
30,13372328,1,1,1001
31,13372328,1,1,1001
32,13372328,1,1,1001
33,13372328,1,1,1001
34,13372328,1,1,1001
35,13372328,1,1,1001
36,13372328,1,1,1001
37,13372328,1,1,1001
38,13372328,1,1,1001
39,13372328,1,1,1001
40,13372328,1,1,1001
41,13372328,1,1,1001
42,13372328,1,1,1001
43,13372328,1,1,1001
44,13372328,1,1,1001
45,13372328,1,1,1001
46,13372328,1,1,1001
47,13372328,1,1,1001
48,13372328,1,1,1001
49,13372328,1,1,1001
50,13372328,1,1,1001
51,13372328,1,1,1001
52,13372328,1,1,1001
53,13372328,1,1,1001
54,13372328,1,1,1001
55,13372328,1,1,1001
56,13372328,1,1,1001
57,13372328,1,1,1001
58,13372328,1,1,1001
59,13372328,1,1,1001
60,13372328,1,1,1001
61,13372328,1,1,1001
62,13372328,1,1,1001
63,13372328,1,1,1001
64,13372328,1,1,1001
65,13372328,1,1,1001
66,13372328,1,1,1001
67,13372328,1,1,1001
68,13372328,1,1,1001
69,13372328,1,1,1001
70,13372328,1,1,1001
71,13372328,1,1,1001
72,13372328,1,1,1001
73,13372328,1,1,1001
74,13372328,1,1,1001
75,13372328,1,1,1001
76,13372328,1,1,1001
77,13372328,1,1,1001
78,13372328,1,1,1001
79,13372328,1,1,1001
80,13372328,1,1,1001
81,13372328,1,1,1001
82,13372328,1,1,1001
83,13372328,1,1,1001
84,13372328,1,1,1001
85,13372328,1,1,1001
86,13372328,1,1,1001
87,13372328,1,1,1001
88,13372328,1,1,1001
89,13372328,1,1,1001
90,13372328,1,1,1001
91,13372328,1,1,1001
92,13372328,1,1,1001
93,13372328,1,1,1001
94,13372328,1,1,1001
95,13372328,1,1,1001
96,13372328,1,1,1001
97,13372328,1,1,1001
98,13372328,1,1,1001
99,13372328,1,1,1001
100,13372328,1,1,1001
1,12771368,2,1,1001
2,12771368,2,1,1001
3,12771368,2,1,1001
4,13258816,2,1,1001
5,13258816,2,1,1001
6,13258816,2,1,1001
7,13258816,2,1,1001
8,13258816,2,1,1001
9,13258816,2,1,1001
10,13258816,2,1,1001
11,13258816,2,1,1001
12,13258816,2,1,1001
13,13258816,2,1,1001
14,13258816,2,1,1001
15,13258816,2,1,1001
16,13258816,2,1,1001
17,13258816,2,1,1001
18,13258816,2,1,1001
19,13258816,2,1,1001
20,13258816,2,1,1001
21,13258816,2,1,1001
22,13274902,2,1,1001
23,13372328,2,1,1001
24,13372328,2,1,1001
25,13372328,2,1,1001
26,13372328,2,1,1001
27,13372328,2,1,1001
28,13372328,2,1,1001
29,13372328,2,1,1001
30,13372328,2,1,1001
31,13372328,2,1,1001
32,13372328,2,1,1001
33,13372328,2,1,1001
34,13372328,2,1,1001
35,13372328,2,1,1001
36,13372328,2,1,1001
37,13372328,2,1,1001
38,13372328,2,1,1001
39,13372328,2,1,1001
40,13372328,2,1,1001
41,13372328,2,1,1001
42,13372328,2,1,1001
43,13372328,2,1,1001
44,13372328,2,1,1001
45,13372328,2,1,1001
46,13372328,2,1,1001
47,13372328,2,1,1001
48,13372328,2,1,1001
49,13372328,2,1,1001
50,13372328,2,1,1001
51,13372328,2,1,1001
52,13372328,2,1,1001
53,13372328,2,1,1001
54,13372328,2,1,1001
55,13372328,2,1,1001
56,13372328,2,1,1001
57,13372328,2,1,1001
58,13372328,2,1,1001
59,13372328,2,1,1001
60,13372328,2,1,1001
61,13372328,2,1,1001
62,13372328,2,1,1001
63,13372328,2,1,1001
64,13372328,2,1,1001
65,13372328,2,1,1001
66,13372328,2,1,1001
67,13372328,2,1,1001
68,13372328,2,1,1001
69,13372328,2,1,1001
70,13372328,2,1,1001
71,13372328,2,1,1001
72,13372328,2,1,1001
73,13372328,2,1,1001
74,13372328,2,1,1001
75,13372328,2,1,1001
76,13372328,2,1,1001
77,13372328,2,1,1001
78,13372328,2,1,1001
79,13372328,2,1,1001
80,13372328,2,1,1001
81,13372328,2,1,1001
82,13372328,2,1,1001
83,13372328,2,1,1001
84,13372328,2,1,1001
85,13372328,2,1,1001
86,13372328,2,1,1001
87,13372328,2,1,1001
88,13372328,2,1,1001
89,13372328,2,1,1001
90,13372328,2,1,1001
91,13372328,2,1,1001
92,13372328,2,1,1001
93,13372328,2,1,1001
94,13372328,2,1,1001
95,13372328,2,1,1001
96,13372328,2,1,1001
97,13372328,2,1,1001
98,13372328,2,1,1001
99,13372328,2,1,1001
100,13372328,2,1,1001
1,12771368,5,1,1001
2,12771368,5,1,1001
3,12771368,5,1,1001
4,13258816,5,1,1001
5,13258816,5,1,1001
6,13258816,5,1,1001
7,13258816,5,1,1001
8,13258816,5,1,1001
9,13258816,5,1,1001
10,13258816,5,1,1001
11,13258816,5,1,1001
12,13258816,5,1,1001
13,13258816,5,1,1001
14,13258816,5,1,1001
15,13258816,5,1,1001
16,13258816,5,1,1001
17,13258816,5,1,1001
18,13258816,5,1,1001
19,13258816,5,1,1001
20,13258816,5,1,1001
21,13258816,5,1,1001
22,13274902,5,1,1001
23,13372328,5,1,1001
24,13372328,5,1,1001
25,13372328,5,1,1001
26,13372328,5,1,1001
27,13372328,5,1,1001
28,13372328,5,1,1001
29,13372328,5,1,1001
30,13372328,5,1,1001
31,13372328,5,1,1001
32,13372328,5,1,1001
33,13372328,5,1,1001
34,13372328,5,1,1001
35,13372328,5,1,1001
36,13372328,5,1,1001
37,13372328,5,1,1001
38,13372328,5,1,1001
39,13372328,5,1,1001
40,13372328,5,1,1001
41,13372328,5,1,1001
42,13372328,5,1,1001
43,13372328,5,1,1001
44,13372328,5,1,1001
45,13372328,5,1,1001
46,13372328,5,1,1001
47,13372328,5,1,1001
48,13372328,5,1,1001
49,13372328,5,1,1001
50,13372328,5,1,1001
51,13372328,5,1,1001
52,13372328,5,1,1001
53,13372328,5,1,1001
54,13372328,5,1,1001
55,13372328,5,1,1001
56,13372328,5,1,1001
57,13372328,5,1,1001
58,13372328,5,1,1001
59,13372328,5,1,1001
60,13372328,5,1,1001
61,13372328,5,1,1001
62,13372328,5,1,1001
63,13372328,5,1,1001
64,13372328,5,1,1001
65,13372328,5,1,1001
66,13372328,5,1,1001
67,13372328,5,1,1001
68,13372328,5,1,1001
69,13372328,5,1,1001
70,13372328,5,1,1001
71,13372328,5,1,1001
72,13372328,5,1,1001
73,13372328,5,1,1001
74,13372328,5,1,1001
75,13372328,5,1,1001
76,13372328,5,1,1001
77,13372328,5,1,1001
78,13372328,5,1,1001
79,13372328,5,1,1001
80,13372328,5,1,1001
81,13372328,5,1,1001
82,13372328,5,1,1001
83,13372328,5,1,1001
84,13372328,5,1,1001
85,13372328,5,1,1001
86,13372328,5,1,1001
87,13372328,5,1,1001
88,13372328,5,1,1001
89,13372328,5,1,1001
90,13372328,5,1,1001
91,13372328,5,1,1001
92,13372328,5,1,1001
93,13372328,5,1,1001
94,13372328,5,1,1001
95,13372328,5,1,1001
96,13372328,5,1,1001
97,13372328,5,1,1001
98,13372328,5,1,1001
99,13372328,5,1,1001
100,13372328,5,1,1001
1,12771368,10,1,1001
2,12771368,10,1,1001
3,12771368,10,1,1001
4,13258816,10,1,1001
5,13258816,10,1,1001
6,13258816,10,1,1001
7,13258816,10,1,1001
8,13258816,10,1,1001
9,13258816,10,1,1001
10,13258816,10,1,1001
11,13258816,10,1,1001
12,13258816,10,1,1001
13,13258816,10,1,1001
14,13258816,10,1,1001
15,13258816,10,1,1001
16,13258816,10,1,1001
17,13258816,10,1,1001
18,13258816,10,1,1001
19,13258816,10,1,1001
20,13258816,10,1,1001
21,13258816,10,1,1001
22,13274902,10,1,1001
23,13372328,10,1,1001
24,13372328,10,1,1001
25,13372328,10,1,1001
26,13372328,10,1,1001
27,13372328,10,1,1001
28,13372328,10,1,1001
29,13372328,10,1,1001
30,13372328,10,1,1001
31,13372328,10,1,1001
32,13372328,10,1,1001
33,13372328,10,1,1001
34,13372328,10,1,1001
35,13372328,10,1,1001
36,13372328,10,1,1001
37,13372328,10,1,1001
38,13372328,10,1,1001
39,13372328,10,1,1001
40,13372328,10,1,1001
41,13372328,10,1,1001
42,13372328,10,1,1001
43,13372328,10,1,1001
44,13372328,10,1,1001
45,13372328,10,1,1001
46,13372328,10,1,1001
47,13372328,10,1,1001
48,13372328,10,1,1001
49,13372328,10,1,1001
50,13372328,10,1,1001
51,13372328,10,1,1001
52,13372328,10,1,1001
53,13372328,10,1,1001
54,13372328,10,1,1001
55,13372328,10,1,1001
56,13372328,10,1,1001
57,13372328,10,1,1001
58,13372328,10,1,1001
59,13372328,10,1,1001
60,13372328,10,1,1001
61,13372328,10,1,1001
62,13372328,10,1,1001
63,13372328,10,1,1001
64,13372328,10,1,1001
65,13372328,10,1,1001
66,13372328,10,1,1001
67,13372328,10,1,1001
68,13372328,10,1,1001
69,13372328,10,1,1001
70,13372328,10,1,1001
71,13372328,10,1,1001
72,13372328,10,1,1001
73,13372328,10,1,1001
74,13372328,10,1,1001
75,13372328,10,1,1001
76,13372328,10,1,1001
77,13372328,10,1,1001
78,13372328,10,1,1001
79,13372328,10,1,1001
80,13372328,10,1,1001
81,13372328,10,1,1001
82,13372328,10,1,1001
83,13372328,10,1,1001
84,13372328,10,1,1001
85,13372328,10,1,1001
86,13372328,10,1,1001
87,13372328,10,1,1001
88,13372328,10,1,1001
89,13372328,10,1,1001
90,13372328,10,1,1001
91,13372328,10,1,1001
92,13372328,10,1,1001
93,13372328,10,1,1001
94,13372328,10,1,1001
95,13372328,10,1,1001
96,13372328,10,1,1001
97,13372328,10,1,1001
98,13372328,10,1,1001
99,13372328,10,1,1001
100,13372328,10,1,1001
1,12760899,0.1,2,1002
2,12760899,0.1,2,1002
3,12760899,0.1,2,1002
4,12823385,0.1,2,1002
5,12823385,0.1,2,1002
6,13115136,0.1,2,1002
7,13115136,0.1,2,1002
8,13115136,0.1,2,1002
9,13221757,0.1,2,1002
10,13221757,0.1,2,1002
11,13221757,0.1,2,1002
12,13221757,0.1,2,1002
13,13221757,0.1,2,1002
14,13221757,0.1,2,1002
15,13221757,0.1,2,1002
16,13247223,0.1,2,1002
17,13247223,0.1,2,1002
18,13247223,0.1,2,1002
19,13247223,0.1,2,1002
20,13369041,0.1,2,1002
21,13369041,0.1,2,1002
22,13369041,0.1,2,1002
23,13369041,0.1,2,1002
24,13369041,0.1,2,1002
25,13369041,0.1,2,1002
26,13369041,0.1,2,1002
27,13369041,0.1,2,1002
28,13369041,0.1,2,1002
29,13369041,0.1,2,1002
30,13369041,0.1,2,1002
31,13369041,0.1,2,1002
32,13369041,0.1,2,1002
33,13369041,0.1,2,1002
34,13369041,0.1,2,1002
35,13369041,0.1,2,1002
36,13369041,0.1,2,1002
37,13369041,0.1,2,1002
38,13369041,0.1,2,1002
39,13399767,0.1,2,1002
40,13399767,0.1,2,1002
41,13403702,0.1,2,1002
42,13403702,0.1,2,1002
43,13403702,0.1,2,1002
44,13403702,0.1,2,1002
45,13403702,0.1,2,1002
46,13403702,0.1,2,1002
47,13403702,0.1,2,1002
48,13403702,0.1,2,1002
49,13403702,0.1,2,1002
50,13403702,0.1,2,1002
51,13403702,0.1,2,1002
52,13403702,0.1,2,1002
53,13403702,0.1,2,1002
54,13403702,0.1,2,1002
55,13403702,0.1,2,1002
56,13403702,0.1,2,1002
57,13403702,0.1,2,1002
58,13403702,0.1,2,1002
59,13403702,0.1,2,1002
60,13403702,0.1,2,1002
61,13403702,0.1,2,1002
62,13403702,0.1,2,1002
63,13403702,0.1,2,1002
64,13403702,0.1,2,1002
65,13403702,0.1,2,1002
66,13403702,0.1,2,1002
67,13403702,0.1,2,1002
68,13403702,0.1,2,1002
69,13403702,0.1,2,1002
70,13403702,0.1,2,1002
71,13403702,0.1,2,1002
72,13403702,0.1,2,1002
73,13403702,0.1,2,1002
74,13403702,0.1,2,1002
75,13403702,0.1,2,1002
76,13403702,0.1,2,1002
77,13403702,0.1,2,1002
78,13403702,0.1,2,1002
79,13403702,0.1,2,1002
80,13403702,0.1,2,1002
81,13403702,0.1,2,1002
82,13403702,0.1,2,1002
83,13403702,0.1,2,1002
84,13403702,0.1,2,1002
85,13403702,0.1,2,1002
86,13403702,0.1,2,1002
87,13403702,0.1,2,1002
88,13403702,0.1,2,1002
89,13403702,0.1,2,1002
90,13403702,0.1,2,1002
91,13403702,0.1,2,1002
92,13403702,0.1,2,1002
93,13403702,0.1,2,1002
94,13403702,0.1,2,1002
95,13403702,0.1,2,1002
96,13403702,0.1,2,1002
97,13403702,0.1,2,1002
98,13403702,0.1,2,1002
99,13403702,0.1,2,1002
100,13403702,0.1,2,1002
1,12760899,1,2,1002
2,12760899,1,2,1002
3,12760899,1,2,1002
4,12823385,1,2,1002
5,12823385,1,2,1002
6,13115136,1,2,1002
7,13115136,1,2,1002
8,13115136,1,2,1002
9,13221757,1,2,1002
10,13221757,1,2,1002
11,13221757,1,2,1002
12,13221757,1,2,1002
13,13221757,1,2,1002
14,13221757,1,2,1002
15,13221757,1,2,1002
16,13247223,1,2,1002
17,13247223,1,2,1002
18,13247223,1,2,1002
19,13247223,1,2,1002
20,13369041,1,2,1002
21,13369041,1,2,1002
22,13369041,1,2,1002
23,13369041,1,2,1002
24,13369041,1,2,1002
25,13369041,1,2,1002
26,13369041,1,2,1002
27,13369041,1,2,1002
28,13369041,1,2,1002
29,13369041,1,2,1002
30,13369041,1,2,1002
31,13369041,1,2,1002
32,13369041,1,2,1002
33,13369041,1,2,1002
34,13369041,1,2,1002
35,13369041,1,2,1002
36,13369041,1,2,1002
37,13369041,1,2,1002
38,13369041,1,2,1002
39,13399767,1,2,1002
40,13399767,1,2,1002
41,13403702,1,2,1002
42,13403702,1,2,1002
43,13403702,1,2,1002
44,13403702,1,2,1002
45,13403702,1,2,1002
46,13403702,1,2,1002
47,13403702,1,2,1002
48,13403702,1,2,1002
49,13403702,1,2,1002
50,13403702,1,2,1002
51,13403702,1,2,1002
52,13403702,1,2,1002
53,13403702,1,2,1002
54,13403702,1,2,1002
55,13403702,1,2,1002
56,13403702,1,2,1002
57,13403702,1,2,1002
58,13403702,1,2,1002
59,13403702,1,2,1002
60,13403702,1,2,1002
61,13403702,1,2,1002
62,13403702,1,2,1002
63,13403702,1,2,1002
64,13403702,1,2,1002
65,13403702,1,2,1002
66,13403702,1,2,1002
67,13403702,1,2,1002
68,13403702,1,2,1002
69,13403702,1,2,1002
70,13403702,1,2,1002
71,13403702,1,2,1002
72,13403702,1,2,1002
73,13403702,1,2,1002
74,13403702,1,2,1002
75,13403702,1,2,1002
76,13403702,1,2,1002
77,13403702,1,2,1002
78,13403702,1,2,1002
79,13403702,1,2,1002
80,13403702,1,2,1002
81,13403702,1,2,1002
82,13403702,1,2,1002
83,13403702,1,2,1002
84,13403702,1,2,1002
85,13403702,1,2,1002
86,13403702,1,2,1002
87,13403702,1,2,1002
88,13403702,1,2,1002
89,13403702,1,2,1002
90,13403702,1,2,1002
91,13403702,1,2,1002
92,13403702,1,2,1002
93,13403702,1,2,1002
94,13403702,1,2,1002
95,13403702,1,2,1002
96,13403702,1,2,1002
97,13403702,1,2,1002
98,13403702,1,2,1002
99,13403702,1,2,1002
100,13403702,1,2,1002
1,12760899,2,2,1002
2,12760899,2,2,1002
3,12760899,2,2,1002
4,12823385,2,2,1002
5,12823385,2,2,1002
6,13115136,2,2,1002
7,13115136,2,2,1002
8,13115136,2,2,1002
9,13221757,2,2,1002
10,13221757,2,2,1002
11,13221757,2,2,1002
12,13221757,2,2,1002
13,13221757,2,2,1002
14,13221757,2,2,1002
15,13221757,2,2,1002
16,13247223,2,2,1002
17,13247223,2,2,1002
18,13247223,2,2,1002
19,13247223,2,2,1002
20,13369041,2,2,1002
21,13369041,2,2,1002
22,13369041,2,2,1002
23,13369041,2,2,1002
24,13369041,2,2,1002
25,13369041,2,2,1002
26,13369041,2,2,1002
27,13369041,2,2,1002
28,13369041,2,2,1002
29,13369041,2,2,1002
30,13369041,2,2,1002
31,13369041,2,2,1002
32,13369041,2,2,1002
33,13369041,2,2,1002
34,13369041,2,2,1002
35,13369041,2,2,1002
36,13369041,2,2,1002
37,13369041,2,2,1002
38,13369041,2,2,1002
39,13399767,2,2,1002
40,13399767,2,2,1002
41,13403702,2,2,1002
42,13403702,2,2,1002
43,13403702,2,2,1002
44,13403702,2,2,1002
45,13403702,2,2,1002
46,13403702,2,2,1002
47,13403702,2,2,1002
48,13403702,2,2,1002
49,13403702,2,2,1002
50,13403702,2,2,1002
51,13403702,2,2,1002
52,13403702,2,2,1002
53,13403702,2,2,1002
54,13403702,2,2,1002
55,13403702,2,2,1002
56,13403702,2,2,1002
57,13403702,2,2,1002
58,13403702,2,2,1002
59,13403702,2,2,1002
60,13403702,2,2,1002
61,13403702,2,2,1002
62,13403702,2,2,1002
63,13403702,2,2,1002
64,13403702,2,2,1002
65,13403702,2,2,1002
66,13403702,2,2,1002
67,13403702,2,2,1002
68,13403702,2,2,1002
69,13403702,2,2,1002
70,13403702,2,2,1002
71,13403702,2,2,1002
72,13403702,2,2,1002
73,13403702,2,2,1002
74,13403702,2,2,1002
75,13403702,2,2,1002
76,13403702,2,2,1002
77,13403702,2,2,1002
78,13403702,2,2,1002
79,13403702,2,2,1002
80,13403702,2,2,1002
81,13403702,2,2,1002
82,13403702,2,2,1002
83,13403702,2,2,1002
84,13403702,2,2,1002
85,13403702,2,2,1002
86,13403702,2,2,1002
87,13403702,2,2,1002
88,13403702,2,2,1002
89,13403702,2,2,1002
90,13403702,2,2,1002
91,13403702,2,2,1002
92,13403702,2,2,1002
93,13403702,2,2,1002
94,13403702,2,2,1002
95,13403702,2,2,1002
96,13403702,2,2,1002
97,13403702,2,2,1002
98,13403702,2,2,1002
99,13403702,2,2,1002
100,13403702,2,2,1002
1,12760899,5,2,1002
2,12760899,5,2,1002
3,12760899,5,2,1002
4,12823385,5,2,1002
5,12823385,5,2,1002
6,13115136,5,2,1002
7,13115136,5,2,1002
8,13115136,5,2,1002
9,13221757,5,2,1002
10,13221757,5,2,1002
11,13221757,5,2,1002
12,13221757,5,2,1002
13,13221757,5,2,1002
14,13221757,5,2,1002
15,13221757,5,2,1002
16,13247223,5,2,1002
17,13247223,5,2,1002
18,13247223,5,2,1002
19,13247223,5,2,1002
20,13369041,5,2,1002
21,13369041,5,2,1002
22,13369041,5,2,1002
23,13369041,5,2,1002
24,13369041,5,2,1002
25,13369041,5,2,1002
26,13369041,5,2,1002
27,13369041,5,2,1002
28,13369041,5,2,1002
29,13369041,5,2,1002
30,13369041,5,2,1002
31,13369041,5,2,1002
32,13369041,5,2,1002
33,13369041,5,2,1002
34,13369041,5,2,1002
35,13369041,5,2,1002
36,13369041,5,2,1002
37,13369041,5,2,1002
38,13369041,5,2,1002
39,13399767,5,2,1002
40,13399767,5,2,1002
41,13403702,5,2,1002
42,13403702,5,2,1002
43,13403702,5,2,1002
44,13403702,5,2,1002
45,13403702,5,2,1002
46,13403702,5,2,1002
47,13403702,5,2,1002
48,13403702,5,2,1002
49,13403702,5,2,1002
50,13403702,5,2,1002
51,13403702,5,2,1002
52,13403702,5,2,1002
53,13403702,5,2,1002
54,13403702,5,2,1002
55,13403702,5,2,1002
56,13403702,5,2,1002
57,13403702,5,2,1002
58,13403702,5,2,1002
59,13403702,5,2,1002
60,13403702,5,2,1002
61,13403702,5,2,1002
62,13403702,5,2,1002
63,13403702,5,2,1002
64,13403702,5,2,1002
65,13403702,5,2,1002
66,13403702,5,2,1002
67,13403702,5,2,1002
68,13403702,5,2,1002
69,13403702,5,2,1002
70,13403702,5,2,1002
71,13403702,5,2,1002
72,13403702,5,2,1002
73,13403702,5,2,1002
74,13403702,5,2,1002
75,13403702,5,2,1002
76,13403702,5,2,1002
77,13403702,5,2,1002
78,13403702,5,2,1002
79,13403702,5,2,1002
80,13403702,5,2,1002
81,13403702,5,2,1002
82,13403702,5,2,1002
83,13403702,5,2,1002
84,13403702,5,2,1002
85,13403702,5,2,1002
86,13403702,5,2,1002
87,13403702,5,2,1002
88,13403702,5,2,1002
89,13403702,5,2,1002
90,13403702,5,2,1002
91,13403702,5,2,1002
92,13403702,5,2,1002
93,13403702,5,2,1002
94,13403702,5,2,1002
95,13403702,5,2,1002
96,13403702,5,2,1002
97,13403702,5,2,1002
98,13403702,5,2,1002
99,13403702,5,2,1002
100,13403702,5,2,1002
1,12760899,10,2,1002
2,12760899,10,2,1002
3,12760899,10,2,1002
4,12823385,10,2,1002
5,12823385,10,2,1002
6,13115136,10,2,1002
7,13115136,10,2,1002
8,13115136,10,2,1002
9,13221757,10,2,1002
10,13221757,10,2,1002
11,13221757,10,2,1002
12,13221757,10,2,1002
13,13221757,10,2,1002
14,13221757,10,2,1002
15,13221757,10,2,1002
16,13247223,10,2,1002
17,13247223,10,2,1002
18,13247223,10,2,1002
19,13247223,10,2,1002
20,13369041,10,2,1002
21,13369041,10,2,1002
22,13369041,10,2,1002
23,13369041,10,2,1002
24,13369041,10,2,1002
25,13369041,10,2,1002
26,13369041,10,2,1002
27,13369041,10,2,1002
28,13369041,10,2,1002
29,13369041,10,2,1002
30,13369041,10,2,1002
31,13369041,10,2,1002
32,13369041,10,2,1002
33,13369041,10,2,1002
34,13369041,10,2,1002
35,13369041,10,2,1002
36,13369041,10,2,1002
37,13369041,10,2,1002
38,13369041,10,2,1002
39,13399767,10,2,1002
40,13399767,10,2,1002
41,13403702,10,2,1002
42,13403702,10,2,1002
43,13403702,10,2,1002
44,13403702,10,2,1002
45,13403702,10,2,1002
46,13403702,10,2,1002
47,13403702,10,2,1002
48,13403702,10,2,1002
49,13403702,10,2,1002
50,13403702,10,2,1002
51,13403702,10,2,1002
52,13403702,10,2,1002
53,13403702,10,2,1002
54,13403702,10,2,1002
55,13403702,10,2,1002
56,13403702,10,2,1002
57,13403702,10,2,1002
58,13403702,10,2,1002
59,13403702,10,2,1002
60,13403702,10,2,1002
61,13403702,10,2,1002
62,13403702,10,2,1002
63,13403702,10,2,1002
64,13403702,10,2,1002
65,13403702,10,2,1002
66,13403702,10,2,1002
67,13403702,10,2,1002
68,13403702,10,2,1002
69,13403702,10,2,1002
70,13403702,10,2,1002
71,13403702,10,2,1002
72,13403702,10,2,1002
73,13403702,10,2,1002
74,13403702,10,2,1002
75,13403702,10,2,1002
76,13403702,10,2,1002
77,13403702,10,2,1002
78,13403702,10,2,1002
79,13403702,10,2,1002
80,13403702,10,2,1002
81,13403702,10,2,1002
82,13403702,10,2,1002
83,13403702,10,2,1002
84,13403702,10,2,1002
85,13403702,10,2,1002
86,13403702,10,2,1002
87,13403702,10,2,1002
88,13403702,10,2,1002
89,13403702,10,2,1002
90,13403702,10,2,1002
91,13403702,10,2,1002
92,13403702,10,2,1002
93,13403702,10,2,1002
94,13403702,10,2,1002
95,13403702,10,2,1002
96,13403702,10,2,1002
97,13403702,10,2,1002
98,13403702,10,2,1002
99,13403702,10,2,1002
100,13403702,10,2,1002
1,13063536,0.1,3,1003
2,13129507,0.1,3,1003
3,13129507,0.1,3,1003
4,13129507,0.1,3,1003
5,13129507,0.1,3,1003
6,13129507,0.1,3,1003
7,13129507,0.1,3,1003
8,13129507,0.1,3,1003
9,13129507,0.1,3,1003
10,13129507,0.1,3,1003
11,13129507,0.1,3,1003
12,13129507,0.1,3,1003
13,13129507,0.1,3,1003
14,13129507,0.1,3,1003
15,13129507,0.1,3,1003
16,13129507,0.1,3,1003
17,13129507,0.1,3,1003
18,13129507,0.1,3,1003
19,13129507,0.1,3,1003
20,13129507,0.1,3,1003
21,13129507,0.1,3,1003
22,13129507,0.1,3,1003
23,13129507,0.1,3,1003
24,13129507,0.1,3,1003
25,13129507,0.1,3,1003
26,13129507,0.1,3,1003
27,13129507,0.1,3,1003
28,13129507,0.1,3,1003
29,13129507,0.1,3,1003
30,13129507,0.1,3,1003
31,13129507,0.1,3,1003
32,13129507,0.1,3,1003
33,13129507,0.1,3,1003
34,13243936,0.1,3,1003
35,13243936,0.1,3,1003
36,13243936,0.1,3,1003
37,13243936,0.1,3,1003
38,13243936,0.1,3,1003
39,13243936,0.1,3,1003
40,13243936,0.1,3,1003
41,13243936,0.1,3,1003
42,13243936,0.1,3,1003
43,13243936,0.1,3,1003
44,13243936,0.1,3,1003
45,13243936,0.1,3,1003
46,13243936,0.1,3,1003
47,13243936,0.1,3,1003
48,13243936,0.1,3,1003
49,13243936,0.1,3,1003
50,13275073,0.1,3,1003
51,13275073,0.1,3,1003
52,13275073,0.1,3,1003
53,13275073,0.1,3,1003
54,13275073,0.1,3,1003
55,13275073,0.1,3,1003
56,13275073,0.1,3,1003
57,13275073,0.1,3,1003
58,13275073,0.1,3,1003
59,13275073,0.1,3,1003
60,13275073,0.1,3,1003
61,13275073,0.1,3,1003
62,13275073,0.1,3,1003
63,13275073,0.1,3,1003
64,13275073,0.1,3,1003
65,13275073,0.1,3,1003
66,13275073,0.1,3,1003
67,13275073,0.1,3,1003
68,13275073,0.1,3,1003
69,13275073,0.1,3,1003
70,13275073,0.1,3,1003
71,13325447,0.1,3,1003
72,13326861,0.1,3,1003
73,13326861,0.1,3,1003
74,13326861,0.1,3,1003
75,13326861,0.1,3,1003
76,13326861,0.1,3,1003
77,13326861,0.1,3,1003
78,13326861,0.1,3,1003
79,13326861,0.1,3,1003
80,13326861,0.1,3,1003
81,13326861,0.1,3,1003
82,13326861,0.1,3,1003
83,13326861,0.1,3,1003
84,13326861,0.1,3,1003
85,13326861,0.1,3,1003
86,13326861,0.1,3,1003
87,13326861,0.1,3,1003
88,13326861,0.1,3,1003
89,13326861,0.1,3,1003
90,13326861,0.1,3,1003
91,13326861,0.1,3,1003
92,13326861,0.1,3,1003
93,13326861,0.1,3,1003
94,13326861,0.1,3,1003
95,13326861,0.1,3,1003
96,13326861,0.1,3,1003
97,13326861,0.1,3,1003
98,13326861,0.1,3,1003
99,13326861,0.1,3,1003
100,13326861,0.1,3,1003
1,13063536,1,3,1003
2,13129507,1,3,1003
3,13129507,1,3,1003
4,13129507,1,3,1003
5,13129507,1,3,1003
6,13129507,1,3,1003
7,13129507,1,3,1003
8,13129507,1,3,1003
9,13129507,1,3,1003
10,13129507,1,3,1003
11,13129507,1,3,1003
12,13129507,1,3,1003
13,13129507,1,3,1003
14,13129507,1,3,1003
15,13129507,1,3,1003
16,13129507,1,3,1003
17,13129507,1,3,1003
18,13129507,1,3,1003
19,13129507,1,3,1003
20,13129507,1,3,1003
21,13129507,1,3,1003
22,13129507,1,3,1003
23,13129507,1,3,1003
24,13129507,1,3,1003
25,13129507,1,3,1003
26,13129507,1,3,1003
27,13129507,1,3,1003
28,13129507,1,3,1003
29,13129507,1,3,1003
30,13129507,1,3,1003
31,13129507,1,3,1003
32,13129507,1,3,1003
33,13129507,1,3,1003
34,13243936,1,3,1003
35,13243936,1,3,1003
36,13243936,1,3,1003
37,13243936,1,3,1003
38,13243936,1,3,1003
39,13243936,1,3,1003
40,13243936,1,3,1003
41,13243936,1,3,1003
42,13243936,1,3,1003
43,13243936,1,3,1003
44,13243936,1,3,1003
45,13243936,1,3,1003
46,13243936,1,3,1003
47,13243936,1,3,1003
48,13243936,1,3,1003
49,13243936,1,3,1003
50,13275073,1,3,1003
51,13275073,1,3,1003
52,13275073,1,3,1003
53,13275073,1,3,1003
54,13275073,1,3,1003
55,13275073,1,3,1003
56,13275073,1,3,1003
57,13275073,1,3,1003
58,13275073,1,3,1003
59,13275073,1,3,1003
60,13275073,1,3,1003
61,13275073,1,3,1003
62,13275073,1,3,1003
63,13275073,1,3,1003
64,13275073,1,3,1003
65,13275073,1,3,1003
66,13275073,1,3,1003
67,13275073,1,3,1003
68,13275073,1,3,1003
69,13275073,1,3,1003
70,13275073,1,3,1003
71,13325447,1,3,1003
72,13326861,1,3,1003
73,13326861,1,3,1003
74,13326861,1,3,1003
75,13326861,1,3,1003
76,13326861,1,3,1003
77,13326861,1,3,1003
78,13326861,1,3,1003
79,13326861,1,3,1003
80,13326861,1,3,1003
81,13326861,1,3,1003
82,13326861,1,3,1003
83,13326861,1,3,1003
84,13326861,1,3,1003
85,13326861,1,3,1003
86,13326861,1,3,1003
87,13326861,1,3,1003
88,13326861,1,3,1003
89,13326861,1,3,1003
90,13326861,1,3,1003
91,13326861,1,3,1003
92,13326861,1,3,1003
93,13326861,1,3,1003
94,13326861,1,3,1003
95,13326861,1,3,1003
96,13326861,1,3,1003
97,13326861,1,3,1003
98,13326861,1,3,1003
99,13326861,1,3,1003
100,13326861,1,3,1003
1,13063536,2,3,1003
2,13129507,2,3,1003
3,13129507,2,3,1003
4,13129507,2,3,1003
5,13129507,2,3,1003
6,13129507,2,3,1003
7,13129507,2,3,1003
8,13129507,2,3,1003
9,13129507,2,3,1003
10,13129507,2,3,1003
11,13129507,2,3,1003
12,13129507,2,3,1003
13,13129507,2,3,1003
14,13129507,2,3,1003
15,13129507,2,3,1003
16,13129507,2,3,1003
17,13129507,2,3,1003
18,13129507,2,3,1003
19,13129507,2,3,1003
20,13129507,2,3,1003
21,13129507,2,3,1003
22,13129507,2,3,1003
23,13129507,2,3,1003
24,13129507,2,3,1003
25,13129507,2,3,1003
26,13129507,2,3,1003
27,13129507,2,3,1003
28,13129507,2,3,1003
29,13129507,2,3,1003
30,13129507,2,3,1003
31,13129507,2,3,1003
32,13129507,2,3,1003
33,13129507,2,3,1003
34,13243936,2,3,1003
35,13243936,2,3,1003
36,13243936,2,3,1003
37,13243936,2,3,1003
38,13243936,2,3,1003
39,13243936,2,3,1003
40,13243936,2,3,1003
41,13243936,2,3,1003
42,13243936,2,3,1003
43,13243936,2,3,1003
44,13243936,2,3,1003
45,13243936,2,3,1003
46,13243936,2,3,1003
47,13243936,2,3,1003
48,13243936,2,3,1003
49,13243936,2,3,1003
50,13275073,2,3,1003
51,13275073,2,3,1003
52,13275073,2,3,1003
53,13275073,2,3,1003
54,13275073,2,3,1003
55,13275073,2,3,1003
56,13275073,2,3,1003
57,13275073,2,3,1003
58,13275073,2,3,1003
59,13275073,2,3,1003
60,13275073,2,3,1003
61,13275073,2,3,1003
62,13275073,2,3,1003
63,13275073,2,3,1003
64,13275073,2,3,1003
65,13275073,2,3,1003
66,13275073,2,3,1003
67,13275073,2,3,1003
68,13275073,2,3,1003
69,13275073,2,3,1003
70,13275073,2,3,1003
71,13325447,2,3,1003
72,13326861,2,3,1003
73,13326861,2,3,1003
74,13326861,2,3,1003
75,13326861,2,3,1003
76,13326861,2,3,1003
77,13326861,2,3,1003
78,13326861,2,3,1003
79,13326861,2,3,1003
80,13326861,2,3,1003
81,13326861,2,3,1003
82,13326861,2,3,1003
83,13326861,2,3,1003
84,13326861,2,3,1003
85,13326861,2,3,1003
86,13326861,2,3,1003
87,13326861,2,3,1003
88,13326861,2,3,1003
89,13326861,2,3,1003
90,13326861,2,3,1003
91,13326861,2,3,1003
92,13326861,2,3,1003
93,13326861,2,3,1003
94,13326861,2,3,1003
95,13326861,2,3,1003
96,13326861,2,3,1003
97,13326861,2,3,1003
98,13326861,2,3,1003
99,13326861,2,3,1003
100,13326861,2,3,1003
1,13063536,5,3,1003
2,13129507,5,3,1003
3,13129507,5,3,1003
4,13129507,5,3,1003
5,13129507,5,3,1003
6,13129507,5,3,1003
7,13129507,5,3,1003
8,13129507,5,3,1003
9,13129507,5,3,1003
10,13129507,5,3,1003
11,13129507,5,3,1003
12,13129507,5,3,1003
13,13129507,5,3,1003
14,13129507,5,3,1003
15,13129507,5,3,1003
16,13129507,5,3,1003
17,13129507,5,3,1003
18,13129507,5,3,1003
19,13129507,5,3,1003
20,13129507,5,3,1003
21,13129507,5,3,1003
22,13129507,5,3,1003
23,13129507,5,3,1003
24,13129507,5,3,1003
25,13129507,5,3,1003
26,13129507,5,3,1003
27,13129507,5,3,1003
28,13129507,5,3,1003
29,13129507,5,3,1003
30,13129507,5,3,1003
31,13129507,5,3,1003
32,13129507,5,3,1003
33,13129507,5,3,1003
34,13243936,5,3,1003
35,13243936,5,3,1003
36,13243936,5,3,1003
37,13243936,5,3,1003
38,13243936,5,3,1003
39,13243936,5,3,1003
40,13243936,5,3,1003
41,13243936,5,3,1003
42,13243936,5,3,1003
43,13243936,5,3,1003
44,13243936,5,3,1003
45,13243936,5,3,1003
46,13243936,5,3,1003
47,13243936,5,3,1003
48,13243936,5,3,1003
49,13243936,5,3,1003
50,13275073,5,3,1003
51,13275073,5,3,1003
52,13275073,5,3,1003
53,13275073,5,3,1003
54,13275073,5,3,1003
55,13275073,5,3,1003
56,13275073,5,3,1003
57,13275073,5,3,1003
58,13275073,5,3,1003
59,13275073,5,3,1003
60,13275073,5,3,1003
61,13275073,5,3,1003
62,13275073,5,3,1003
63,13275073,5,3,1003
64,13275073,5,3,1003
65,13275073,5,3,1003
66,13275073,5,3,1003
67,13275073,5,3,1003
68,13275073,5,3,1003
69,13275073,5,3,1003
70,13275073,5,3,1003
71,13325447,5,3,1003
72,13326861,5,3,1003
73,13326861,5,3,1003
74,13326861,5,3,1003
75,13326861,5,3,1003
76,13326861,5,3,1003
77,13326861,5,3,1003
78,13326861,5,3,1003
79,13326861,5,3,1003
80,13326861,5,3,1003
81,13326861,5,3,1003
82,13326861,5,3,1003
83,13326861,5,3,1003
84,13326861,5,3,1003
85,13326861,5,3,1003
86,13326861,5,3,1003
87,13326861,5,3,1003
88,13326861,5,3,1003
89,13326861,5,3,1003
90,13326861,5,3,1003
91,13326861,5,3,1003
92,13326861,5,3,1003
93,13326861,5,3,1003
94,13326861,5,3,1003
95,13326861,5,3,1003
96,13326861,5,3,1003
97,13326861,5,3,1003
98,13326861,5,3,1003
99,13326861,5,3,1003
100,13326861,5,3,1003
1,13063536,10,3,1003
2,13129507,10,3,1003
3,13129507,10,3,1003
4,13129507,10,3,1003
5,13129507,10,3,1003
6,13129507,10,3,1003
7,13129507,10,3,1003
8,13129507,10,3,1003
9,13129507,10,3,1003
10,13129507,10,3,1003
11,13129507,10,3,1003
12,13129507,10,3,1003
13,13129507,10,3,1003
14,13129507,10,3,1003
15,13129507,10,3,1003
16,13129507,10,3,1003
17,13129507,10,3,1003
18,13129507,10,3,1003
19,13129507,10,3,1003
20,13129507,10,3,1003
21,13129507,10,3,1003
22,13129507,10,3,1003
23,13129507,10,3,1003
24,13129507,10,3,1003
25,13129507,10,3,1003
26,13129507,10,3,1003
27,13129507,10,3,1003
28,13129507,10,3,1003
29,13129507,10,3,1003
30,13129507,10,3,1003
31,13129507,10,3,1003
32,13129507,10,3,1003
33,13129507,10,3,1003
34,13243936,10,3,1003
35,13243936,10,3,1003
36,13243936,10,3,1003
37,13243936,10,3,1003
38,13243936,10,3,1003
39,13243936,10,3,1003
40,13243936,10,3,1003
41,13243936,10,3,1003
42,13243936,10,3,1003
43,13243936,10,3,1003
44,13243936,10,3,1003
45,13243936,10,3,1003
46,13243936,10,3,1003
47,13243936,10,3,1003
48,13243936,10,3,1003
49,13243936,10,3,1003
50,13275073,10,3,1003
51,13275073,10,3,1003
52,13275073,10,3,1003
53,13275073,10,3,1003
54,13275073,10,3,1003
55,13275073,10,3,1003
56,13275073,10,3,1003
57,13275073,10,3,1003
58,13275073,10,3,1003
59,13275073,10,3,1003
60,13275073,10,3,1003
61,13275073,10,3,1003
62,13275073,10,3,1003
63,13275073,10,3,1003
64,13275073,10,3,1003
65,13275073,10,3,1003
66,13275073,10,3,1003
67,13275073,10,3,1003
68,13275073,10,3,1003
69,13275073,10,3,1003
70,13275073,10,3,1003
71,13325447,10,3,1003
72,13326861,10,3,1003
73,13326861,10,3,1003
74,13326861,10,3,1003
75,13326861,10,3,1003
76,13326861,10,3,1003
77,13326861,10,3,1003
78,13326861,10,3,1003
79,13326861,10,3,1003
80,13326861,10,3,1003
81,13326861,10,3,1003
82,13326861,10,3,1003
83,13326861,10,3,1003
84,13326861,10,3,1003
85,13326861,10,3,1003
86,13326861,10,3,1003
87,13326861,10,3,1003
88,13326861,10,3,1003
89,13326861,10,3,1003
90,13326861,10,3,1003
91,13326861,10,3,1003
92,13326861,10,3,1003
93,13326861,10,3,1003
94,13326861,10,3,1003
95,13326861,10,3,1003
96,13326861,10,3,1003
97,13326861,10,3,1003
98,13326861,10,3,1003
99,13326861,10,3,1003
100,13326861,10,3,1003
1,12727140,0.1,4,1004
2,12887152,0.1,4,1004
3,12936697,0.1,4,1004
4,12936697,0.1,4,1004
5,12936697,0.1,4,1004
6,13047683,0.1,4,1004
7,13047683,0.1,4,1004
8,13047683,0.1,4,1004
9,13047683,0.1,4,1004
10,13047683,0.1,4,1004
11,13047683,0.1,4,1004
12,13113414,0.1,4,1004
13,13113414,0.1,4,1004
14,13113414,0.1,4,1004
15,13113414,0.1,4,1004
16,13113414,0.1,4,1004
17,13113414,0.1,4,1004
18,13113414,0.1,4,1004
19,13113414,0.1,4,1004
20,13113414,0.1,4,1004
21,13113414,0.1,4,1004
22,13113414,0.1,4,1004
23,13113414,0.1,4,1004
24,13113414,0.1,4,1004
25,13113414,0.1,4,1004
26,13113414,0.1,4,1004
27,13113414,0.1,4,1004
28,13113414,0.1,4,1004
29,13113414,0.1,4,1004
30,13113414,0.1,4,1004
31,13113414,0.1,4,1004
32,13113414,0.1,4,1004
33,13113414,0.1,4,1004
34,13113414,0.1,4,1004
35,13113414,0.1,4,1004
36,13199994,0.1,4,1004
37,13226368,0.1,4,1004
38,13226368,0.1,4,1004
39,13226368,0.1,4,1004
40,13226368,0.1,4,1004
41,13226368,0.1,4,1004
42,13226368,0.1,4,1004
43,13226368,0.1,4,1004
44,13226368,0.1,4,1004
45,13226368,0.1,4,1004
46,13226368,0.1,4,1004
47,13226368,0.1,4,1004
48,13226368,0.1,4,1004
49,13226368,0.1,4,1004
50,13226368,0.1,4,1004
51,13226368,0.1,4,1004
52,13226368,0.1,4,1004
53,13226368,0.1,4,1004
54,13265801,0.1,4,1004
55,13265801,0.1,4,1004
56,13265801,0.1,4,1004
57,13265801,0.1,4,1004
58,13265801,0.1,4,1004
59,13265801,0.1,4,1004
60,13265801,0.1,4,1004
61,13265801,0.1,4,1004
62,13265801,0.1,4,1004
63,13265801,0.1,4,1004
64,13265801,0.1,4,1004
65,13265801,0.1,4,1004
66,13265801,0.1,4,1004
67,13266231,0.1,4,1004
68,13266231,0.1,4,1004
69,13266231,0.1,4,1004
70,13266231,0.1,4,1004
71,13266231,0.1,4,1004
72,13266231,0.1,4,1004
73,13266231,0.1,4,1004
74,13266231,0.1,4,1004
75,13266231,0.1,4,1004
76,13266231,0.1,4,1004
77,13266231,0.1,4,1004
78,13266231,0.1,4,1004
79,13266231,0.1,4,1004
80,13266231,0.1,4,1004
81,13266231,0.1,4,1004
82,13266231,0.1,4,1004
83,13266231,0.1,4,1004
84,13266231,0.1,4,1004
85,13266231,0.1,4,1004
86,13266231,0.1,4,1004
87,13266231,0.1,4,1004
88,13266231,0.1,4,1004
89,13266231,0.1,4,1004
90,13266231,0.1,4,1004
91,13266231,0.1,4,1004
92,13266231,0.1,4,1004
93,13266231,0.1,4,1004
94,13266231,0.1,4,1004
95,13266231,0.1,4,1004
96,13266231,0.1,4,1004
97,13266231,0.1,4,1004
98,13266231,0.1,4,1004
99,13266231,0.1,4,1004
100,13266231,0.1,4,1004
1,12727140,1,4,1004
2,12887152,1,4,1004
3,12936697,1,4,1004
4,12936697,1,4,1004
5,12936697,1,4,1004
6,13047683,1,4,1004
7,13047683,1,4,1004
8,13047683,1,4,1004
9,13047683,1,4,1004
10,13047683,1,4,1004
11,13047683,1,4,1004
12,13113414,1,4,1004
13,13113414,1,4,1004
14,13113414,1,4,1004
15,13113414,1,4,1004
16,13113414,1,4,1004
17,13113414,1,4,1004
18,13113414,1,4,1004
19,13113414,1,4,1004
20,13113414,1,4,1004
21,13113414,1,4,1004
22,13113414,1,4,1004
23,13113414,1,4,1004
24,13113414,1,4,1004
25,13113414,1,4,1004
26,13113414,1,4,1004
27,13113414,1,4,1004
28,13113414,1,4,1004
29,13113414,1,4,1004
30,13113414,1,4,1004
31,13113414,1,4,1004
32,13113414,1,4,1004
33,13113414,1,4,1004
34,13113414,1,4,1004
35,13113414,1,4,1004
36,13199994,1,4,1004
37,13226368,1,4,1004
38,13226368,1,4,1004
39,13226368,1,4,1004
40,13226368,1,4,1004
41,13226368,1,4,1004
42,13226368,1,4,1004
43,13226368,1,4,1004
44,13226368,1,4,1004
45,13226368,1,4,1004
46,13226368,1,4,1004
47,13226368,1,4,1004
48,13226368,1,4,1004
49,13226368,1,4,1004
50,13226368,1,4,1004
51,13226368,1,4,1004
52,13226368,1,4,1004
53,13226368,1,4,1004
54,13265801,1,4,1004
55,13265801,1,4,1004
56,13265801,1,4,1004
57,13265801,1,4,1004
58,13265801,1,4,1004
59,13265801,1,4,1004
60,13265801,1,4,1004
61,13265801,1,4,1004
62,13265801,1,4,1004
63,13265801,1,4,1004
64,13265801,1,4,1004
65,13265801,1,4,1004
66,13265801,1,4,1004
67,13266231,1,4,1004
68,13266231,1,4,1004
69,13266231,1,4,1004
70,13266231,1,4,1004
71,13266231,1,4,1004
72,13266231,1,4,1004
73,13266231,1,4,1004
74,13266231,1,4,1004
75,13266231,1,4,1004
76,13266231,1,4,1004
77,13266231,1,4,1004
78,13266231,1,4,1004
79,13266231,1,4,1004
80,13266231,1,4,1004
81,13266231,1,4,1004
82,13266231,1,4,1004
83,13266231,1,4,1004
84,13266231,1,4,1004
85,13266231,1,4,1004
86,13266231,1,4,1004
87,13266231,1,4,1004
88,13266231,1,4,1004
89,13266231,1,4,1004
90,13266231,1,4,1004
91,13266231,1,4,1004
92,13266231,1,4,1004
93,13266231,1,4,1004
94,13266231,1,4,1004
95,13266231,1,4,1004
96,13266231,1,4,1004
97,13266231,1,4,1004
98,13266231,1,4,1004
99,13266231,1,4,1004
100,13266231,1,4,1004
1,12727140,2,4,1004
2,12887152,2,4,1004
3,12936697,2,4,1004
4,12936697,2,4,1004
5,12936697,2,4,1004
6,13047683,2,4,1004
7,13047683,2,4,1004
8,13047683,2,4,1004
9,13047683,2,4,1004
10,13047683,2,4,1004
11,13047683,2,4,1004
12,13113414,2,4,1004
13,13113414,2,4,1004
14,13113414,2,4,1004
15,13113414,2,4,1004
16,13113414,2,4,1004
17,13113414,2,4,1004
18,13113414,2,4,1004
19,13113414,2,4,1004
20,13113414,2,4,1004
21,13113414,2,4,1004
22,13113414,2,4,1004
23,13113414,2,4,1004
24,13113414,2,4,1004
25,13113414,2,4,1004
26,13113414,2,4,1004
27,13113414,2,4,1004
28,13113414,2,4,1004
29,13113414,2,4,1004
30,13113414,2,4,1004
31,13113414,2,4,1004
32,13113414,2,4,1004
33,13113414,2,4,1004
34,13113414,2,4,1004
35,13113414,2,4,1004
36,13199994,2,4,1004
37,13226368,2,4,1004
38,13226368,2,4,1004
39,13226368,2,4,1004
40,13226368,2,4,1004
41,13226368,2,4,1004
42,13226368,2,4,1004
43,13226368,2,4,1004
44,13226368,2,4,1004
45,13226368,2,4,1004
46,13226368,2,4,1004
47,13226368,2,4,1004
48,13226368,2,4,1004
49,13226368,2,4,1004
50,13226368,2,4,1004
51,13226368,2,4,1004
52,13226368,2,4,1004
53,13226368,2,4,1004
54,13265801,2,4,1004
55,13265801,2,4,1004
56,13265801,2,4,1004
57,13265801,2,4,1004
58,13265801,2,4,1004
59,13265801,2,4,1004
60,13265801,2,4,1004
61,13265801,2,4,1004
62,13265801,2,4,1004
63,13265801,2,4,1004
64,13265801,2,4,1004
65,13265801,2,4,1004
66,13265801,2,4,1004
67,13266231,2,4,1004
68,13266231,2,4,1004
69,13266231,2,4,1004
70,13266231,2,4,1004
71,13266231,2,4,1004
72,13266231,2,4,1004
73,13266231,2,4,1004
74,13266231,2,4,1004
75,13266231,2,4,1004
76,13266231,2,4,1004
77,13266231,2,4,1004
78,13266231,2,4,1004
79,13266231,2,4,1004
80,13266231,2,4,1004
81,13266231,2,4,1004
82,13266231,2,4,1004
83,13266231,2,4,1004
84,13266231,2,4,1004
85,13266231,2,4,1004
86,13266231,2,4,1004
87,13266231,2,4,1004
88,13266231,2,4,1004
89,13266231,2,4,1004
90,13266231,2,4,1004
91,13266231,2,4,1004
92,13266231,2,4,1004
93,13266231,2,4,1004
94,13266231,2,4,1004
95,13266231,2,4,1004
96,13266231,2,4,1004
97,13266231,2,4,1004
98,13266231,2,4,1004
99,13266231,2,4,1004
100,13266231,2,4,1004
1,12727140,5,4,1004
2,12887152,5,4,1004
3,12936697,5,4,1004
4,12936697,5,4,1004
5,12936697,5,4,1004
6,13047683,5,4,1004
7,13047683,5,4,1004
8,13047683,5,4,1004
9,13047683,5,4,1004
10,13047683,5,4,1004
11,13047683,5,4,1004
12,13113414,5,4,1004
13,13113414,5,4,1004
14,13113414,5,4,1004
15,13113414,5,4,1004
16,13113414,5,4,1004
17,13113414,5,4,1004
18,13113414,5,4,1004
19,13113414,5,4,1004
20,13113414,5,4,1004
21,13113414,5,4,1004
22,13113414,5,4,1004
23,13113414,5,4,1004
24,13113414,5,4,1004
25,13113414,5,4,1004
26,13113414,5,4,1004
27,13113414,5,4,1004
28,13113414,5,4,1004
29,13113414,5,4,1004
30,13113414,5,4,1004
31,13113414,5,4,1004
32,13113414,5,4,1004
33,13113414,5,4,1004
34,13113414,5,4,1004
35,13113414,5,4,1004
36,13199994,5,4,1004
37,13226368,5,4,1004
38,13226368,5,4,1004
39,13226368,5,4,1004
40,13226368,5,4,1004
41,13226368,5,4,1004
42,13226368,5,4,1004
43,13226368,5,4,1004
44,13226368,5,4,1004
45,13226368,5,4,1004
46,13226368,5,4,1004
47,13226368,5,4,1004
48,13226368,5,4,1004
49,13226368,5,4,1004
50,13226368,5,4,1004
51,13226368,5,4,1004
52,13226368,5,4,1004
53,13226368,5,4,1004
54,13265801,5,4,1004
55,13265801,5,4,1004
56,13265801,5,4,1004
57,13265801,5,4,1004
58,13265801,5,4,1004
59,13265801,5,4,1004
60,13265801,5,4,1004
61,13265801,5,4,1004
62,13265801,5,4,1004
63,13265801,5,4,1004
64,13265801,5,4,1004
65,13265801,5,4,1004
66,13265801,5,4,1004
67,13266231,5,4,1004
68,13266231,5,4,1004
69,13266231,5,4,1004
70,13266231,5,4,1004
71,13266231,5,4,1004
72,13266231,5,4,1004
73,13266231,5,4,1004
74,13266231,5,4,1004
75,13266231,5,4,1004
76,13266231,5,4,1004
77,13266231,5,4,1004
78,13266231,5,4,1004
79,13266231,5,4,1004
80,13266231,5,4,1004
81,13266231,5,4,1004
82,13266231,5,4,1004
83,13266231,5,4,1004
84,13266231,5,4,1004
85,13266231,5,4,1004
86,13266231,5,4,1004
87,13266231,5,4,1004
88,13266231,5,4,1004
89,13266231,5,4,1004
90,13266231,5,4,1004
91,13266231,5,4,1004
92,13266231,5,4,1004
93,13266231,5,4,1004
94,13266231,5,4,1004
95,13266231,5,4,1004
96,13266231,5,4,1004
97,13266231,5,4,1004
98,13266231,5,4,1004
99,13266231,5,4,1004
100,13266231,5,4,1004
1,12727140,10,4,1004
2,12887152,10,4,1004
3,12936697,10,4,1004
4,12936697,10,4,1004
5,12936697,10,4,1004
6,13047683,10,4,1004
7,13047683,10,4,1004
8,13047683,10,4,1004
9,13047683,10,4,1004
10,13047683,10,4,1004
11,13047683,10,4,1004
12,13113414,10,4,1004
13,13113414,10,4,1004
14,13113414,10,4,1004
15,13113414,10,4,1004
16,13113414,10,4,1004
17,13113414,10,4,1004
18,13113414,10,4,1004
19,13113414,10,4,1004
20,13113414,10,4,1004
21,13113414,10,4,1004
22,13113414,10,4,1004
23,13113414,10,4,1004
24,13113414,10,4,1004
25,13113414,10,4,1004
26,13113414,10,4,1004
27,13113414,10,4,1004
28,13113414,10,4,1004
29,13113414,10,4,1004
30,13113414,10,4,1004
31,13113414,10,4,1004
32,13113414,10,4,1004
33,13113414,10,4,1004
34,13113414,10,4,1004
35,13113414,10,4,1004
36,13199994,10,4,1004
37,13226368,10,4,1004
38,13226368,10,4,1004
39,13226368,10,4,1004
40,13226368,10,4,1004
41,13226368,10,4,1004
42,13226368,10,4,1004
43,13226368,10,4,1004
44,13226368,10,4,1004
45,13226368,10,4,1004
46,13226368,10,4,1004
47,13226368,10,4,1004
48,13226368,10,4,1004
49,13226368,10,4,1004
50,13226368,10,4,1004
51,13226368,10,4,1004
52,13226368,10,4,1004
53,13226368,10,4,1004
54,13265801,10,4,1004
55,13265801,10,4,1004
56,13265801,10,4,1004
57,13265801,10,4,1004
58,13265801,10,4,1004
59,13265801,10,4,1004
60,13265801,10,4,1004
61,13265801,10,4,1004
62,13265801,10,4,1004
63,13265801,10,4,1004
64,13265801,10,4,1004
65,13265801,10,4,1004
66,13265801,10,4,1004
67,13266231,10,4,1004
68,13266231,10,4,1004
69,13266231,10,4,1004
70,13266231,10,4,1004
71,13266231,10,4,1004
72,13266231,10,4,1004
73,13266231,10,4,1004
74,13266231,10,4,1004
75,13266231,10,4,1004
76,13266231,10,4,1004
77,13266231,10,4,1004
78,13266231,10,4,1004
79,13266231,10,4,1004
80,13266231,10,4,1004
81,13266231,10,4,1004
82,13266231,10,4,1004
83,13266231,10,4,1004
84,13266231,10,4,1004
85,13266231,10,4,1004
86,13266231,10,4,1004
87,13266231,10,4,1004
88,13266231,10,4,1004
89,13266231,10,4,1004
90,13266231,10,4,1004
91,13266231,10,4,1004
92,13266231,10,4,1004
93,13266231,10,4,1004
94,13266231,10,4,1004
95,13266231,10,4,1004
96,13266231,10,4,1004
97,13266231,10,4,1004
98,13266231,10,4,1004
99,13266231,10,4,1004
100,13266231,10,4,1004
1,12893016,0.1,5,1005
2,12893016,0.1,5,1005
3,12893016,0.1,5,1005
4,13250039,0.1,5,1005
5,13250039,0.1,5,1005
6,13250039,0.1,5,1005
7,13307077,0.1,5,1005
8,13307077,0.1,5,1005
9,13307077,0.1,5,1005
10,13307077,0.1,5,1005
11,13307077,0.1,5,1005
12,13307077,0.1,5,1005
13,13307077,0.1,5,1005
14,13307077,0.1,5,1005
15,13307077,0.1,5,1005
16,13307077,0.1,5,1005
17,13307077,0.1,5,1005
18,13307077,0.1,5,1005
19,13307077,0.1,5,1005
20,13307077,0.1,5,1005
21,13307077,0.1,5,1005
22,13307077,0.1,5,1005
23,13307077,0.1,5,1005
24,13307077,0.1,5,1005
25,13307077,0.1,5,1005
26,13307077,0.1,5,1005
27,13307077,0.1,5,1005
28,13307077,0.1,5,1005
29,13307077,0.1,5,1005
30,13307077,0.1,5,1005
31,13307077,0.1,5,1005
32,13307077,0.1,5,1005
33,13307077,0.1,5,1005
34,13307077,0.1,5,1005
35,13307077,0.1,5,1005
36,13307077,0.1,5,1005
37,13307077,0.1,5,1005
38,13307077,0.1,5,1005
39,13307077,0.1,5,1005
40,13307077,0.1,5,1005
41,13307077,0.1,5,1005
42,13307077,0.1,5,1005
43,13307077,0.1,5,1005
44,13307077,0.1,5,1005
45,13307077,0.1,5,1005
46,13307077,0.1,5,1005
47,13307077,0.1,5,1005
48,13307077,0.1,5,1005
49,13307077,0.1,5,1005
50,13307077,0.1,5,1005
51,13307077,0.1,5,1005
52,13307077,0.1,5,1005
53,13307077,0.1,5,1005
54,13307077,0.1,5,1005
55,13307077,0.1,5,1005
56,13307077,0.1,5,1005
57,13307077,0.1,5,1005
58,13357054,0.1,5,1005
59,13357054,0.1,5,1005
60,13357054,0.1,5,1005
61,13357054,0.1,5,1005
62,13357054,0.1,5,1005
63,13357054,0.1,5,1005
64,13357054,0.1,5,1005
65,13357054,0.1,5,1005
66,13357054,0.1,5,1005
67,13357054,0.1,5,1005
68,13357054,0.1,5,1005
69,13357054,0.1,5,1005
70,13357054,0.1,5,1005
71,13357054,0.1,5,1005
72,13357054,0.1,5,1005
73,13357054,0.1,5,1005
74,13357054,0.1,5,1005
75,13357054,0.1,5,1005
76,13357054,0.1,5,1005
77,13357054,0.1,5,1005
78,13363813,0.1,5,1005
79,13363813,0.1,5,1005
80,13363813,0.1,5,1005
81,13363813,0.1,5,1005
82,13363813,0.1,5,1005
83,13363813,0.1,5,1005
84,13363813,0.1,5,1005
85,13363813,0.1,5,1005
86,13363813,0.1,5,1005
87,13363813,0.1,5,1005
88,13363813,0.1,5,1005
89,13363813,0.1,5,1005
90,13363813,0.1,5,1005
91,13363813,0.1,5,1005
92,13363813,0.1,5,1005
93,13363813,0.1,5,1005
94,13363813,0.1,5,1005
95,13363813,0.1,5,1005
96,13363813,0.1,5,1005
97,13363813,0.1,5,1005
98,13363813,0.1,5,1005
99,13363813,0.1,5,1005
100,13363813,0.1,5,1005
1,12893016,1,5,1005
2,12893016,1,5,1005
3,12893016,1,5,1005
4,13250039,1,5,1005
5,13250039,1,5,1005
6,13250039,1,5,1005
7,13307077,1,5,1005
8,13307077,1,5,1005
9,13307077,1,5,1005
10,13307077,1,5,1005
11,13307077,1,5,1005
12,13307077,1,5,1005
13,13307077,1,5,1005
14,13307077,1,5,1005
15,13307077,1,5,1005
16,13307077,1,5,1005
17,13307077,1,5,1005
18,13307077,1,5,1005
19,13307077,1,5,1005
20,13307077,1,5,1005
21,13307077,1,5,1005
22,13307077,1,5,1005
23,13307077,1,5,1005
24,13307077,1,5,1005
25,13307077,1,5,1005
26,13307077,1,5,1005
27,13307077,1,5,1005
28,13307077,1,5,1005
29,13307077,1,5,1005
30,13307077,1,5,1005
31,13307077,1,5,1005
32,13307077,1,5,1005
33,13307077,1,5,1005
34,13307077,1,5,1005
35,13307077,1,5,1005
36,13307077,1,5,1005
37,13307077,1,5,1005
38,13307077,1,5,1005
39,13307077,1,5,1005
40,13307077,1,5,1005
41,13307077,1,5,1005
42,13307077,1,5,1005
43,13307077,1,5,1005
44,13307077,1,5,1005
45,13307077,1,5,1005
46,13307077,1,5,1005
47,13307077,1,5,1005
48,13307077,1,5,1005
49,13307077,1,5,1005
50,13307077,1,5,1005
51,13307077,1,5,1005
52,13307077,1,5,1005
53,13307077,1,5,1005
54,13307077,1,5,1005
55,13307077,1,5,1005
56,13307077,1,5,1005
57,13307077,1,5,1005
58,13357054,1,5,1005
59,13357054,1,5,1005
60,13357054,1,5,1005
61,13357054,1,5,1005
62,13357054,1,5,1005
63,13357054,1,5,1005
64,13357054,1,5,1005
65,13357054,1,5,1005
66,13357054,1,5,1005
67,13357054,1,5,1005
68,13357054,1,5,1005
69,13357054,1,5,1005
70,13357054,1,5,1005
71,13357054,1,5,1005
72,13357054,1,5,1005
73,13357054,1,5,1005
74,13357054,1,5,1005
75,13357054,1,5,1005
76,13357054,1,5,1005
77,13357054,1,5,1005
78,13363813,1,5,1005
79,13363813,1,5,1005
80,13363813,1,5,1005
81,13363813,1,5,1005
82,13363813,1,5,1005
83,13363813,1,5,1005
84,13363813,1,5,1005
85,13363813,1,5,1005
86,13363813,1,5,1005
87,13363813,1,5,1005
88,13363813,1,5,1005
89,13363813,1,5,1005
90,13363813,1,5,1005
91,13363813,1,5,1005
92,13363813,1,5,1005
93,13363813,1,5,1005
94,13363813,1,5,1005
95,13363813,1,5,1005
96,13363813,1,5,1005
97,13363813,1,5,1005
98,13363813,1,5,1005
99,13363813,1,5,1005
100,13363813,1,5,1005
1,12893016,2,5,1005
2,12893016,2,5,1005
3,12893016,2,5,1005
4,13250039,2,5,1005
5,13250039,2,5,1005
6,13250039,2,5,1005
7,13307077,2,5,1005
8,13307077,2,5,1005
9,13307077,2,5,1005
10,13307077,2,5,1005
11,13307077,2,5,1005
12,13307077,2,5,1005
13,13307077,2,5,1005
14,13307077,2,5,1005
15,13307077,2,5,1005
16,13307077,2,5,1005
17,13307077,2,5,1005
18,13307077,2,5,1005
19,13307077,2,5,1005
20,13307077,2,5,1005
21,13307077,2,5,1005
22,13307077,2,5,1005
23,13307077,2,5,1005
24,13307077,2,5,1005
25,13307077,2,5,1005
26,13307077,2,5,1005
27,13307077,2,5,1005
28,13307077,2,5,1005
29,13307077,2,5,1005
30,13307077,2,5,1005
31,13307077,2,5,1005
32,13307077,2,5,1005
33,13307077,2,5,1005
34,13307077,2,5,1005
35,13307077,2,5,1005
36,13307077,2,5,1005
37,13307077,2,5,1005
38,13307077,2,5,1005
39,13307077,2,5,1005
40,13307077,2,5,1005
41,13307077,2,5,1005
42,13307077,2,5,1005
43,13307077,2,5,1005
44,13307077,2,5,1005
45,13307077,2,5,1005
46,13307077,2,5,1005
47,13307077,2,5,1005
48,13307077,2,5,1005
49,13307077,2,5,1005
50,13307077,2,5,1005
51,13307077,2,5,1005
52,13307077,2,5,1005
53,13307077,2,5,1005
54,13307077,2,5,1005
55,13307077,2,5,1005
56,13307077,2,5,1005
57,13307077,2,5,1005
58,13357054,2,5,1005
59,13357054,2,5,1005
60,13357054,2,5,1005
61,13357054,2,5,1005
62,13357054,2,5,1005
63,13357054,2,5,1005
64,13357054,2,5,1005
65,13357054,2,5,1005
66,13357054,2,5,1005
67,13357054,2,5,1005
68,13357054,2,5,1005
69,13357054,2,5,1005
70,13357054,2,5,1005
71,13357054,2,5,1005
72,13357054,2,5,1005
73,13357054,2,5,1005
74,13357054,2,5,1005
75,13357054,2,5,1005
76,13357054,2,5,1005
77,13357054,2,5,1005
78,13363813,2,5,1005
79,13363813,2,5,1005
80,13363813,2,5,1005
81,13363813,2,5,1005
82,13363813,2,5,1005
83,13363813,2,5,1005
84,13363813,2,5,1005
85,13363813,2,5,1005
86,13363813,2,5,1005
87,13363813,2,5,1005
88,13363813,2,5,1005
89,13363813,2,5,1005
90,13363813,2,5,1005
91,13363813,2,5,1005
92,13363813,2,5,1005
93,13363813,2,5,1005
94,13363813,2,5,1005
95,13363813,2,5,1005
96,13363813,2,5,1005
97,13363813,2,5,1005
98,13363813,2,5,1005
99,13363813,2,5,1005
100,13363813,2,5,1005
1,12893016,5,5,1005
2,12893016,5,5,1005
3,12893016,5,5,1005
4,13250039,5,5,1005
5,13250039,5,5,1005
6,13250039,5,5,1005
7,13307077,5,5,1005
8,13307077,5,5,1005
9,13307077,5,5,1005
10,13307077,5,5,1005
11,13307077,5,5,1005
12,13307077,5,5,1005
13,13307077,5,5,1005
14,13307077,5,5,1005
15,13307077,5,5,1005
16,13307077,5,5,1005
17,13307077,5,5,1005
18,13307077,5,5,1005
19,13307077,5,5,1005
20,13307077,5,5,1005
21,13307077,5,5,1005
22,13307077,5,5,1005
23,13307077,5,5,1005
24,13307077,5,5,1005
25,13307077,5,5,1005
26,13307077,5,5,1005
27,13307077,5,5,1005
28,13307077,5,5,1005
29,13307077,5,5,1005
30,13307077,5,5,1005
31,13307077,5,5,1005
32,13307077,5,5,1005
33,13307077,5,5,1005
34,13307077,5,5,1005
35,13307077,5,5,1005
36,13307077,5,5,1005
37,13307077,5,5,1005
38,13307077,5,5,1005
39,13307077,5,5,1005
40,13307077,5,5,1005
41,13307077,5,5,1005
42,13307077,5,5,1005
43,13307077,5,5,1005
44,13307077,5,5,1005
45,13307077,5,5,1005
46,13307077,5,5,1005
47,13307077,5,5,1005
48,13307077,5,5,1005
49,13307077,5,5,1005
50,13307077,5,5,1005
51,13307077,5,5,1005
52,13307077,5,5,1005
53,13307077,5,5,1005
54,13307077,5,5,1005
55,13307077,5,5,1005
56,13307077,5,5,1005
57,13307077,5,5,1005
58,13357054,5,5,1005
59,13357054,5,5,1005
60,13357054,5,5,1005
61,13357054,5,5,1005
62,13357054,5,5,1005
63,13357054,5,5,1005
64,13357054,5,5,1005
65,13357054,5,5,1005
66,13357054,5,5,1005
67,13357054,5,5,1005
68,13357054,5,5,1005
69,13357054,5,5,1005
70,13357054,5,5,1005
71,13357054,5,5,1005
72,13357054,5,5,1005
73,13357054,5,5,1005
74,13357054,5,5,1005
75,13357054,5,5,1005
76,13357054,5,5,1005
77,13357054,5,5,1005
78,13363813,5,5,1005
79,13363813,5,5,1005
80,13363813,5,5,1005
81,13363813,5,5,1005
82,13363813,5,5,1005
83,13363813,5,5,1005
84,13363813,5,5,1005
85,13363813,5,5,1005
86,13363813,5,5,1005
87,13363813,5,5,1005
88,13363813,5,5,1005
89,13363813,5,5,1005
90,13363813,5,5,1005
91,13363813,5,5,1005
92,13363813,5,5,1005
93,13363813,5,5,1005
94,13363813,5,5,1005
95,13363813,5,5,1005
96,13363813,5,5,1005
97,13363813,5,5,1005
98,13363813,5,5,1005
99,13363813,5,5,1005
100,13363813,5,5,1005
1,12893016,10,5,1005
2,12893016,10,5,1005
3,12893016,10,5,1005
4,13250039,10,5,1005
5,13250039,10,5,1005
6,13250039,10,5,1005
7,13307077,10,5,1005
8,13307077,10,5,1005
9,13307077,10,5,1005
10,13307077,10,5,1005
11,13307077,10,5,1005
12,13307077,10,5,1005
13,13307077,10,5,1005
14,13307077,10,5,1005
15,13307077,10,5,1005
16,13307077,10,5,1005
17,13307077,10,5,1005
18,13307077,10,5,1005
19,13307077,10,5,1005
20,13307077,10,5,1005
21,13307077,10,5,1005
22,13307077,10,5,1005
23,13307077,10,5,1005
24,13307077,10,5,1005
25,13307077,10,5,1005
26,13307077,10,5,1005
27,13307077,10,5,1005
28,13307077,10,5,1005
29,13307077,10,5,1005
30,13307077,10,5,1005
31,13307077,10,5,1005
32,13307077,10,5,1005
33,13307077,10,5,1005
34,13307077,10,5,1005
35,13307077,10,5,1005
36,13307077,10,5,1005
37,13307077,10,5,1005
38,13307077,10,5,1005
39,13307077,10,5,1005
40,13307077,10,5,1005
41,13307077,10,5,1005
42,13307077,10,5,1005
43,13307077,10,5,1005
44,13307077,10,5,1005
45,13307077,10,5,1005
46,13307077,10,5,1005
47,13307077,10,5,1005
48,13307077,10,5,1005
49,13307077,10,5,1005
50,13307077,10,5,1005
51,13307077,10,5,1005
52,13307077,10,5,1005
53,13307077,10,5,1005
54,13307077,10,5,1005
55,13307077,10,5,1005
56,13307077,10,5,1005
57,13307077,10,5,1005
58,13357054,10,5,1005
59,13357054,10,5,1005
60,13357054,10,5,1005
61,13357054,10,5,1005
62,13357054,10,5,1005
63,13357054,10,5,1005
64,13357054,10,5,1005
65,13357054,10,5,1005
66,13357054,10,5,1005
67,13357054,10,5,1005
68,13357054,10,5,1005
69,13357054,10,5,1005
70,13357054,10,5,1005
71,13357054,10,5,1005
72,13357054,10,5,1005
73,13357054,10,5,1005
74,13357054,10,5,1005
75,13357054,10,5,1005
76,13357054,10,5,1005
77,13357054,10,5,1005
78,13363813,10,5,1005
79,13363813,10,5,1005
80,13363813,10,5,1005
81,13363813,10,5,1005
82,13363813,10,5,1005
83,13363813,10,5,1005
84,13363813,10,5,1005
85,13363813,10,5,1005
86,13363813,10,5,1005
87,13363813,10,5,1005
88,13363813,10,5,1005
89,13363813,10,5,1005
90,13363813,10,5,1005
91,13363813,10,5,1005
92,13363813,10,5,1005
93,13363813,10,5,1005
94,13363813,10,5,1005
95,13363813,10,5,1005
96,13363813,10,5,1005
97,13363813,10,5,1005
98,13363813,10,5,1005
99,13363813,10,5,1005
100,13363813,10,5,1005
1,12933164,0.1,6,1006
2,13142474,0.1,6,1006
3,13142474,0.1,6,1006
4,13142474,0.1,6,1006
5,13142474,0.1,6,1006
6,13142474,0.1,6,1006
7,13142474,0.1,6,1006
8,13142474,0.1,6,1006
9,13142474,0.1,6,1006
10,13142474,0.1,6,1006
11,13142474,0.1,6,1006
12,13142474,0.1,6,1006
13,13154136,0.1,6,1006
14,13154136,0.1,6,1006
15,13154136,0.1,6,1006
16,13154136,0.1,6,1006
17,13154136,0.1,6,1006
18,13154136,0.1,6,1006
19,13154136,0.1,6,1006
20,13154136,0.1,6,1006
21,13154136,0.1,6,1006
22,13154136,0.1,6,1006
23,13154136,0.1,6,1006
24,13154136,0.1,6,1006
25,13154136,0.1,6,1006
26,13154136,0.1,6,1006
27,13154136,0.1,6,1006
28,13154136,0.1,6,1006
29,13154136,0.1,6,1006
30,13154136,0.1,6,1006
31,13154136,0.1,6,1006
32,13154136,0.1,6,1006
33,13154136,0.1,6,1006
34,13154136,0.1,6,1006
35,13154136,0.1,6,1006
36,13154136,0.1,6,1006
37,13154136,0.1,6,1006
38,13154136,0.1,6,1006
39,13154136,0.1,6,1006
40,13154136,0.1,6,1006
41,13154136,0.1,6,1006
42,13154136,0.1,6,1006
43,13154136,0.1,6,1006
44,13154136,0.1,6,1006
45,13154136,0.1,6,1006
46,13154136,0.1,6,1006
47,13154136,0.1,6,1006
48,13154136,0.1,6,1006
49,13154136,0.1,6,1006
50,13154136,0.1,6,1006
51,13154136,0.1,6,1006
52,13154136,0.1,6,1006
53,13154136,0.1,6,1006
54,13154136,0.1,6,1006
55,13154136,0.1,6,1006
56,13154136,0.1,6,1006
57,13154136,0.1,6,1006
58,13154136,0.1,6,1006
59,13154136,0.1,6,1006
60,13154136,0.1,6,1006
61,13154136,0.1,6,1006
62,13154136,0.1,6,1006
63,13154136,0.1,6,1006
64,13154136,0.1,6,1006
65,13154136,0.1,6,1006
66,13154136,0.1,6,1006
67,13154136,0.1,6,1006
68,13247836,0.1,6,1006
69,13247836,0.1,6,1006
70,13247836,0.1,6,1006
71,13247836,0.1,6,1006
72,13247836,0.1,6,1006
73,13247836,0.1,6,1006
74,13247836,0.1,6,1006
75,13247836,0.1,6,1006
76,13261396,0.1,6,1006
77,13261396,0.1,6,1006
78,13261396,0.1,6,1006
79,13261396,0.1,6,1006
80,13261396,0.1,6,1006
81,13261396,0.1,6,1006
82,13261396,0.1,6,1006
83,13310838,0.1,6,1006
84,13310838,0.1,6,1006
85,13310838,0.1,6,1006
86,13310838,0.1,6,1006
87,13310838,0.1,6,1006
88,13310838,0.1,6,1006
89,13310838,0.1,6,1006
90,13310838,0.1,6,1006
91,13310838,0.1,6,1006
92,13310838,0.1,6,1006
93,13310838,0.1,6,1006
94,13310838,0.1,6,1006
95,13310838,0.1,6,1006
96,13310838,0.1,6,1006
97,13310838,0.1,6,1006
98,13310838,0.1,6,1006
99,13310838,0.1,6,1006
100,13310838,0.1,6,1006
1,12933164,1,6,1006
2,13142474,1,6,1006
3,13142474,1,6,1006
4,13142474,1,6,1006
5,13142474,1,6,1006
6,13142474,1,6,1006
7,13142474,1,6,1006
8,13142474,1,6,1006
9,13142474,1,6,1006
10,13142474,1,6,1006
11,13142474,1,6,1006
12,13142474,1,6,1006
13,13154136,1,6,1006
14,13154136,1,6,1006
15,13154136,1,6,1006
16,13154136,1,6,1006
17,13154136,1,6,1006
18,13154136,1,6,1006
19,13154136,1,6,1006
20,13154136,1,6,1006
21,13154136,1,6,1006
22,13154136,1,6,1006
23,13154136,1,6,1006
24,13154136,1,6,1006
25,13154136,1,6,1006
26,13154136,1,6,1006
27,13154136,1,6,1006
28,13154136,1,6,1006
29,13154136,1,6,1006
30,13154136,1,6,1006
31,13154136,1,6,1006
32,13154136,1,6,1006
33,13154136,1,6,1006
34,13154136,1,6,1006
35,13154136,1,6,1006
36,13154136,1,6,1006
37,13154136,1,6,1006
38,13154136,1,6,1006
39,13154136,1,6,1006
40,13154136,1,6,1006
41,13154136,1,6,1006
42,13154136,1,6,1006
43,13154136,1,6,1006
44,13154136,1,6,1006
45,13154136,1,6,1006
46,13154136,1,6,1006
47,13154136,1,6,1006
48,13154136,1,6,1006
49,13154136,1,6,1006
50,13154136,1,6,1006
51,13154136,1,6,1006
52,13154136,1,6,1006
53,13154136,1,6,1006
54,13154136,1,6,1006
55,13154136,1,6,1006
56,13154136,1,6,1006
57,13154136,1,6,1006
58,13154136,1,6,1006
59,13154136,1,6,1006
60,13154136,1,6,1006
61,13154136,1,6,1006
62,13154136,1,6,1006
63,13154136,1,6,1006
64,13154136,1,6,1006
65,13154136,1,6,1006
66,13154136,1,6,1006
67,13154136,1,6,1006
68,13247836,1,6,1006
69,13247836,1,6,1006
70,13247836,1,6,1006
71,13247836,1,6,1006
72,13247836,1,6,1006
73,13247836,1,6,1006
74,13247836,1,6,1006
75,13247836,1,6,1006
76,13261396,1,6,1006
77,13261396,1,6,1006
78,13261396,1,6,1006
79,13261396,1,6,1006
80,13261396,1,6,1006
81,13261396,1,6,1006
82,13261396,1,6,1006
83,13310838,1,6,1006
84,13310838,1,6,1006
85,13310838,1,6,1006
86,13310838,1,6,1006
87,13310838,1,6,1006
88,13310838,1,6,1006
89,13310838,1,6,1006
90,13310838,1,6,1006
91,13310838,1,6,1006
92,13310838,1,6,1006
93,13310838,1,6,1006
94,13310838,1,6,1006
95,13310838,1,6,1006
96,13310838,1,6,1006
97,13310838,1,6,1006
98,13310838,1,6,1006
99,13310838,1,6,1006
100,13310838,1,6,1006
1,12933164,2,6,1006
2,13142474,2,6,1006
3,13142474,2,6,1006
4,13142474,2,6,1006
5,13142474,2,6,1006
6,13142474,2,6,1006
7,13142474,2,6,1006
8,13142474,2,6,1006
9,13142474,2,6,1006
10,13142474,2,6,1006
11,13142474,2,6,1006
12,13142474,2,6,1006
13,13154136,2,6,1006
14,13154136,2,6,1006
15,13154136,2,6,1006
16,13154136,2,6,1006
17,13154136,2,6,1006
18,13154136,2,6,1006
19,13154136,2,6,1006
20,13154136,2,6,1006
21,13154136,2,6,1006
22,13154136,2,6,1006
23,13154136,2,6,1006
24,13154136,2,6,1006
25,13154136,2,6,1006
26,13154136,2,6,1006
27,13154136,2,6,1006
28,13154136,2,6,1006
29,13154136,2,6,1006
30,13154136,2,6,1006
31,13154136,2,6,1006
32,13154136,2,6,1006
33,13154136,2,6,1006
34,13154136,2,6,1006
35,13154136,2,6,1006
36,13154136,2,6,1006
37,13154136,2,6,1006
38,13154136,2,6,1006
39,13154136,2,6,1006
40,13154136,2,6,1006
41,13154136,2,6,1006
42,13154136,2,6,1006
43,13154136,2,6,1006
44,13154136,2,6,1006
45,13154136,2,6,1006
46,13154136,2,6,1006
47,13154136,2,6,1006
48,13154136,2,6,1006
49,13154136,2,6,1006
50,13154136,2,6,1006
51,13154136,2,6,1006
52,13154136,2,6,1006
53,13154136,2,6,1006
54,13154136,2,6,1006
55,13154136,2,6,1006
56,13154136,2,6,1006
57,13154136,2,6,1006
58,13154136,2,6,1006
59,13154136,2,6,1006
60,13154136,2,6,1006
61,13154136,2,6,1006
62,13154136,2,6,1006
63,13154136,2,6,1006
64,13154136,2,6,1006
65,13154136,2,6,1006
66,13154136,2,6,1006
67,13154136,2,6,1006
68,13247836,2,6,1006
69,13247836,2,6,1006
70,13247836,2,6,1006
71,13247836,2,6,1006
72,13247836,2,6,1006
73,13247836,2,6,1006
74,13247836,2,6,1006
75,13247836,2,6,1006
76,13261396,2,6,1006
77,13261396,2,6,1006
78,13261396,2,6,1006
79,13261396,2,6,1006
80,13261396,2,6,1006
81,13261396,2,6,1006
82,13261396,2,6,1006
83,13310838,2,6,1006
84,13310838,2,6,1006
85,13310838,2,6,1006
86,13310838,2,6,1006
87,13310838,2,6,1006
88,13310838,2,6,1006
89,13310838,2,6,1006
90,13310838,2,6,1006
91,13310838,2,6,1006
92,13310838,2,6,1006
93,13310838,2,6,1006
94,13310838,2,6,1006
95,13310838,2,6,1006
96,13310838,2,6,1006
97,13310838,2,6,1006
98,13310838,2,6,1006
99,13310838,2,6,1006
100,13310838,2,6,1006
1,12933164,5,6,1006
2,13142474,5,6,1006
3,13142474,5,6,1006
4,13142474,5,6,1006
5,13142474,5,6,1006
6,13142474,5,6,1006
7,13142474,5,6,1006
8,13142474,5,6,1006
9,13142474,5,6,1006
10,13142474,5,6,1006
11,13142474,5,6,1006
12,13142474,5,6,1006
13,13154136,5,6,1006
14,13154136,5,6,1006
15,13154136,5,6,1006
16,13154136,5,6,1006
17,13154136,5,6,1006
18,13154136,5,6,1006
19,13154136,5,6,1006
20,13154136,5,6,1006
21,13154136,5,6,1006
22,13154136,5,6,1006
23,13154136,5,6,1006
24,13154136,5,6,1006
25,13154136,5,6,1006
26,13154136,5,6,1006
27,13154136,5,6,1006
28,13154136,5,6,1006
29,13154136,5,6,1006
30,13154136,5,6,1006
31,13154136,5,6,1006
32,13154136,5,6,1006
33,13154136,5,6,1006
34,13154136,5,6,1006
35,13154136,5,6,1006
36,13154136,5,6,1006
37,13154136,5,6,1006
38,13154136,5,6,1006
39,13154136,5,6,1006
40,13154136,5,6,1006
41,13154136,5,6,1006
42,13154136,5,6,1006
43,13154136,5,6,1006
44,13154136,5,6,1006
45,13154136,5,6,1006
46,13154136,5,6,1006
47,13154136,5,6,1006
48,13154136,5,6,1006
49,13154136,5,6,1006
50,13154136,5,6,1006
51,13154136,5,6,1006
52,13154136,5,6,1006
53,13154136,5,6,1006
54,13154136,5,6,1006
55,13154136,5,6,1006
56,13154136,5,6,1006
57,13154136,5,6,1006
58,13154136,5,6,1006
59,13154136,5,6,1006
60,13154136,5,6,1006
61,13154136,5,6,1006
62,13154136,5,6,1006
63,13154136,5,6,1006
64,13154136,5,6,1006
65,13154136,5,6,1006
66,13154136,5,6,1006
67,13154136,5,6,1006
68,13247836,5,6,1006
69,13247836,5,6,1006
70,13247836,5,6,1006
71,13247836,5,6,1006
72,13247836,5,6,1006
73,13247836,5,6,1006
74,13247836,5,6,1006
75,13247836,5,6,1006
76,13261396,5,6,1006
77,13261396,5,6,1006
78,13261396,5,6,1006
79,13261396,5,6,1006
80,13261396,5,6,1006
81,13261396,5,6,1006
82,13261396,5,6,1006
83,13310838,5,6,1006
84,13310838,5,6,1006
85,13310838,5,6,1006
86,13310838,5,6,1006
87,13310838,5,6,1006
88,13310838,5,6,1006
89,13310838,5,6,1006
90,13310838,5,6,1006
91,13310838,5,6,1006
92,13310838,5,6,1006
93,13310838,5,6,1006
94,13310838,5,6,1006
95,13310838,5,6,1006
96,13310838,5,6,1006
97,13310838,5,6,1006
98,13310838,5,6,1006
99,13310838,5,6,1006
100,13310838,5,6,1006
1,12933164,10,6,1006
2,13142474,10,6,1006
3,13142474,10,6,1006
4,13142474,10,6,1006
5,13142474,10,6,1006
6,13142474,10,6,1006
7,13142474,10,6,1006
8,13142474,10,6,1006
9,13142474,10,6,1006
10,13142474,10,6,1006
11,13142474,10,6,1006
12,13142474,10,6,1006
13,13154136,10,6,1006
14,13154136,10,6,1006
15,13154136,10,6,1006
16,13154136,10,6,1006
17,13154136,10,6,1006
18,13154136,10,6,1006
19,13154136,10,6,1006
20,13154136,10,6,1006
21,13154136,10,6,1006
22,13154136,10,6,1006
23,13154136,10,6,1006
24,13154136,10,6,1006
25,13154136,10,6,1006
26,13154136,10,6,1006
27,13154136,10,6,1006
28,13154136,10,6,1006
29,13154136,10,6,1006
30,13154136,10,6,1006
31,13154136,10,6,1006
32,13154136,10,6,1006
33,13154136,10,6,1006
34,13154136,10,6,1006
35,13154136,10,6,1006
36,13154136,10,6,1006
37,13154136,10,6,1006
38,13154136,10,6,1006
39,13154136,10,6,1006
40,13154136,10,6,1006
41,13154136,10,6,1006
42,13154136,10,6,1006
43,13154136,10,6,1006
44,13154136,10,6,1006
45,13154136,10,6,1006
46,13154136,10,6,1006
47,13154136,10,6,1006
48,13154136,10,6,1006
49,13154136,10,6,1006
50,13154136,10,6,1006
51,13154136,10,6,1006
52,13154136,10,6,1006
53,13154136,10,6,1006
54,13154136,10,6,1006
55,13154136,10,6,1006
56,13154136,10,6,1006
57,13154136,10,6,1006
58,13154136,10,6,1006
59,13154136,10,6,1006
60,13154136,10,6,1006
61,13154136,10,6,1006
62,13154136,10,6,1006
63,13154136,10,6,1006
64,13154136,10,6,1006
65,13154136,10,6,1006
66,13154136,10,6,1006
67,13154136,10,6,1006
68,13247836,10,6,1006
69,13247836,10,6,1006
70,13247836,10,6,1006
71,13247836,10,6,1006
72,13247836,10,6,1006
73,13247836,10,6,1006
74,13247836,10,6,1006
75,13247836,10,6,1006
76,13261396,10,6,1006
77,13261396,10,6,1006
78,13261396,10,6,1006
79,13261396,10,6,1006
80,13261396,10,6,1006
81,13261396,10,6,1006
82,13261396,10,6,1006
83,13310838,10,6,1006
84,13310838,10,6,1006
85,13310838,10,6,1006
86,13310838,10,6,1006
87,13310838,10,6,1006
88,13310838,10,6,1006
89,13310838,10,6,1006
90,13310838,10,6,1006
91,13310838,10,6,1006
92,13310838,10,6,1006
93,13310838,10,6,1006
94,13310838,10,6,1006
95,13310838,10,6,1006
96,13310838,10,6,1006
97,13310838,10,6,1006
98,13310838,10,6,1006
99,13310838,10,6,1006
100,13310838,10,6,1006
1,12947811,0.1,7,1007
2,12957021,0.1,7,1007
3,12957021,0.1,7,1007
4,12957021,0.1,7,1007
5,13107787,0.1,7,1007
6,13107787,0.1,7,1007
7,13183565,0.1,7,1007
8,13183565,0.1,7,1007
9,13183565,0.1,7,1007
10,13183565,0.1,7,1007
11,13183565,0.1,7,1007
12,13183565,0.1,7,1007
13,13183565,0.1,7,1007
14,13183565,0.1,7,1007
15,13183565,0.1,7,1007
16,13183565,0.1,7,1007
17,13183565,0.1,7,1007
18,13183565,0.1,7,1007
19,13183565,0.1,7,1007
20,13221536,0.1,7,1007
21,13221536,0.1,7,1007
22,13221536,0.1,7,1007
23,13221536,0.1,7,1007
24,13221536,0.1,7,1007
25,13221536,0.1,7,1007
26,13221536,0.1,7,1007
27,13221536,0.1,7,1007
28,13221536,0.1,7,1007
29,13221536,0.1,7,1007
30,13221536,0.1,7,1007
31,13221536,0.1,7,1007
32,13221536,0.1,7,1007
33,13221536,0.1,7,1007
34,13221536,0.1,7,1007
35,13221536,0.1,7,1007
36,13221536,0.1,7,1007
37,13221536,0.1,7,1007
38,13221536,0.1,7,1007
39,13221536,0.1,7,1007
40,13221536,0.1,7,1007
41,13221536,0.1,7,1007
42,13221536,0.1,7,1007
43,13221536,0.1,7,1007
44,13221536,0.1,7,1007
45,13221536,0.1,7,1007
46,13221536,0.1,7,1007
47,13221536,0.1,7,1007
48,13221536,0.1,7,1007
49,13221536,0.1,7,1007
50,13221536,0.1,7,1007
51,13221536,0.1,7,1007
52,13221536,0.1,7,1007
53,13221536,0.1,7,1007
54,13221536,0.1,7,1007
55,13221536,0.1,7,1007
56,13221536,0.1,7,1007
57,13221536,0.1,7,1007
58,13221536,0.1,7,1007
59,13221536,0.1,7,1007
60,13221536,0.1,7,1007
61,13221536,0.1,7,1007
62,13221536,0.1,7,1007
63,13221536,0.1,7,1007
64,13221536,0.1,7,1007
65,13221536,0.1,7,1007
66,13221536,0.1,7,1007
67,13221536,0.1,7,1007
68,13221536,0.1,7,1007
69,13221536,0.1,7,1007
70,13221536,0.1,7,1007
71,13221536,0.1,7,1007
72,13221536,0.1,7,1007
73,13221536,0.1,7,1007
74,13221536,0.1,7,1007
75,13221536,0.1,7,1007
76,13221536,0.1,7,1007
77,13221536,0.1,7,1007
78,13221536,0.1,7,1007
79,13221536,0.1,7,1007
80,13221536,0.1,7,1007
81,13221536,0.1,7,1007
82,13221536,0.1,7,1007
83,13221536,0.1,7,1007
84,13221536,0.1,7,1007
85,13221536,0.1,7,1007
86,13221536,0.1,7,1007
87,13221536,0.1,7,1007
88,13221536,0.1,7,1007
89,13221536,0.1,7,1007
90,13221536,0.1,7,1007
91,13221536,0.1,7,1007
92,13221536,0.1,7,1007
93,13221536,0.1,7,1007
94,13221536,0.1,7,1007
95,13221536,0.1,7,1007
96,13221536,0.1,7,1007
97,13221536,0.1,7,1007
98,13221536,0.1,7,1007
99,13221536,0.1,7,1007
100,13221536,0.1,7,1007
1,12947811,1,7,1007
2,12957021,1,7,1007
3,12957021,1,7,1007
4,12957021,1,7,1007
5,13107787,1,7,1007
6,13107787,1,7,1007
7,13183565,1,7,1007
8,13183565,1,7,1007
9,13183565,1,7,1007
10,13183565,1,7,1007
11,13183565,1,7,1007
12,13183565,1,7,1007
13,13183565,1,7,1007
14,13183565,1,7,1007
15,13183565,1,7,1007
16,13183565,1,7,1007
17,13183565,1,7,1007
18,13183565,1,7,1007
19,13183565,1,7,1007
20,13221536,1,7,1007
21,13221536,1,7,1007
22,13221536,1,7,1007
23,13221536,1,7,1007
24,13221536,1,7,1007
25,13221536,1,7,1007
26,13221536,1,7,1007
27,13221536,1,7,1007
28,13221536,1,7,1007
29,13221536,1,7,1007
30,13221536,1,7,1007
31,13221536,1,7,1007
32,13221536,1,7,1007
33,13221536,1,7,1007
34,13221536,1,7,1007
35,13221536,1,7,1007
36,13221536,1,7,1007
37,13221536,1,7,1007
38,13221536,1,7,1007
39,13221536,1,7,1007
40,13221536,1,7,1007
41,13221536,1,7,1007
42,13221536,1,7,1007
43,13221536,1,7,1007
44,13221536,1,7,1007
45,13221536,1,7,1007
46,13221536,1,7,1007
47,13221536,1,7,1007
48,13221536,1,7,1007
49,13221536,1,7,1007
50,13221536,1,7,1007
51,13221536,1,7,1007
52,13221536,1,7,1007
53,13221536,1,7,1007
54,13221536,1,7,1007
55,13221536,1,7,1007
56,13221536,1,7,1007
57,13221536,1,7,1007
58,13221536,1,7,1007
59,13221536,1,7,1007
60,13221536,1,7,1007
61,13221536,1,7,1007
62,13221536,1,7,1007
63,13221536,1,7,1007
64,13221536,1,7,1007
65,13221536,1,7,1007
66,13221536,1,7,1007
67,13221536,1,7,1007
68,13221536,1,7,1007
69,13221536,1,7,1007
70,13221536,1,7,1007
71,13221536,1,7,1007
72,13221536,1,7,1007
73,13221536,1,7,1007
74,13221536,1,7,1007
75,13221536,1,7,1007
76,13221536,1,7,1007
77,13221536,1,7,1007
78,13221536,1,7,1007
79,13221536,1,7,1007
80,13221536,1,7,1007
81,13221536,1,7,1007
82,13221536,1,7,1007
83,13221536,1,7,1007
84,13221536,1,7,1007
85,13221536,1,7,1007
86,13221536,1,7,1007
87,13221536,1,7,1007
88,13221536,1,7,1007
89,13221536,1,7,1007
90,13221536,1,7,1007
91,13221536,1,7,1007
92,13221536,1,7,1007
93,13221536,1,7,1007
94,13221536,1,7,1007
95,13221536,1,7,1007
96,13221536,1,7,1007
97,13221536,1,7,1007
98,13221536,1,7,1007
99,13221536,1,7,1007
100,13221536,1,7,1007
1,12947811,2,7,1007
2,12957021,2,7,1007
3,12957021,2,7,1007
4,12957021,2,7,1007
5,13107787,2,7,1007
6,13107787,2,7,1007
7,13183565,2,7,1007
8,13183565,2,7,1007
9,13183565,2,7,1007
10,13183565,2,7,1007
11,13183565,2,7,1007
12,13183565,2,7,1007
13,13183565,2,7,1007
14,13183565,2,7,1007
15,13183565,2,7,1007
16,13183565,2,7,1007
17,13183565,2,7,1007
18,13183565,2,7,1007
19,13183565,2,7,1007
20,13221536,2,7,1007
21,13221536,2,7,1007
22,13221536,2,7,1007
23,13221536,2,7,1007
24,13221536,2,7,1007
25,13221536,2,7,1007
26,13221536,2,7,1007
27,13221536,2,7,1007
28,13221536,2,7,1007
29,13221536,2,7,1007
30,13221536,2,7,1007
31,13221536,2,7,1007
32,13221536,2,7,1007
33,13221536,2,7,1007
34,13221536,2,7,1007
35,13221536,2,7,1007
36,13221536,2,7,1007
37,13221536,2,7,1007
38,13221536,2,7,1007
39,13221536,2,7,1007
40,13221536,2,7,1007
41,13221536,2,7,1007
42,13221536,2,7,1007
43,13221536,2,7,1007
44,13221536,2,7,1007
45,13221536,2,7,1007
46,13221536,2,7,1007
47,13221536,2,7,1007
48,13221536,2,7,1007
49,13221536,2,7,1007
50,13221536,2,7,1007
51,13221536,2,7,1007
52,13221536,2,7,1007
53,13221536,2,7,1007
54,13221536,2,7,1007
55,13221536,2,7,1007
56,13221536,2,7,1007
57,13221536,2,7,1007
58,13221536,2,7,1007
59,13221536,2,7,1007
60,13221536,2,7,1007
61,13221536,2,7,1007
62,13221536,2,7,1007
63,13221536,2,7,1007
64,13221536,2,7,1007
65,13221536,2,7,1007
66,13221536,2,7,1007
67,13221536,2,7,1007
68,13221536,2,7,1007
69,13221536,2,7,1007
70,13221536,2,7,1007
71,13221536,2,7,1007
72,13221536,2,7,1007
73,13221536,2,7,1007
74,13221536,2,7,1007
75,13221536,2,7,1007
76,13221536,2,7,1007
77,13221536,2,7,1007
78,13221536,2,7,1007
79,13221536,2,7,1007
80,13221536,2,7,1007
81,13221536,2,7,1007
82,13221536,2,7,1007
83,13221536,2,7,1007
84,13221536,2,7,1007
85,13221536,2,7,1007
86,13221536,2,7,1007
87,13221536,2,7,1007
88,13221536,2,7,1007
89,13221536,2,7,1007
90,13221536,2,7,1007
91,13221536,2,7,1007
92,13221536,2,7,1007
93,13221536,2,7,1007
94,13221536,2,7,1007
95,13221536,2,7,1007
96,13221536,2,7,1007
97,13221536,2,7,1007
98,13221536,2,7,1007
99,13221536,2,7,1007
100,13221536,2,7,1007
1,12947811,5,7,1007
2,12957021,5,7,1007
3,12957021,5,7,1007
4,12957021,5,7,1007
5,13107787,5,7,1007
6,13107787,5,7,1007
7,13183565,5,7,1007
8,13183565,5,7,1007
9,13183565,5,7,1007
10,13183565,5,7,1007
11,13183565,5,7,1007
12,13183565,5,7,1007
13,13183565,5,7,1007
14,13183565,5,7,1007
15,13183565,5,7,1007
16,13183565,5,7,1007
17,13183565,5,7,1007
18,13183565,5,7,1007
19,13183565,5,7,1007
20,13221536,5,7,1007
21,13221536,5,7,1007
22,13221536,5,7,1007
23,13221536,5,7,1007
24,13221536,5,7,1007
25,13221536,5,7,1007
26,13221536,5,7,1007
27,13221536,5,7,1007
28,13221536,5,7,1007
29,13221536,5,7,1007
30,13221536,5,7,1007
31,13221536,5,7,1007
32,13221536,5,7,1007
33,13221536,5,7,1007
34,13221536,5,7,1007
35,13221536,5,7,1007
36,13221536,5,7,1007
37,13221536,5,7,1007
38,13221536,5,7,1007
39,13221536,5,7,1007
40,13221536,5,7,1007
41,13221536,5,7,1007
42,13221536,5,7,1007
43,13221536,5,7,1007
44,13221536,5,7,1007
45,13221536,5,7,1007
46,13221536,5,7,1007
47,13221536,5,7,1007
48,13221536,5,7,1007
49,13221536,5,7,1007
50,13221536,5,7,1007
51,13221536,5,7,1007
52,13221536,5,7,1007
53,13221536,5,7,1007
54,13221536,5,7,1007
55,13221536,5,7,1007
56,13221536,5,7,1007
57,13221536,5,7,1007
58,13221536,5,7,1007
59,13221536,5,7,1007
60,13221536,5,7,1007
61,13221536,5,7,1007
62,13221536,5,7,1007
63,13221536,5,7,1007
64,13221536,5,7,1007
65,13221536,5,7,1007
66,13221536,5,7,1007
67,13221536,5,7,1007
68,13221536,5,7,1007
69,13221536,5,7,1007
70,13221536,5,7,1007
71,13221536,5,7,1007
72,13221536,5,7,1007
73,13221536,5,7,1007
74,13221536,5,7,1007
75,13221536,5,7,1007
76,13221536,5,7,1007
77,13221536,5,7,1007
78,13221536,5,7,1007
79,13221536,5,7,1007
80,13221536,5,7,1007
81,13221536,5,7,1007
82,13221536,5,7,1007
83,13221536,5,7,1007
84,13221536,5,7,1007
85,13221536,5,7,1007
86,13221536,5,7,1007
87,13221536,5,7,1007
88,13221536,5,7,1007
89,13221536,5,7,1007
90,13221536,5,7,1007
91,13221536,5,7,1007
92,13221536,5,7,1007
93,13221536,5,7,1007
94,13221536,5,7,1007
95,13221536,5,7,1007
96,13221536,5,7,1007
97,13221536,5,7,1007
98,13221536,5,7,1007
99,13221536,5,7,1007
100,13221536,5,7,1007
1,12947811,10,7,1007
2,12957021,10,7,1007
3,12957021,10,7,1007
4,12957021,10,7,1007
5,13107787,10,7,1007
6,13107787,10,7,1007
7,13183565,10,7,1007
8,13183565,10,7,1007
9,13183565,10,7,1007
10,13183565,10,7,1007
11,13183565,10,7,1007
12,13183565,10,7,1007
13,13183565,10,7,1007
14,13183565,10,7,1007
15,13183565,10,7,1007
16,13183565,10,7,1007
17,13183565,10,7,1007
18,13183565,10,7,1007
19,13183565,10,7,1007
20,13221536,10,7,1007
21,13221536,10,7,1007
22,13221536,10,7,1007
23,13221536,10,7,1007
24,13221536,10,7,1007
25,13221536,10,7,1007
26,13221536,10,7,1007
27,13221536,10,7,1007
28,13221536,10,7,1007
29,13221536,10,7,1007
30,13221536,10,7,1007
31,13221536,10,7,1007
32,13221536,10,7,1007
33,13221536,10,7,1007
34,13221536,10,7,1007
35,13221536,10,7,1007
36,13221536,10,7,1007
37,13221536,10,7,1007
38,13221536,10,7,1007
39,13221536,10,7,1007
40,13221536,10,7,1007
41,13221536,10,7,1007
42,13221536,10,7,1007
43,13221536,10,7,1007
44,13221536,10,7,1007
45,13221536,10,7,1007
46,13221536,10,7,1007
47,13221536,10,7,1007
48,13221536,10,7,1007
49,13221536,10,7,1007
50,13221536,10,7,1007
51,13221536,10,7,1007
52,13221536,10,7,1007
53,13221536,10,7,1007
54,13221536,10,7,1007
55,13221536,10,7,1007
56,13221536,10,7,1007
57,13221536,10,7,1007
58,13221536,10,7,1007
59,13221536,10,7,1007
60,13221536,10,7,1007
61,13221536,10,7,1007
62,13221536,10,7,1007
63,13221536,10,7,1007
64,13221536,10,7,1007
65,13221536,10,7,1007
66,13221536,10,7,1007
67,13221536,10,7,1007
68,13221536,10,7,1007
69,13221536,10,7,1007
70,13221536,10,7,1007
71,13221536,10,7,1007
72,13221536,10,7,1007
73,13221536,10,7,1007
74,13221536,10,7,1007
75,13221536,10,7,1007
76,13221536,10,7,1007
77,13221536,10,7,1007
78,13221536,10,7,1007
79,13221536,10,7,1007
80,13221536,10,7,1007
81,13221536,10,7,1007
82,13221536,10,7,1007
83,13221536,10,7,1007
84,13221536,10,7,1007
85,13221536,10,7,1007
86,13221536,10,7,1007
87,13221536,10,7,1007
88,13221536,10,7,1007
89,13221536,10,7,1007
90,13221536,10,7,1007
91,13221536,10,7,1007
92,13221536,10,7,1007
93,13221536,10,7,1007
94,13221536,10,7,1007
95,13221536,10,7,1007
96,13221536,10,7,1007
97,13221536,10,7,1007
98,13221536,10,7,1007
99,13221536,10,7,1007
100,13221536,10,7,1007
1,12874265,0.1,8,1008
2,12947495,0.1,8,1008
3,12947495,0.1,8,1008
4,13020880,0.1,8,1008
5,13020880,0.1,8,1008
6,13020880,0.1,8,1008
7,13020880,0.1,8,1008
8,13020880,0.1,8,1008
9,13020880,0.1,8,1008
10,13020880,0.1,8,1008
11,13020880,0.1,8,1008
12,13058481,0.1,8,1008
13,13058481,0.1,8,1008
14,13058481,0.1,8,1008
15,13058481,0.1,8,1008
16,13058481,0.1,8,1008
17,13058481,0.1,8,1008
18,13058481,0.1,8,1008
19,13192189,0.1,8,1008
20,13192189,0.1,8,1008
21,13192189,0.1,8,1008
22,13192189,0.1,8,1008
23,13192189,0.1,8,1008
24,13192189,0.1,8,1008
25,13192189,0.1,8,1008
26,13192189,0.1,8,1008
27,13192189,0.1,8,1008
28,13192189,0.1,8,1008
29,13192189,0.1,8,1008
30,13192189,0.1,8,1008
31,13192189,0.1,8,1008
32,13192189,0.1,8,1008
33,13192189,0.1,8,1008
34,13192189,0.1,8,1008
35,13192189,0.1,8,1008
36,13397438,0.1,8,1008
37,13397438,0.1,8,1008
38,13397438,0.1,8,1008
39,13494864,0.1,8,1008
40,13494864,0.1,8,1008
41,13494864,0.1,8,1008
42,13494864,0.1,8,1008
43,13494864,0.1,8,1008
44,13494864,0.1,8,1008
45,13494864,0.1,8,1008
46,13494864,0.1,8,1008
47,13494864,0.1,8,1008
48,13494864,0.1,8,1008
49,13494864,0.1,8,1008
50,13494864,0.1,8,1008
51,13494864,0.1,8,1008
52,13494864,0.1,8,1008
53,13494864,0.1,8,1008
54,13494864,0.1,8,1008
55,13494864,0.1,8,1008
56,13494864,0.1,8,1008
57,13494864,0.1,8,1008
58,13494864,0.1,8,1008
59,13494864,0.1,8,1008
60,13494864,0.1,8,1008
61,13494864,0.1,8,1008
62,13494864,0.1,8,1008
63,13494864,0.1,8,1008
64,13494864,0.1,8,1008
65,13494864,0.1,8,1008
66,13494864,0.1,8,1008
67,13494864,0.1,8,1008
68,13494864,0.1,8,1008
69,13494864,0.1,8,1008
70,13494864,0.1,8,1008
71,13494864,0.1,8,1008
72,13494864,0.1,8,1008
73,13494864,0.1,8,1008
74,13494864,0.1,8,1008
75,13494864,0.1,8,1008
76,13494864,0.1,8,1008
77,13494864,0.1,8,1008
78,13494864,0.1,8,1008
79,13494864,0.1,8,1008
80,13494864,0.1,8,1008
81,13494864,0.1,8,1008
82,13494864,0.1,8,1008
83,13494864,0.1,8,1008
84,13494864,0.1,8,1008
85,13494864,0.1,8,1008
86,13494864,0.1,8,1008
87,13494864,0.1,8,1008
88,13494864,0.1,8,1008
89,13494864,0.1,8,1008
90,13494864,0.1,8,1008
91,13494864,0.1,8,1008
92,13494864,0.1,8,1008
93,13494864,0.1,8,1008
94,13494864,0.1,8,1008
95,13494864,0.1,8,1008
96,13494864,0.1,8,1008
97,13494864,0.1,8,1008
98,13494864,0.1,8,1008
99,13494864,0.1,8,1008
100,13494864,0.1,8,1008
1,12874265,1,8,1008
2,12947495,1,8,1008
3,12947495,1,8,1008
4,13020880,1,8,1008
5,13020880,1,8,1008
6,13020880,1,8,1008
7,13020880,1,8,1008
8,13020880,1,8,1008
9,13020880,1,8,1008
10,13020880,1,8,1008
11,13020880,1,8,1008
12,13058481,1,8,1008
13,13058481,1,8,1008
14,13058481,1,8,1008
15,13058481,1,8,1008
16,13058481,1,8,1008
17,13058481,1,8,1008
18,13058481,1,8,1008
19,13192189,1,8,1008
20,13192189,1,8,1008
21,13192189,1,8,1008
22,13192189,1,8,1008
23,13192189,1,8,1008
24,13192189,1,8,1008
25,13192189,1,8,1008
26,13192189,1,8,1008
27,13192189,1,8,1008
28,13192189,1,8,1008
29,13192189,1,8,1008
30,13192189,1,8,1008
31,13192189,1,8,1008
32,13192189,1,8,1008
33,13192189,1,8,1008
34,13192189,1,8,1008
35,13192189,1,8,1008
36,13397438,1,8,1008
37,13397438,1,8,1008
38,13397438,1,8,1008
39,13494864,1,8,1008
40,13494864,1,8,1008
41,13494864,1,8,1008
42,13494864,1,8,1008
43,13494864,1,8,1008
44,13494864,1,8,1008
45,13494864,1,8,1008
46,13494864,1,8,1008
47,13494864,1,8,1008
48,13494864,1,8,1008
49,13494864,1,8,1008
50,13494864,1,8,1008
51,13494864,1,8,1008
52,13494864,1,8,1008
53,13494864,1,8,1008
54,13494864,1,8,1008
55,13494864,1,8,1008
56,13494864,1,8,1008
57,13494864,1,8,1008
58,13494864,1,8,1008
59,13494864,1,8,1008
60,13494864,1,8,1008
61,13494864,1,8,1008
62,13494864,1,8,1008
63,13494864,1,8,1008
64,13494864,1,8,1008
65,13494864,1,8,1008
66,13494864,1,8,1008
67,13494864,1,8,1008
68,13494864,1,8,1008
69,13494864,1,8,1008
70,13494864,1,8,1008
71,13494864,1,8,1008
72,13494864,1,8,1008
73,13494864,1,8,1008
74,13494864,1,8,1008
75,13494864,1,8,1008
76,13494864,1,8,1008
77,13494864,1,8,1008
78,13494864,1,8,1008
79,13494864,1,8,1008
80,13494864,1,8,1008
81,13494864,1,8,1008
82,13494864,1,8,1008
83,13494864,1,8,1008
84,13494864,1,8,1008
85,13494864,1,8,1008
86,13494864,1,8,1008
87,13494864,1,8,1008
88,13494864,1,8,1008
89,13494864,1,8,1008
90,13494864,1,8,1008
91,13494864,1,8,1008
92,13494864,1,8,1008
93,13494864,1,8,1008
94,13494864,1,8,1008
95,13494864,1,8,1008
96,13494864,1,8,1008
97,13494864,1,8,1008
98,13494864,1,8,1008
99,13494864,1,8,1008
100,13494864,1,8,1008
1,12874265,2,8,1008
2,12947495,2,8,1008
3,12947495,2,8,1008
4,13020880,2,8,1008
5,13020880,2,8,1008
6,13020880,2,8,1008
7,13020880,2,8,1008
8,13020880,2,8,1008
9,13020880,2,8,1008
10,13020880,2,8,1008
11,13020880,2,8,1008
12,13058481,2,8,1008
13,13058481,2,8,1008
14,13058481,2,8,1008
15,13058481,2,8,1008
16,13058481,2,8,1008
17,13058481,2,8,1008
18,13058481,2,8,1008
19,13192189,2,8,1008
20,13192189,2,8,1008
21,13192189,2,8,1008
22,13192189,2,8,1008
23,13192189,2,8,1008
24,13192189,2,8,1008
25,13192189,2,8,1008
26,13192189,2,8,1008
27,13192189,2,8,1008
28,13192189,2,8,1008
29,13192189,2,8,1008
30,13192189,2,8,1008
31,13192189,2,8,1008
32,13192189,2,8,1008
33,13192189,2,8,1008
34,13192189,2,8,1008
35,13192189,2,8,1008
36,13397438,2,8,1008
37,13397438,2,8,1008
38,13397438,2,8,1008
39,13494864,2,8,1008
40,13494864,2,8,1008
41,13494864,2,8,1008
42,13494864,2,8,1008
43,13494864,2,8,1008
44,13494864,2,8,1008
45,13494864,2,8,1008
46,13494864,2,8,1008
47,13494864,2,8,1008
48,13494864,2,8,1008
49,13494864,2,8,1008
50,13494864,2,8,1008
51,13494864,2,8,1008
52,13494864,2,8,1008
53,13494864,2,8,1008
54,13494864,2,8,1008
55,13494864,2,8,1008
56,13494864,2,8,1008
57,13494864,2,8,1008
58,13494864,2,8,1008
59,13494864,2,8,1008
60,13494864,2,8,1008
61,13494864,2,8,1008
62,13494864,2,8,1008
63,13494864,2,8,1008
64,13494864,2,8,1008
65,13494864,2,8,1008
66,13494864,2,8,1008
67,13494864,2,8,1008
68,13494864,2,8,1008
69,13494864,2,8,1008
70,13494864,2,8,1008
71,13494864,2,8,1008
72,13494864,2,8,1008
73,13494864,2,8,1008
74,13494864,2,8,1008
75,13494864,2,8,1008
76,13494864,2,8,1008
77,13494864,2,8,1008
78,13494864,2,8,1008
79,13494864,2,8,1008
80,13494864,2,8,1008
81,13494864,2,8,1008
82,13494864,2,8,1008
83,13494864,2,8,1008
84,13494864,2,8,1008
85,13494864,2,8,1008
86,13494864,2,8,1008
87,13494864,2,8,1008
88,13494864,2,8,1008
89,13494864,2,8,1008
90,13494864,2,8,1008
91,13494864,2,8,1008
92,13494864,2,8,1008
93,13494864,2,8,1008
94,13494864,2,8,1008
95,13494864,2,8,1008
96,13494864,2,8,1008
97,13494864,2,8,1008
98,13494864,2,8,1008
99,13494864,2,8,1008
100,13494864,2,8,1008
1,12874265,5,8,1008
2,12947495,5,8,1008
3,12947495,5,8,1008
4,13020880,5,8,1008
5,13020880,5,8,1008
6,13020880,5,8,1008
7,13020880,5,8,1008
8,13020880,5,8,1008
9,13020880,5,8,1008
10,13020880,5,8,1008
11,13020880,5,8,1008
12,13058481,5,8,1008
13,13058481,5,8,1008
14,13058481,5,8,1008
15,13058481,5,8,1008
16,13058481,5,8,1008
17,13058481,5,8,1008
18,13058481,5,8,1008
19,13192189,5,8,1008
20,13192189,5,8,1008
21,13192189,5,8,1008
22,13192189,5,8,1008
23,13192189,5,8,1008
24,13192189,5,8,1008
25,13192189,5,8,1008
26,13192189,5,8,1008
27,13192189,5,8,1008
28,13192189,5,8,1008
29,13192189,5,8,1008
30,13192189,5,8,1008
31,13192189,5,8,1008
32,13192189,5,8,1008
33,13192189,5,8,1008
34,13192189,5,8,1008
35,13192189,5,8,1008
36,13397438,5,8,1008
37,13397438,5,8,1008
38,13397438,5,8,1008
39,13494864,5,8,1008
40,13494864,5,8,1008
41,13494864,5,8,1008
42,13494864,5,8,1008
43,13494864,5,8,1008
44,13494864,5,8,1008
45,13494864,5,8,1008
46,13494864,5,8,1008
47,13494864,5,8,1008
48,13494864,5,8,1008
49,13494864,5,8,1008
50,13494864,5,8,1008
51,13494864,5,8,1008
52,13494864,5,8,1008
53,13494864,5,8,1008
54,13494864,5,8,1008
55,13494864,5,8,1008
56,13494864,5,8,1008
57,13494864,5,8,1008
58,13494864,5,8,1008
59,13494864,5,8,1008
60,13494864,5,8,1008
61,13494864,5,8,1008
62,13494864,5,8,1008
63,13494864,5,8,1008
64,13494864,5,8,1008
65,13494864,5,8,1008
66,13494864,5,8,1008
67,13494864,5,8,1008
68,13494864,5,8,1008
69,13494864,5,8,1008
70,13494864,5,8,1008
71,13494864,5,8,1008
72,13494864,5,8,1008
73,13494864,5,8,1008
74,13494864,5,8,1008
75,13494864,5,8,1008
76,13494864,5,8,1008
77,13494864,5,8,1008
78,13494864,5,8,1008
79,13494864,5,8,1008
80,13494864,5,8,1008
81,13494864,5,8,1008
82,13494864,5,8,1008
83,13494864,5,8,1008
84,13494864,5,8,1008
85,13494864,5,8,1008
86,13494864,5,8,1008
87,13494864,5,8,1008
88,13494864,5,8,1008
89,13494864,5,8,1008
90,13494864,5,8,1008
91,13494864,5,8,1008
92,13494864,5,8,1008
93,13494864,5,8,1008
94,13494864,5,8,1008
95,13494864,5,8,1008
96,13494864,5,8,1008
97,13494864,5,8,1008
98,13494864,5,8,1008
99,13494864,5,8,1008
100,13494864,5,8,1008
1,12874265,10,8,1008
2,12947495,10,8,1008
3,12947495,10,8,1008
4,13020880,10,8,1008
5,13020880,10,8,1008
6,13020880,10,8,1008
7,13020880,10,8,1008
8,13020880,10,8,1008
9,13020880,10,8,1008
10,13020880,10,8,1008
11,13020880,10,8,1008
12,13058481,10,8,1008
13,13058481,10,8,1008
14,13058481,10,8,1008
15,13058481,10,8,1008
16,13058481,10,8,1008
17,13058481,10,8,1008
18,13058481,10,8,1008
19,13192189,10,8,1008
20,13192189,10,8,1008
21,13192189,10,8,1008
22,13192189,10,8,1008
23,13192189,10,8,1008
24,13192189,10,8,1008
25,13192189,10,8,1008
26,13192189,10,8,1008
27,13192189,10,8,1008
28,13192189,10,8,1008
29,13192189,10,8,1008
30,13192189,10,8,1008
31,13192189,10,8,1008
32,13192189,10,8,1008
33,13192189,10,8,1008
34,13192189,10,8,1008
35,13192189,10,8,1008
36,13397438,10,8,1008
37,13397438,10,8,1008
38,13397438,10,8,1008
39,13494864,10,8,1008
40,13494864,10,8,1008
41,13494864,10,8,1008
42,13494864,10,8,1008
43,13494864,10,8,1008
44,13494864,10,8,1008
45,13494864,10,8,1008
46,13494864,10,8,1008
47,13494864,10,8,1008
48,13494864,10,8,1008
49,13494864,10,8,1008
50,13494864,10,8,1008
51,13494864,10,8,1008
52,13494864,10,8,1008
53,13494864,10,8,1008
54,13494864,10,8,1008
55,13494864,10,8,1008
56,13494864,10,8,1008
57,13494864,10,8,1008
58,13494864,10,8,1008
59,13494864,10,8,1008
60,13494864,10,8,1008
61,13494864,10,8,1008
62,13494864,10,8,1008
63,13494864,10,8,1008
64,13494864,10,8,1008
65,13494864,10,8,1008
66,13494864,10,8,1008
67,13494864,10,8,1008
68,13494864,10,8,1008
69,13494864,10,8,1008
70,13494864,10,8,1008
71,13494864,10,8,1008
72,13494864,10,8,1008
73,13494864,10,8,1008
74,13494864,10,8,1008
75,13494864,10,8,1008
76,13494864,10,8,1008
77,13494864,10,8,1008
78,13494864,10,8,1008
79,13494864,10,8,1008
80,13494864,10,8,1008
81,13494864,10,8,1008
82,13494864,10,8,1008
83,13494864,10,8,1008
84,13494864,10,8,1008
85,13494864,10,8,1008
86,13494864,10,8,1008
87,13494864,10,8,1008
88,13494864,10,8,1008
89,13494864,10,8,1008
90,13494864,10,8,1008
91,13494864,10,8,1008
92,13494864,10,8,1008
93,13494864,10,8,1008
94,13494864,10,8,1008
95,13494864,10,8,1008
96,13494864,10,8,1008
97,13494864,10,8,1008
98,13494864,10,8,1008
99,13494864,10,8,1008
100,13494864,10,8,1008
1,12826179,0.1,9,1009
2,12826179,0.1,9,1009
3,12826179,0.1,9,1009
4,12935436,0.1,9,1009
5,12935436,0.1,9,1009
6,12935436,0.1,9,1009
7,12935436,0.1,9,1009
8,12935436,0.1,9,1009
9,13015351,0.1,9,1009
10,13015351,0.1,9,1009
11,13015351,0.1,9,1009
12,13015351,0.1,9,1009
13,13015351,0.1,9,1009
14,13165643,0.1,9,1009
15,13165643,0.1,9,1009
16,13165643,0.1,9,1009
17,13165643,0.1,9,1009
18,13165643,0.1,9,1009
19,13165643,0.1,9,1009
20,13165643,0.1,9,1009
21,13165643,0.1,9,1009
22,13165643,0.1,9,1009
23,13209000,0.1,9,1009
24,13209000,0.1,9,1009
25,13209000,0.1,9,1009
26,13240880,0.1,9,1009
27,13240880,0.1,9,1009
28,13240880,0.1,9,1009
29,13245436,0.1,9,1009
30,13245436,0.1,9,1009
31,13245436,0.1,9,1009
32,13245436,0.1,9,1009
33,13245436,0.1,9,1009
34,13245436,0.1,9,1009
35,13245436,0.1,9,1009
36,13245436,0.1,9,1009
37,13245436,0.1,9,1009
38,13245436,0.1,9,1009
39,13245436,0.1,9,1009
40,13245436,0.1,9,1009
41,13245436,0.1,9,1009
42,13245436,0.1,9,1009
43,13245436,0.1,9,1009
44,13285375,0.1,9,1009
45,13285375,0.1,9,1009
46,13285375,0.1,9,1009
47,13285375,0.1,9,1009
48,13285375,0.1,9,1009
49,13285375,0.1,9,1009
50,13285375,0.1,9,1009
51,13285375,0.1,9,1009
52,13285375,0.1,9,1009
53,13313135,0.1,9,1009
54,13313135,0.1,9,1009
55,13313135,0.1,9,1009
56,13313135,0.1,9,1009
57,13313135,0.1,9,1009
58,13313135,0.1,9,1009
59,13313135,0.1,9,1009
60,13351106,0.1,9,1009
61,13351106,0.1,9,1009
62,13351106,0.1,9,1009
63,13351106,0.1,9,1009
64,13351106,0.1,9,1009
65,13351106,0.1,9,1009
66,13351106,0.1,9,1009
67,13351106,0.1,9,1009
68,13351106,0.1,9,1009
69,13351106,0.1,9,1009
70,13351106,0.1,9,1009
71,13351106,0.1,9,1009
72,13351106,0.1,9,1009
73,13351106,0.1,9,1009
74,13351106,0.1,9,1009
75,13351106,0.1,9,1009
76,13351106,0.1,9,1009
77,13351106,0.1,9,1009
78,13351106,0.1,9,1009
79,13351106,0.1,9,1009
80,13351106,0.1,9,1009
81,13351106,0.1,9,1009
82,13351106,0.1,9,1009
83,13351106,0.1,9,1009
84,13351106,0.1,9,1009
85,13351106,0.1,9,1009
86,13351106,0.1,9,1009
87,13351106,0.1,9,1009
88,13351106,0.1,9,1009
89,13351106,0.1,9,1009
90,13351106,0.1,9,1009
91,13351106,0.1,9,1009
92,13351106,0.1,9,1009
93,13351106,0.1,9,1009
94,13351106,0.1,9,1009
95,13351106,0.1,9,1009
96,13375768,0.1,9,1009
97,13375768,0.1,9,1009
98,13375768,0.1,9,1009
99,13375768,0.1,9,1009
100,13375768,0.1,9,1009
1,12826179,1,9,1009
2,12826179,1,9,1009
3,12826179,1,9,1009
4,12935436,1,9,1009
5,12935436,1,9,1009
6,12935436,1,9,1009
7,12935436,1,9,1009
8,12935436,1,9,1009
9,13015351,1,9,1009
10,13015351,1,9,1009
11,13015351,1,9,1009
12,13015351,1,9,1009
13,13015351,1,9,1009
14,13165643,1,9,1009
15,13165643,1,9,1009
16,13165643,1,9,1009
17,13165643,1,9,1009
18,13165643,1,9,1009
19,13165643,1,9,1009
20,13165643,1,9,1009
21,13165643,1,9,1009
22,13165643,1,9,1009
23,13209000,1,9,1009
24,13209000,1,9,1009
25,13209000,1,9,1009
26,13240880,1,9,1009
27,13240880,1,9,1009
28,13240880,1,9,1009
29,13245436,1,9,1009
30,13245436,1,9,1009
31,13245436,1,9,1009
32,13245436,1,9,1009
33,13245436,1,9,1009
34,13245436,1,9,1009
35,13245436,1,9,1009
36,13245436,1,9,1009
37,13245436,1,9,1009
38,13245436,1,9,1009
39,13245436,1,9,1009
40,13245436,1,9,1009
41,13245436,1,9,1009
42,13245436,1,9,1009
43,13245436,1,9,1009
44,13285375,1,9,1009
45,13285375,1,9,1009
46,13285375,1,9,1009
47,13285375,1,9,1009
48,13285375,1,9,1009
49,13285375,1,9,1009
50,13285375,1,9,1009
51,13285375,1,9,1009
52,13285375,1,9,1009
53,13313135,1,9,1009
54,13313135,1,9,1009
55,13313135,1,9,1009
56,13313135,1,9,1009
57,13313135,1,9,1009
58,13313135,1,9,1009
59,13313135,1,9,1009
60,13351106,1,9,1009
61,13351106,1,9,1009
62,13351106,1,9,1009
63,13351106,1,9,1009
64,13351106,1,9,1009
65,13351106,1,9,1009
66,13351106,1,9,1009
67,13351106,1,9,1009
68,13351106,1,9,1009
69,13351106,1,9,1009
70,13351106,1,9,1009
71,13351106,1,9,1009
72,13351106,1,9,1009
73,13351106,1,9,1009
74,13351106,1,9,1009
75,13351106,1,9,1009
76,13351106,1,9,1009
77,13351106,1,9,1009
78,13351106,1,9,1009
79,13351106,1,9,1009
80,13351106,1,9,1009
81,13351106,1,9,1009
82,13351106,1,9,1009
83,13351106,1,9,1009
84,13351106,1,9,1009
85,13351106,1,9,1009
86,13351106,1,9,1009
87,13351106,1,9,1009
88,13351106,1,9,1009
89,13351106,1,9,1009
90,13351106,1,9,1009
91,13351106,1,9,1009
92,13351106,1,9,1009
93,13351106,1,9,1009
94,13351106,1,9,1009
95,13351106,1,9,1009
96,13375768,1,9,1009
97,13375768,1,9,1009
98,13375768,1,9,1009
99,13375768,1,9,1009
100,13375768,1,9,1009
1,12826179,2,9,1009
2,12826179,2,9,1009
3,12826179,2,9,1009
4,12935436,2,9,1009
5,12935436,2,9,1009
6,12935436,2,9,1009
7,12935436,2,9,1009
8,12935436,2,9,1009
9,13015351,2,9,1009
10,13015351,2,9,1009
11,13015351,2,9,1009
12,13015351,2,9,1009
13,13015351,2,9,1009
14,13165643,2,9,1009
15,13165643,2,9,1009
16,13165643,2,9,1009
17,13165643,2,9,1009
18,13165643,2,9,1009
19,13165643,2,9,1009
20,13165643,2,9,1009
21,13165643,2,9,1009
22,13165643,2,9,1009
23,13209000,2,9,1009
24,13209000,2,9,1009
25,13209000,2,9,1009
26,13240880,2,9,1009
27,13240880,2,9,1009
28,13240880,2,9,1009
29,13245436,2,9,1009
30,13245436,2,9,1009
31,13245436,2,9,1009
32,13245436,2,9,1009
33,13245436,2,9,1009
34,13245436,2,9,1009
35,13245436,2,9,1009
36,13245436,2,9,1009
37,13245436,2,9,1009
38,13245436,2,9,1009
39,13245436,2,9,1009
40,13245436,2,9,1009
41,13245436,2,9,1009
42,13245436,2,9,1009
43,13245436,2,9,1009
44,13285375,2,9,1009
45,13285375,2,9,1009
46,13285375,2,9,1009
47,13285375,2,9,1009
48,13285375,2,9,1009
49,13285375,2,9,1009
50,13285375,2,9,1009
51,13285375,2,9,1009
52,13285375,2,9,1009
53,13313135,2,9,1009
54,13313135,2,9,1009
55,13313135,2,9,1009
56,13313135,2,9,1009
57,13313135,2,9,1009
58,13313135,2,9,1009
59,13313135,2,9,1009
60,13351106,2,9,1009
61,13351106,2,9,1009
62,13351106,2,9,1009
63,13351106,2,9,1009
64,13351106,2,9,1009
65,13351106,2,9,1009
66,13351106,2,9,1009
67,13351106,2,9,1009
68,13351106,2,9,1009
69,13351106,2,9,1009
70,13351106,2,9,1009
71,13351106,2,9,1009
72,13351106,2,9,1009
73,13351106,2,9,1009
74,13351106,2,9,1009
75,13351106,2,9,1009
76,13351106,2,9,1009
77,13351106,2,9,1009
78,13351106,2,9,1009
79,13351106,2,9,1009
80,13351106,2,9,1009
81,13351106,2,9,1009
82,13351106,2,9,1009
83,13351106,2,9,1009
84,13351106,2,9,1009
85,13351106,2,9,1009
86,13351106,2,9,1009
87,13351106,2,9,1009
88,13351106,2,9,1009
89,13351106,2,9,1009
90,13351106,2,9,1009
91,13351106,2,9,1009
92,13351106,2,9,1009
93,13351106,2,9,1009
94,13351106,2,9,1009
95,13351106,2,9,1009
96,13375768,2,9,1009
97,13375768,2,9,1009
98,13375768,2,9,1009
99,13375768,2,9,1009
100,13375768,2,9,1009
1,12826179,5,9,1009
2,12826179,5,9,1009
3,12826179,5,9,1009
4,12935436,5,9,1009
5,12935436,5,9,1009
6,12935436,5,9,1009
7,12935436,5,9,1009
8,12935436,5,9,1009
9,13015351,5,9,1009
10,13015351,5,9,1009
11,13015351,5,9,1009
12,13015351,5,9,1009
13,13015351,5,9,1009
14,13165643,5,9,1009
15,13165643,5,9,1009
16,13165643,5,9,1009
17,13165643,5,9,1009
18,13165643,5,9,1009
19,13165643,5,9,1009
20,13165643,5,9,1009
21,13165643,5,9,1009
22,13165643,5,9,1009
23,13209000,5,9,1009
24,13209000,5,9,1009
25,13209000,5,9,1009
26,13240880,5,9,1009
27,13240880,5,9,1009
28,13240880,5,9,1009
29,13245436,5,9,1009
30,13245436,5,9,1009
31,13245436,5,9,1009
32,13245436,5,9,1009
33,13245436,5,9,1009
34,13245436,5,9,1009
35,13245436,5,9,1009
36,13245436,5,9,1009
37,13245436,5,9,1009
38,13245436,5,9,1009
39,13245436,5,9,1009
40,13245436,5,9,1009
41,13245436,5,9,1009
42,13245436,5,9,1009
43,13245436,5,9,1009
44,13285375,5,9,1009
45,13285375,5,9,1009
46,13285375,5,9,1009
47,13285375,5,9,1009
48,13285375,5,9,1009
49,13285375,5,9,1009
50,13285375,5,9,1009
51,13285375,5,9,1009
52,13285375,5,9,1009
53,13313135,5,9,1009
54,13313135,5,9,1009
55,13313135,5,9,1009
56,13313135,5,9,1009
57,13313135,5,9,1009
58,13313135,5,9,1009
59,13313135,5,9,1009
60,13351106,5,9,1009
61,13351106,5,9,1009
62,13351106,5,9,1009
63,13351106,5,9,1009
64,13351106,5,9,1009
65,13351106,5,9,1009
66,13351106,5,9,1009
67,13351106,5,9,1009
68,13351106,5,9,1009
69,13351106,5,9,1009
70,13351106,5,9,1009
71,13351106,5,9,1009
72,13351106,5,9,1009
73,13351106,5,9,1009
74,13351106,5,9,1009
75,13351106,5,9,1009
76,13351106,5,9,1009
77,13351106,5,9,1009
78,13351106,5,9,1009
79,13351106,5,9,1009
80,13351106,5,9,1009
81,13351106,5,9,1009
82,13351106,5,9,1009
83,13351106,5,9,1009
84,13351106,5,9,1009
85,13351106,5,9,1009
86,13351106,5,9,1009
87,13351106,5,9,1009
88,13351106,5,9,1009
89,13351106,5,9,1009
90,13351106,5,9,1009
91,13351106,5,9,1009
92,13351106,5,9,1009
93,13351106,5,9,1009
94,13351106,5,9,1009
95,13351106,5,9,1009
96,13375768,5,9,1009
97,13375768,5,9,1009
98,13375768,5,9,1009
99,13375768,5,9,1009
100,13375768,5,9,1009
1,12826179,10,9,1009
2,12826179,10,9,1009
3,12826179,10,9,1009
4,12935436,10,9,1009
5,12935436,10,9,1009
6,12935436,10,9,1009
7,12935436,10,9,1009
8,12935436,10,9,1009
9,13015351,10,9,1009
10,13015351,10,9,1009
11,13015351,10,9,1009
12,13015351,10,9,1009
13,13015351,10,9,1009
14,13165643,10,9,1009
15,13165643,10,9,1009
16,13165643,10,9,1009
17,13165643,10,9,1009
18,13165643,10,9,1009
19,13165643,10,9,1009
20,13165643,10,9,1009
21,13165643,10,9,1009
22,13165643,10,9,1009
23,13209000,10,9,1009
24,13209000,10,9,1009
25,13209000,10,9,1009
26,13240880,10,9,1009
27,13240880,10,9,1009
28,13240880,10,9,1009
29,13245436,10,9,1009
30,13245436,10,9,1009
31,13245436,10,9,1009
32,13245436,10,9,1009
33,13245436,10,9,1009
34,13245436,10,9,1009
35,13245436,10,9,1009
36,13245436,10,9,1009
37,13245436,10,9,1009
38,13245436,10,9,1009
39,13245436,10,9,1009
40,13245436,10,9,1009
41,13245436,10,9,1009
42,13245436,10,9,1009
43,13245436,10,9,1009
44,13285375,10,9,1009
45,13285375,10,9,1009
46,13285375,10,9,1009
47,13285375,10,9,1009
48,13285375,10,9,1009
49,13285375,10,9,1009
50,13285375,10,9,1009
51,13285375,10,9,1009
52,13285375,10,9,1009
53,13313135,10,9,1009
54,13313135,10,9,1009
55,13313135,10,9,1009
56,13313135,10,9,1009
57,13313135,10,9,1009
58,13313135,10,9,1009
59,13313135,10,9,1009
60,13351106,10,9,1009
61,13351106,10,9,1009
62,13351106,10,9,1009
63,13351106,10,9,1009
64,13351106,10,9,1009
65,13351106,10,9,1009
66,13351106,10,9,1009
67,13351106,10,9,1009
68,13351106,10,9,1009
69,13351106,10,9,1009
70,13351106,10,9,1009
71,13351106,10,9,1009
72,13351106,10,9,1009
73,13351106,10,9,1009
74,13351106,10,9,1009
75,13351106,10,9,1009
76,13351106,10,9,1009
77,13351106,10,9,1009
78,13351106,10,9,1009
79,13351106,10,9,1009
80,13351106,10,9,1009
81,13351106,10,9,1009
82,13351106,10,9,1009
83,13351106,10,9,1009
84,13351106,10,9,1009
85,13351106,10,9,1009
86,13351106,10,9,1009
87,13351106,10,9,1009
88,13351106,10,9,1009
89,13351106,10,9,1009
90,13351106,10,9,1009
91,13351106,10,9,1009
92,13351106,10,9,1009
93,13351106,10,9,1009
94,13351106,10,9,1009
95,13351106,10,9,1009
96,13375768,10,9,1009
97,13375768,10,9,1009
98,13375768,10,9,1009
99,13375768,10,9,1009
100,13375768,10,9,1009
1,13001437,0.1,10,1010
2,13001437,0.1,10,1010
3,13001437,0.1,10,1010
4,13112423,0.1,10,1010
5,13112423,0.1,10,1010
6,13112423,0.1,10,1010
7,13112423,0.1,10,1010
8,13112423,0.1,10,1010
9,13112423,0.1,10,1010
10,13112423,0.1,10,1010
11,13112423,0.1,10,1010
12,13112423,0.1,10,1010
13,13112423,0.1,10,1010
14,13112423,0.1,10,1010
15,13112423,0.1,10,1010
16,13112423,0.1,10,1010
17,13112423,0.1,10,1010
18,13112423,0.1,10,1010
19,13112423,0.1,10,1010
20,13112423,0.1,10,1010
21,13112423,0.1,10,1010
22,13112423,0.1,10,1010
23,13112423,0.1,10,1010
24,13112423,0.1,10,1010
25,13112423,0.1,10,1010
26,13112423,0.1,10,1010
27,13231651,0.1,10,1010
28,13231651,0.1,10,1010
29,13231651,0.1,10,1010
30,13231651,0.1,10,1010
31,13231651,0.1,10,1010
32,13231651,0.1,10,1010
33,13231651,0.1,10,1010
34,13231651,0.1,10,1010
35,13231651,0.1,10,1010
36,13231651,0.1,10,1010
37,13231651,0.1,10,1010
38,13231651,0.1,10,1010
39,13231651,0.1,10,1010
40,13231651,0.1,10,1010
41,13231651,0.1,10,1010
42,13231651,0.1,10,1010
43,13231651,0.1,10,1010
44,13298855,0.1,10,1010
45,13298855,0.1,10,1010
46,13298855,0.1,10,1010
47,13298855,0.1,10,1010
48,13298855,0.1,10,1010
49,13298855,0.1,10,1010
50,13298855,0.1,10,1010
51,13298855,0.1,10,1010
52,13298855,0.1,10,1010
53,13298855,0.1,10,1010
54,13298855,0.1,10,1010
55,13298855,0.1,10,1010
56,13298855,0.1,10,1010
57,13298855,0.1,10,1010
58,13298855,0.1,10,1010
59,13298855,0.1,10,1010
60,13298855,0.1,10,1010
61,13298855,0.1,10,1010
62,13298855,0.1,10,1010
63,13298855,0.1,10,1010
64,13368521,0.1,10,1010
65,13368521,0.1,10,1010
66,13368521,0.1,10,1010
67,13368521,0.1,10,1010
68,13368521,0.1,10,1010
69,13368521,0.1,10,1010
70,13368521,0.1,10,1010
71,13368521,0.1,10,1010
72,13368521,0.1,10,1010
73,13368521,0.1,10,1010
74,13368521,0.1,10,1010
75,13368521,0.1,10,1010
76,13368521,0.1,10,1010
77,13368521,0.1,10,1010
78,13368521,0.1,10,1010
79,13368521,0.1,10,1010
80,13368521,0.1,10,1010
81,13368521,0.1,10,1010
82,13368521,0.1,10,1010
83,13368521,0.1,10,1010
84,13368521,0.1,10,1010
85,13368521,0.1,10,1010
86,13368521,0.1,10,1010
87,13368521,0.1,10,1010
88,13368521,0.1,10,1010
89,13368521,0.1,10,1010
90,13368521,0.1,10,1010
91,13368521,0.1,10,1010
92,13368521,0.1,10,1010
93,13368521,0.1,10,1010
94,13368521,0.1,10,1010
95,13368521,0.1,10,1010
96,13368521,0.1,10,1010
97,13368521,0.1,10,1010
98,13368521,0.1,10,1010
99,13368521,0.1,10,1010
100,13368521,0.1,10,1010
1,13001437,1,10,1010
2,13001437,1,10,1010
3,13001437,1,10,1010
4,13112423,1,10,1010
5,13112423,1,10,1010
6,13112423,1,10,1010
7,13112423,1,10,1010
8,13112423,1,10,1010
9,13112423,1,10,1010
10,13112423,1,10,1010
11,13112423,1,10,1010
12,13112423,1,10,1010
13,13112423,1,10,1010
14,13112423,1,10,1010
15,13112423,1,10,1010
16,13112423,1,10,1010
17,13112423,1,10,1010
18,13112423,1,10,1010
19,13112423,1,10,1010
20,13112423,1,10,1010
21,13112423,1,10,1010
22,13112423,1,10,1010
23,13112423,1,10,1010
24,13112423,1,10,1010
25,13112423,1,10,1010
26,13112423,1,10,1010
27,13231651,1,10,1010
28,13231651,1,10,1010
29,13231651,1,10,1010
30,13231651,1,10,1010
31,13231651,1,10,1010
32,13231651,1,10,1010
33,13231651,1,10,1010
34,13231651,1,10,1010
35,13231651,1,10,1010
36,13231651,1,10,1010
37,13231651,1,10,1010
38,13231651,1,10,1010
39,13231651,1,10,1010
40,13231651,1,10,1010
41,13231651,1,10,1010
42,13231651,1,10,1010
43,13231651,1,10,1010
44,13298855,1,10,1010
45,13298855,1,10,1010
46,13298855,1,10,1010
47,13298855,1,10,1010
48,13298855,1,10,1010
49,13298855,1,10,1010
50,13298855,1,10,1010
51,13298855,1,10,1010
52,13298855,1,10,1010
53,13298855,1,10,1010
54,13298855,1,10,1010
55,13298855,1,10,1010
56,13298855,1,10,1010
57,13298855,1,10,1010
58,13298855,1,10,1010
59,13298855,1,10,1010
60,13298855,1,10,1010
61,13298855,1,10,1010
62,13298855,1,10,1010
63,13298855,1,10,1010
64,13368521,1,10,1010
65,13368521,1,10,1010
66,13368521,1,10,1010
67,13368521,1,10,1010
68,13368521,1,10,1010
69,13368521,1,10,1010
70,13368521,1,10,1010
71,13368521,1,10,1010
72,13368521,1,10,1010
73,13368521,1,10,1010
74,13368521,1,10,1010
75,13368521,1,10,1010
76,13368521,1,10,1010
77,13368521,1,10,1010
78,13368521,1,10,1010
79,13368521,1,10,1010
80,13368521,1,10,1010
81,13368521,1,10,1010
82,13368521,1,10,1010
83,13368521,1,10,1010
84,13368521,1,10,1010
85,13368521,1,10,1010
86,13368521,1,10,1010
87,13368521,1,10,1010
88,13368521,1,10,1010
89,13368521,1,10,1010
90,13368521,1,10,1010
91,13368521,1,10,1010
92,13368521,1,10,1010
93,13368521,1,10,1010
94,13368521,1,10,1010
95,13368521,1,10,1010
96,13368521,1,10,1010
97,13368521,1,10,1010
98,13368521,1,10,1010
99,13368521,1,10,1010
100,13368521,1,10,1010
1,13001437,2,10,1010
2,13001437,2,10,1010
3,13001437,2,10,1010
4,13112423,2,10,1010
5,13112423,2,10,1010
6,13112423,2,10,1010
7,13112423,2,10,1010
8,13112423,2,10,1010
9,13112423,2,10,1010
10,13112423,2,10,1010
11,13112423,2,10,1010
12,13112423,2,10,1010
13,13112423,2,10,1010
14,13112423,2,10,1010
15,13112423,2,10,1010
16,13112423,2,10,1010
17,13112423,2,10,1010
18,13112423,2,10,1010
19,13112423,2,10,1010
20,13112423,2,10,1010
21,13112423,2,10,1010
22,13112423,2,10,1010
23,13112423,2,10,1010
24,13112423,2,10,1010
25,13112423,2,10,1010
26,13112423,2,10,1010
27,13231651,2,10,1010
28,13231651,2,10,1010
29,13231651,2,10,1010
30,13231651,2,10,1010
31,13231651,2,10,1010
32,13231651,2,10,1010
33,13231651,2,10,1010
34,13231651,2,10,1010
35,13231651,2,10,1010
36,13231651,2,10,1010
37,13231651,2,10,1010
38,13231651,2,10,1010
39,13231651,2,10,1010
40,13231651,2,10,1010
41,13231651,2,10,1010
42,13231651,2,10,1010
43,13231651,2,10,1010
44,13298855,2,10,1010
45,13298855,2,10,1010
46,13298855,2,10,1010
47,13298855,2,10,1010
48,13298855,2,10,1010
49,13298855,2,10,1010
50,13298855,2,10,1010
51,13298855,2,10,1010
52,13298855,2,10,1010
53,13298855,2,10,1010
54,13298855,2,10,1010
55,13298855,2,10,1010
56,13298855,2,10,1010
57,13298855,2,10,1010
58,13298855,2,10,1010
59,13298855,2,10,1010
60,13298855,2,10,1010
61,13298855,2,10,1010
62,13298855,2,10,1010
63,13298855,2,10,1010
64,13368521,2,10,1010
65,13368521,2,10,1010
66,13368521,2,10,1010
67,13368521,2,10,1010
68,13368521,2,10,1010
69,13368521,2,10,1010
70,13368521,2,10,1010
71,13368521,2,10,1010
72,13368521,2,10,1010
73,13368521,2,10,1010
74,13368521,2,10,1010
75,13368521,2,10,1010
76,13368521,2,10,1010
77,13368521,2,10,1010
78,13368521,2,10,1010
79,13368521,2,10,1010
80,13368521,2,10,1010
81,13368521,2,10,1010
82,13368521,2,10,1010
83,13368521,2,10,1010
84,13368521,2,10,1010
85,13368521,2,10,1010
86,13368521,2,10,1010
87,13368521,2,10,1010
88,13368521,2,10,1010
89,13368521,2,10,1010
90,13368521,2,10,1010
91,13368521,2,10,1010
92,13368521,2,10,1010
93,13368521,2,10,1010
94,13368521,2,10,1010
95,13368521,2,10,1010
96,13368521,2,10,1010
97,13368521,2,10,1010
98,13368521,2,10,1010
99,13368521,2,10,1010
100,13368521,2,10,1010
1,13001437,5,10,1010
2,13001437,5,10,1010
3,13001437,5,10,1010
4,13112423,5,10,1010
5,13112423,5,10,1010
6,13112423,5,10,1010
7,13112423,5,10,1010
8,13112423,5,10,1010
9,13112423,5,10,1010
10,13112423,5,10,1010
11,13112423,5,10,1010
12,13112423,5,10,1010
13,13112423,5,10,1010
14,13112423,5,10,1010
15,13112423,5,10,1010
16,13112423,5,10,1010
17,13112423,5,10,1010
18,13112423,5,10,1010
19,13112423,5,10,1010
20,13112423,5,10,1010
21,13112423,5,10,1010
22,13112423,5,10,1010
23,13112423,5,10,1010
24,13112423,5,10,1010
25,13112423,5,10,1010
26,13112423,5,10,1010
27,13231651,5,10,1010
28,13231651,5,10,1010
29,13231651,5,10,1010
30,13231651,5,10,1010
31,13231651,5,10,1010
32,13231651,5,10,1010
33,13231651,5,10,1010
34,13231651,5,10,1010
35,13231651,5,10,1010
36,13231651,5,10,1010
37,13231651,5,10,1010
38,13231651,5,10,1010
39,13231651,5,10,1010
40,13231651,5,10,1010
41,13231651,5,10,1010
42,13231651,5,10,1010
43,13231651,5,10,1010
44,13298855,5,10,1010
45,13298855,5,10,1010
46,13298855,5,10,1010
47,13298855,5,10,1010
48,13298855,5,10,1010
49,13298855,5,10,1010
50,13298855,5,10,1010
51,13298855,5,10,1010
52,13298855,5,10,1010
53,13298855,5,10,1010
54,13298855,5,10,1010
55,13298855,5,10,1010
56,13298855,5,10,1010
57,13298855,5,10,1010
58,13298855,5,10,1010
59,13298855,5,10,1010
60,13298855,5,10,1010
61,13298855,5,10,1010
62,13298855,5,10,1010
63,13298855,5,10,1010
64,13368521,5,10,1010
65,13368521,5,10,1010
66,13368521,5,10,1010
67,13368521,5,10,1010
68,13368521,5,10,1010
69,13368521,5,10,1010
70,13368521,5,10,1010
71,13368521,5,10,1010
72,13368521,5,10,1010
73,13368521,5,10,1010
74,13368521,5,10,1010
75,13368521,5,10,1010
76,13368521,5,10,1010
77,13368521,5,10,1010
78,13368521,5,10,1010
79,13368521,5,10,1010
80,13368521,5,10,1010
81,13368521,5,10,1010
82,13368521,5,10,1010
83,13368521,5,10,1010
84,13368521,5,10,1010
85,13368521,5,10,1010
86,13368521,5,10,1010
87,13368521,5,10,1010
88,13368521,5,10,1010
89,13368521,5,10,1010
90,13368521,5,10,1010
91,13368521,5,10,1010
92,13368521,5,10,1010
93,13368521,5,10,1010
94,13368521,5,10,1010
95,13368521,5,10,1010
96,13368521,5,10,1010
97,13368521,5,10,1010
98,13368521,5,10,1010
99,13368521,5,10,1010
100,13368521,5,10,1010
1,13001437,10,10,1010
2,13001437,10,10,1010
3,13001437,10,10,1010
4,13112423,10,10,1010
5,13112423,10,10,1010
6,13112423,10,10,1010
7,13112423,10,10,1010
8,13112423,10,10,1010
9,13112423,10,10,1010
10,13112423,10,10,1010
11,13112423,10,10,1010
12,13112423,10,10,1010
13,13112423,10,10,1010
14,13112423,10,10,1010
15,13112423,10,10,1010
16,13112423,10,10,1010
17,13112423,10,10,1010
18,13112423,10,10,1010
19,13112423,10,10,1010
20,13112423,10,10,1010
21,13112423,10,10,1010
22,13112423,10,10,1010
23,13112423,10,10,1010
24,13112423,10,10,1010
25,13112423,10,10,1010
26,13112423,10,10,1010
27,13231651,10,10,1010
28,13231651,10,10,1010
29,13231651,10,10,1010
30,13231651,10,10,1010
31,13231651,10,10,1010
32,13231651,10,10,1010
33,13231651,10,10,1010
34,13231651,10,10,1010
35,13231651,10,10,1010
36,13231651,10,10,1010
37,13231651,10,10,1010
38,13231651,10,10,1010
39,13231651,10,10,1010
40,13231651,10,10,1010
41,13231651,10,10,1010
42,13231651,10,10,1010
43,13231651,10,10,1010
44,13298855,10,10,1010
45,13298855,10,10,1010
46,13298855,10,10,1010
47,13298855,10,10,1010
48,13298855,10,10,1010
49,13298855,10,10,1010
50,13298855,10,10,1010
51,13298855,10,10,1010
52,13298855,10,10,1010
53,13298855,10,10,1010
54,13298855,10,10,1010
55,13298855,10,10,1010
56,13298855,10,10,1010
57,13298855,10,10,1010
58,13298855,10,10,1010
59,13298855,10,10,1010
60,13298855,10,10,1010
61,13298855,10,10,1010
62,13298855,10,10,1010
63,13298855,10,10,1010
64,13368521,10,10,1010
65,13368521,10,10,1010
66,13368521,10,10,1010
67,13368521,10,10,1010
68,13368521,10,10,1010
69,13368521,10,10,1010
70,13368521,10,10,1010
71,13368521,10,10,1010
72,13368521,10,10,1010
73,13368521,10,10,1010
74,13368521,10,10,1010
75,13368521,10,10,1010
76,13368521,10,10,1010
77,13368521,10,10,1010
78,13368521,10,10,1010
79,13368521,10,10,1010
80,13368521,10,10,1010
81,13368521,10,10,1010
82,13368521,10,10,1010
83,13368521,10,10,1010
84,13368521,10,10,1010
85,13368521,10,10,1010
86,13368521,10,10,1010
87,13368521,10,10,1010
88,13368521,10,10,1010
89,13368521,10,10,1010
90,13368521,10,10,1010
91,13368521,10,10,1010
92,13368521,10,10,1010
93,13368521,10,10,1010
94,13368521,10,10,1010
95,13368521,10,10,1010
96,13368521,10,10,1010
97,13368521,10,10,1010
98,13368521,10,10,1010
99,13368521,10,10,1010
100,13368521,10,10,1010
